title,year,cover_date,journal,authors,doi,eid,scopus_id,citedby_count,subtype,description
Study of Cerebellar Network Dynamics in Patients with Poststroke Aphasia Based on Resting-State Functional MRI,2026,2026-04-01,American Journal of Neuroradiology,Chen L.,10.3174/ajnr.A9030,2-s2.0-105035000440,SCOPUS_ID:105035000440,1,Article,
MRI on a Budget: Leveraging Low- and Ultra-Low-Intensity Technology in Africa,2026,2026-04-01,American Journal of Neuroradiology,Ussi K.K.,10.3174/ajnr.A9014,2-s2.0-105034997045,SCOPUS_ID:105034997045,0,Article,
Comprehensive Review of the Imaging of Adult Facial Nerve Reanimation,2026,2026-04-01,American Journal of Neuroradiology,Loftus J.R.,10.3174/ajnr.A9073,2-s2.0-105035016711,SCOPUS_ID:105035016711,0,Review,
18F-FDG PET/MR–Based Individual Metabolic Network Analysis for Prognosis Assessment in Temporal and Extratemporal Lobe Refractory Epilepsy,2026,2026-04-01,American Journal of Neuroradiology,Zhang S.,10.3174/ajnr.A9027,2-s2.0-105034990671,SCOPUS_ID:105034990671,0,Article,
Glymphatic Dysfunction Associated with Cognitive Impairment in Patients with Unilateral Intracranial Atherosclerotic Stenosis,2026,2026-04-01,American Journal of Neuroradiology,Ke H.,10.3174/ajnr.A9033,2-s2.0-105035006092,SCOPUS_ID:105035006092,1,Article,
CT Radiomic Features Are Associated with DNA Copy Number Alterations of Head and Neck Squamous Cell Carcinomas,2026,2026-04-01,American Journal of Neuroradiology,Haider S.P.,10.3174/ajnr.A9029,2-s2.0-105035001362,SCOPUS_ID:105035001362,0,Article,
Glioneuronal and Neuronal Tumors in Adults: World Health Organization 2021 Imaging and Molecular Updates,2026,2026-04-01,American Journal of Neuroradiology,Warstadt M.B.,10.3174/ajnr.A9102,2-s2.0-105035009506,SCOPUS_ID:105035009506,0,Review,
Predicting Vasospasm and Delayed Cerebral Ischemia in Aneurysmal SAH: The Role of Vessel Wall MRI,2026,2026-04-01,American Journal of Neuroradiology,Aksakal M.,10.3174/ajnr.A9024,2-s2.0-105035019400,SCOPUS_ID:105035019400,0,Article,
Reduced Frontal White Matter Hyperintensities in Superagers: Evidence of Resistance to Age-Related Structural Brain Changes,2026,2026-04-01,American Journal of Neuroradiology,de Godoy L.L.,10.3174/ajnr.A9084,2-s2.0-105034956608,SCOPUS_ID:105034956608,0,Article,
Functional Connectivity Alterations in Benign Paroxysmal Positional Vertigo: Insights from Brain Resting-State Networks,2026,2026-04-01,American Journal of Neuroradiology,Yang K.,10.3174/ajnr.A9048,2-s2.0-105035018056,SCOPUS_ID:105035018056,0,Article,
"Temporal Characteristics of Type 2 Lateral Spinal CSF Leaks on Digital Subtraction Myelography: Fast, Medium, or Slow Leaks?",2026,2026-04-01,American Journal of Neuroradiology,Lützen N.,10.3174/ajnr.A9040,2-s2.0-105035009401,SCOPUS_ID:105035009401,1,Article,
Multimodal CT Perfusion–Based Deep Learning for Predicting Stroke Lesion Outcomes in Complete and No Recanalization Scenarios,2026,2026-04-01,American Journal of Neuroradiology,Yang H.,10.3174/ajnr.A9016,2-s2.0-105034989181,SCOPUS_ID:105034989181,0,Article,
Mapping Brain Metabolites in Tuberous Sclerosis Complex: A 3T MR Spectroscopic Imaging Study,2026,2026-04-01,American Journal of Neuroradiology,Senapati D.K.,10.3174/ajnr.A9088,2-s2.0-105034959166,SCOPUS_ID:105034959166,0,Article,
Reliability of Pseudocontinuous Arterial Spin-Labeling in Ischemic Stroke and Comparison with Other Perfusion Techniques: Systematic Review and Meta-Analysis,2026,2026-04-01,American Journal of Neuroradiology,Kroth J.B.,10.3174/ajnr.A9031,2-s2.0-105034983727,SCOPUS_ID:105034983727,0,Article,
Hemodynamic Assessment of Intracranial Atherosclerotic Stenosis Using Angiographic Images: Correlation with In-Stent Restenosis,2026,2026-04-01,American Journal of Neuroradiology,Wang L.,10.3174/ajnr.A9050,2-s2.0-105034992128,SCOPUS_ID:105034992128,0,Article,
Feasibility of MR-Guided PET Reconstruction in Detection of Focal Cortical Dysplasia,2026,2026-04-01,American Journal of Neuroradiology,Middlebrooks E.H.,10.3174/ajnr.A9023,2-s2.0-105035015030,SCOPUS_ID:105035015030,0,Article,
Spine MRI Diverticular Patterns Predict CSF-Venous Fistula Location: A 100-Patient Study,2026,2026-04-01,American Journal of Neuroradiology,Mamlouk M.D.,10.3174/ajnr.A9042,2-s2.0-105035016884,SCOPUS_ID:105035016884,2,Article,
Longitudinal Analysis of Location- and Growth-Associated Hemodynamics in Matched Paraclinoid Aneurysms,2026,2026-04-01,American Journal of Neuroradiology,Chien A.,10.3174/ajnr.A9125,2-s2.0-105034987542,SCOPUS_ID:105034987542,0,Article,
"Neuroimaging Findings and Treatment Update for Neuroinflammation, Autoinflammation, Splenomegaly, and Anemia, a Novel Autoinflammatory Disorder Caused by Bi-Allelic Variants in IRAK4",2026,2026-04-01,American Journal of Neuroradiology,Price-Kuehne F.,10.3174/ajnr.A9076,2-s2.0-105034957248,SCOPUS_ID:105034957248,0,Article,
Prediction Models of IDH and ATRX Gene Status in Diffuse Gliomas Based on Visually Accessible Rembrandt Images Features,2026,2026-04-01,American Journal of Neuroradiology,Li Y.,10.3174/ajnr.A9049,2-s2.0-105035026742,SCOPUS_ID:105035026742,0,Article,
Comparative Analysis of Middle Ear Prostheses Using Photon-Counting Detector CT versus Conventional CT,2026,2026-04-01,American Journal of Neuroradiology,Dutta A.,10.3174/ajnr.A9075,2-s2.0-105034955356,SCOPUS_ID:105034955356,0,Article,
Surgical Exploration of Radiographically Resolved Spontaneous Ventral Spinal CSF Leaks,2026,2026-04-01,American Journal of Neuroradiology,Schievink W.I.,10.3174/ajnr.A9085,2-s2.0-105034959628,SCOPUS_ID:105034959628,0,Article,
Delphi Consensus on Early Neurologic Improvement after Mechanical Thrombectomy,2026,2026-04-01,American Journal of Neuroradiology,Bilgin C.,10.3174/ajnr.A9164,2-s2.0-105034953660,SCOPUS_ID:105034953660,0,Article,
Fluid-Attenuated Inversion Recovery Correlates with Stroke Onset in Childhood Arterial Ischemic Stroke,2026,2026-04-01,American Journal of Neuroradiology,Amlie-Lefond C.,10.3174/ajnr.A9082,2-s2.0-105034961086,SCOPUS_ID:105034961086,0,Article,
CT-Based Timeline for Closure of Sphenoid Body Synchondroses and Foramina in Children,2026,2026-04-01,American Journal of Neuroradiology,Cerron-Vela C.R.,10.3174/ajnr.A9021,2-s2.0-105035023663,SCOPUS_ID:105035023663,0,Article,
Fluid-Attenuated Inversion Recovery Correlates with Stroke Onset in Childhood Arterial Ischemic Stroke,2026,2026-04-01,American Journal of Neuroradiology,Amlie-Lefond C.,10.3174/ajnr.A9082,2-s2.0-105034961086,SCOPUS_ID:105034961086,0,Article,
Neuroradiology Publication Metrics by Rank: Current Status,2026,2026-04-01,American Journal of Neuroradiology,Beauchamp N.J.,10.3174/ajnr.A9068,2-s2.0-105035024336,SCOPUS_ID:105035024336,3,Article,
Circumferential Epidural Patch for Postdural Puncture Headache: A Technical Report,2026,2026-04-01,American Journal of Neuroradiology,Christensen S.,10.3174/ajnr.A9038,2-s2.0-105035005038,SCOPUS_ID:105035005038,0,Article,
Locating Spinal Leaks in Spontaneous Intracranial Hypotension: How Many Dynamic Myelographies Does It Take?,2026,2026-04-01,American Journal of Neuroradiology,Rajbhandari S.,10.3174/ajnr.A9032,2-s2.0-105035025786,SCOPUS_ID:105035025786,0,Article,
Clinical Evaluation of Scout Accelerated Motion Estimation and Reduction (SAMER) Motion-Corrected 2D T2-Weighted TSE 3T Brain MRI in the Neurologic Intensive Care Unit,2026,2026-04-01,American Journal of Neuroradiology,Hajati A.,10.3174/ajnr.A9089,2-s2.0-105034956686,SCOPUS_ID:105034956686,0,Article,
ACR–ASNR–SPR Practice Parameter for the Performance of Computed Tomography (CT) of the Head,2026,2026-04-01,American Journal of Neuroradiology,Ho M.L.,10.3174/ajnr.A9106,2-s2.0-105034977909,SCOPUS_ID:105034977909,0,Article,
Intracranial Changes after Fetal Spina Bifida Repair by 2D and 3D Slice-to-Volume MRI Reconstruction: Implications for the Etiology of Hydrocephalus,2026,2026-04-01,American Journal of Neuroradiology,Van den Eede E.,10.3174/ajnr.A9083,2-s2.0-105034953492,SCOPUS_ID:105034953492,0,Article,
Photon-Counting CT for Evaluation of Coiled Intracranial Aneurysms,2026,2026-04-01,American Journal of Neuroradiology,Grory B.M.,10.3174/ajnr.A9015,2-s2.0-105035000423,SCOPUS_ID:105035000423,0,Article,
Disparities in Access to Specialized Care for Spontaneous Intracranial Hypotension: A Comparative Cohort Study,2026,2026-04-01,American Journal of Neuroradiology,Puello M.,10.3174/ajnr.A9036,2-s2.0-105034989720,SCOPUS_ID:105034989720,0,Article,
Patient-Reported Symptom Relief from Percutaneous Benign Thyroid Nodule Radiofrequency Ablation in Routine Clinical Care,2026,2026-04-01,American Journal of Neuroradiology,Mai M.,10.3174/ajnr.A9022,2-s2.0-105034996534,SCOPUS_ID:105034996534,0,Article,
Patterns of MRI Brain Injury in Children after Out-of-Hospital Cardiac Arrest,2026,2026-04-01,American Journal of Neuroradiology,Shih J.J.,10.3174/ajnr.A9057,2-s2.0-105035027088,SCOPUS_ID:105035027088,0,Article,
Microcatheter Intrathecal Selective Myelography for Intraprocedural CSF-Venous Fistula Evaluation Pre- and Postembolization,2026,2026-04-01,American Journal of Neuroradiology,Hutchins T.A.,10.3174/ajnr.A9041,2-s2.0-105034996928,SCOPUS_ID:105034996928,0,Article,
Flow Diversion versus Coiling with or without Stenting for Unruptured Wide-Neck Intracranial Aneurysms: A Randomized Comparison,2026,2026-04-01,American Journal of Neuroradiology,Boisseau W.,10.3174/ajnr.A9044,2-s2.0-105035033434,SCOPUS_ID:105035033434,1,Article,
Under Pressure: Advancing the Diagnosis of Pediatric CSF Leaks with Digital Subtraction Myelography,2026,2026-04-01,American Journal of Neuroradiology,Garcia C.M.,10.3174/ajnr.A9091,2-s2.0-105034956932,SCOPUS_ID:105034956932,0,Article,
CSF-Venous Fistulas Occurring in First-Degree Relatives: A Multicenter Case Series,2026,2026-04-01,American Journal of Neuroradiology,Madhavan A.A.,10.3174/ajnr.A9039,2-s2.0-105034997682,SCOPUS_ID:105034997682,1,Article,
ACR TI-RADS Risk Score Escalation Observed in Benign Thyroid Nodules following Radiofrequency Ablation,2026,2026-04-01,American Journal of Neuroradiology,Battiola T.J.,10.3174/ajnr.A9028,2-s2.0-105035021456,SCOPUS_ID:105035021456,0,Article,
Cerebellar Subpial Hemorrhage–An Underestimated Location of Fetal Intracranial Hemorrhage,2026,2026-03-01,American Journal of Neuroradiology,Haboosheh A.,10.3174/ajnr.A9019,2-s2.0-105032166197,SCOPUS_ID:105032166197,1,Article,
Three-Dimensional Quantitative Color-Coding Analysis in Predicting the Outcome of Flow Diverter Treatment for Large or Giant ICA Aneurysms in the Cavernous Portion,2026,2026-03-01,American Journal of Neuroradiology,Arimura K.,10.3174/ajnr.A9051,2-s2.0-105032104491,SCOPUS_ID:105032104491,0,Article,
Prediction of CSF Intervention in Fetal Ventriculomegaly via Artificial Intelligence–Powered Normative Modeling,2026,2026-03-01,American Journal of Neuroradiology,Zhou M.,10.3174/ajnr.A9000,2-s2.0-105032127514,SCOPUS_ID:105032127514,0,Article,
Spinal CSF Volumetry in Patients with Spontaneous Intracranial Hypotension and Spinal CSF Leaks,2026,2026-03-01,American Journal of Neuroradiology,Piechowiak E.I.,10.3174/ajnr.A9055,2-s2.0-105032140454,SCOPUS_ID:105032140454,0,Article,
Understanding the Therapeutic Impact of Disease-Modifying Therapies or No Treatment on Enlarging T1-Weighted Hypointense Lesions and Total T1-Weighted Hypointense Lesion Volume in MS,2026,2026-03-01,American Journal of Neuroradiology,Okuda D.T.,10.3174/ajnr.A8994,2-s2.0-105032163640,SCOPUS_ID:105032163640,0,Article,
An Emerging Pediatric CNS Tumor: Imaging Evaluation of H3K27M and BRAF V600E Comutated Midline Tumors,2026,2026-03-01,American Journal of Neuroradiology,Rameh V.,10.3174/ajnr.A9006,2-s2.0-105032152604,SCOPUS_ID:105032152604,0,Article,
"Low-Level Light Therapy Effect on Metabolites Measured by MR Spectroscopy in Patients with Moderate Traumatic Brain Injury: A Double-Blind, Randomized, Placebo-Controlled Clinical Trial",2026,2026-03-01,American Journal of Neuroradiology,Ratai E.M.,10.3174/ajnr.A8996,2-s2.0-105032166597,SCOPUS_ID:105032166597,0,Article,
ACR–ASNR–SPR Practice Parameter for the Performance of Computed Tomography Angiography (CTA) of the Head and Neck,2026,2026-03-01,American Journal of Neuroradiology,Joyner D.A.,10.3174/ajnr.A9107,2-s2.0-105032152055,SCOPUS_ID:105032152055,0,Article,
CTP-Free Method for Automated Lesion Water Uptake in Acute Ischemic Stroke,2026,2026-03-01,American Journal of Neuroradiology,van Poppel L.M.,10.3174/ajnr.A9054,2-s2.0-105032049220,SCOPUS_ID:105032049220,0,Article,
Progressive and Short-Interval Changes Observed in the Corticospinal Tract and Corpus Callosum of Patients with Amyotrophic Lateral Sclerosis: A Texture Analysis Study,2026,2026-03-01,American Journal of Neuroradiology,Parnianpour P.,10.3174/ajnr.A9013,2-s2.0-105032136568,SCOPUS_ID:105032136568,0,Article,
Two-Step Semiautomated Classification of Choroidal Metastases on MRI: Orbit Localization via Bounding Boxes Followed by Binary Classification via Evolutionary Strategies,2026,2026-03-01,American Journal of Neuroradiology,Shi J.S.,10.3174/ajnr.A8998,2-s2.0-105032127992,SCOPUS_ID:105032127992,0,Article,
Brain CT for Diagnosis of Intracranial Disease in Ambulatory Patients with Cancer: Assessment of the Diagnostic Value of Scanning without Contrast prior to with Contrast,2026,2026-03-01,American Journal of Neuroradiology,Wang E.,10.3174/ajnr.A8995,2-s2.0-105032157245,SCOPUS_ID:105032157245,0,Article,
Unilateral Primary Angiitis of the Central Nervous System: A Rare and Under-Recognized Entity,2026,2026-03-01,American Journal of Neuroradiology,Rai P.,10.3174/ajnr.A8970,2-s2.0-105032107223,SCOPUS_ID:105032107223,3,Review,
Imaging Differentiation of Supratentorial Ependymoma and High-Grade Glioma in Children Using VASARI Features,2026,2026-03-01,American Journal of Neuroradiology,Cerron-Vela C.R.,10.3174/ajnr.A9001,2-s2.0-105032121756,SCOPUS_ID:105032121756,0,Article,
Gradation of Prolonged Venous Transit on Perfusion Imaging Highlights the Association of Deep Venous Drainage Impairment with Unfavorable Functional Outcome in Successfully Reperfused Anterior Circulation Large-Vessel-Occlusion Stroke,2026,2026-03-01,American Journal of Neuroradiology,Mei J.,10.3174/ajnr.A9074,2-s2.0-105032144313,SCOPUS_ID:105032144313,0,Article,
Application of High-Resolution Conebeam CT for Evaluation of Endothelialization after Flow Diverter Implantation for Unruptured Intracranial Aneurysms,2026,2026-03-01,American Journal of Neuroradiology,Shi S.,10.3174/ajnr.A8997,2-s2.0-105032160572,SCOPUS_ID:105032160572,0,Article,
Machine Learning–Based Preoperative Predicting TERT Promoter Mutation and EGFR Gene Amplification Phenotype in IDH Wild-Type Glioblastoma Using Advanced MR Habitat Imaging,2026,2026-03-01,American Journal of Neuroradiology,Su Y.,10.3174/ajnr.A9053,2-s2.0-105032089222,SCOPUS_ID:105032089222,0,Article,
Posttreatment Follow-Up MR Imaging Biomarkers of Collateral Status Are Associated with Short-Term Outcomes in Large-Vessel Acute Ischemic Stroke,2026,2026-03-01,American Journal of Neuroradiology,Greene C.,10.3174/ajnr.A9035,2-s2.0-105032173524,SCOPUS_ID:105032173524,0,Article,
Imaging of Congenital Anomalies and Developmental Abnormalities Involving the Arteries of the Head and Neck,2026,2026-03-01,American Journal of Neuroradiology,Zakusilo F.T.,10.3174/ajnr.A9052,2-s2.0-105032115953,SCOPUS_ID:105032115953,0,Review,
Factors Influencing Cranial Nerve Palsy in Cavernous Sinus Dural Arteriovenous Fistulas,2026,2026-03-01,American Journal of Neuroradiology,Lee K.,10.3174/ajnr.A9018,2-s2.0-105032125653,SCOPUS_ID:105032125653,0,Article,
Efficacy and Safety of Stent-Assisted Coiling with Low-Profile Visualized Intraluminal Support versus Neuroform Atlas for Unruptured Internal Carotid Aneurysms: A Propensity Score–Matched Analysis,2026,2026-03-01,American Journal of Neuroradiology,Nagayama G.,10.3174/ajnr.A9034,2-s2.0-105032123164,SCOPUS_ID:105032123164,0,Article,
Utility of Low-Field Portable MRI in Neurosurgical ICU Patients Who Are Mechanically Ventilated: A Single-Center Retrospective Analysis,2026,2026-03-01,American Journal of Neuroradiology,Rao W.,10.3174/ajnr.A9063,2-s2.0-105032037085,SCOPUS_ID:105032037085,0,Article,
Isolated Congenital Middle Ear Malformations: Comparison of Preoperative 0.1-mm Ultra-High-Resolution CT and Conventional High-Resolution CT,2026,2026-03-01,American Journal of Neuroradiology,Guo J.,10.3174/ajnr.A8999,2-s2.0-105032104272,SCOPUS_ID:105032104272,0,Article,
Timing of Adjunctive Middle Meningeal Artery Embolization Relative to Surgical Evacuation for Chronic and Subacute Subdural Hematomas,2026,2026-03-01,American Journal of Neuroradiology,Chen H.,10.3174/ajnr.A9003,2-s2.0-105032106931,SCOPUS_ID:105032106931,2,Article,
Leptomeningeal Vascularity in Gadopiclenol-Enhanced Pediatric Brain MRI,2026,2026-03-01,American Journal of Neuroradiology,Valencia S.,10.3174/ajnr.A9020,2-s2.0-105032140990,SCOPUS_ID:105032140990,0,Article,
Foraminal [18F]FDG Uptake on PET/MRI Is Associated with Radiculopathy and Symptom Reduction after Image-Guided Nerve Root Block,2026,2026-03-01,American Journal of Neuroradiology,Kreutzinger V.,10.3174/ajnr.A8974,2-s2.0-105032162208,SCOPUS_ID:105032162208,0,Article,
The Evaluation of Quantitative MRA for Cerebral Amyloid Angiopathy with Vascular Risk Factors,2026,2026-03-01,American Journal of Neuroradiology,Mosi M.H.,10.3174/ajnr.A9007,2-s2.0-105032107826,SCOPUS_ID:105032107826,0,Article,
"Does Size, Shape, or Location Limit the Central Halo and the Polar Phase Signals of Susceptibility-Weighted Imaging in Differentiating Intracranial Hemorrhages from Calcifications?",2026,2026-03-01,American Journal of Neuroradiology,Krishnamoorthy A.,10.3174/ajnr.A9005,2-s2.0-105032123972,SCOPUS_ID:105032123972,0,Article,
Oral Cavity Lesion Mimicker: How Prevalent Is the Mylohyoid Boutonnière on MRI?,2026,2026-03-01,American Journal of Neuroradiology,Péporté A.R.J.,10.3174/ajnr.A8978,2-s2.0-105032108776,SCOPUS_ID:105032108776,0,Article,
The Diagnostic Burden of Spontaneous Intracranial Hypotension: Imaging Volume and Specialists’ Involvement prior to Diagnosis,2026,2026-03-01,American Journal of Neuroradiology,Habibi P.,10.3174/ajnr.A9012,2-s2.0-105032119670,SCOPUS_ID:105032119670,1,Article,
Relationship between APOE Genotype Status and Imaging Features in Patients with Alzheimer Disease Being Considered for Antiamyloid b Therapy,2026,2026-03-01,American Journal of Neuroradiology,Vejdani-Jahromi M.,10.3174/ajnr.A9056,2-s2.0-105032173626,SCOPUS_ID:105032173626,0,Article,
Precision Diffusion-Weighted Imaging of Head and Neck Squamous Cell Carcinoma,2026,2026-03-01,American Journal of Neuroradiology,Guzmán Pérez-Carrillo G.J.,10.3174/ajnr.A9026,2-s2.0-105032109914,SCOPUS_ID:105032109914,1,Article,
Measures of Brain Metabolism and Diffusion in Neonates of Mothers with Diabetes,2026,2026-03-01,American Journal of Neuroradiology,Hui S.C.N.,10.3174/ajnr.A8982,2-s2.0-105032153338,SCOPUS_ID:105032153338,0,Article,
High-Resolution 3T MRI of the Membranous Labyrinth Using Deep Learning Reconstruction,2026,2026-03-01,American Journal of Neuroradiology,Boubaker F.,10.3174/ajnr.A8989,2-s2.0-105032140616,SCOPUS_ID:105032140616,1,Article,
Prolonged Venous Transit Is Associated with Unfavorable Functional Outcomes in Large-Core Stroke,2026,2026-03-01,American Journal of Neuroradiology,Salim H.A.,10.3174/ajnr.A9047,2-s2.0-105032114612,SCOPUS_ID:105032114612,0,Article,
Measures of Brain Metabolism and Diffusion in Neonates of Mothers with Diabetes,2026,2026-03-01,American Journal of Neuroradiology,Hui S.C.N.,10.3174/ajnr.A8982,2-s2.0-105032153338,SCOPUS_ID:105032153338,0,Article,
"Factors Associated with Postoperative Neurologic Improvement after Endovascular Treatment for Spinal Vascular Lesions: Japanese Registry of Neuroendovascular Therapy 2, 3, and 4",2026,2026-03-01,American Journal of Neuroradiology,Tsuruta W.,10.3174/ajnr.A9116,2-s2.0-105032070944,SCOPUS_ID:105032070944,0,Article,
Future Is Ven(o)us: A 5-Year Narrative Update on the Venous Route for Therapeutics in Neurointervention,2026,2026-02-01,American Journal of Neuroradiology,Ognard J.,10.3174/ajnr.A8942,2-s2.0-105029381459,SCOPUS_ID:105029381459,2,Review,
Motion-Informed 3D Deep Learning Reconstruction in Patients with Cognitive Impairment,2026,2026-02-01,American Journal of Neuroradiology,Fujita S.,10.3174/ajnr.A8977,2-s2.0-105029490371,SCOPUS_ID:105029490371,0,Article,
Use of CTA in Strangulation Evaluation,2026,2026-02-01,American Journal of Neuroradiology,Moon J.,10.3174/ajnr.A8956,2-s2.0-105029343570,SCOPUS_ID:105029343570,0,Article,
Enhancing the Characterization of Dural Tears on Photon-Counting CT Myelography: An Analysis of Reconstruction Techniques,2026,2026-02-01,American Journal of Neuroradiology,Madhavan A.A.,10.3174/ajnr.A8938,2-s2.0-105029449415,SCOPUS_ID:105029449415,1,Article,
Similarity of Biological Information Captured by [68]Ga-PSMA-11 PET and ASL Perfusion MRI in Glioblastoma,2026,2026-02-01,American Journal of Neuroradiology,Han Y.,10.3174/ajnr.A8965,2-s2.0-105029374119,SCOPUS_ID:105029374119,1,Article,
Toward a Broader Classification of Deep Venous Cerebral Anatomy in Extremely Preterm Infants: A Literature-Based Approach and Its Relevance to Intraventricular Hemorrhage,2026,2026-02-01,American Journal of Neuroradiology,Camfferman F.A.,10.3174/ajnr.A8985,2-s2.0-105029289278,SCOPUS_ID:105029289278,0,Article,
Outcome Prediction in Pediatric Traumatic Brain Injury Utilizing Social Determinants of Health and Machine Learning Methods,2026,2026-02-01,American Journal of Neuroradiology,Kaliaev A.,10.3174/ajnr.A8961,2-s2.0-105029419957,SCOPUS_ID:105029419957,0,Article,
Feasibility and Safety of 8F Guiding Catheter Navigation in Transradial Neurointervention for Unruptured Intracranial Aneurysms: A Propensity Score–Matched Comparison of Sheath-Based versus Sheathless Approaches,2026,2026-02-01,American Journal of Neuroradiology,Fuga M.,10.3174/ajnr.A8987,2-s2.0-105029508139,SCOPUS_ID:105029508139,0,Article,
MRI Findings of Intracranial Hemorrhages in ARCADIA-MRI: An Ancillary Study to the ARCADIA Trial,2026,2026-02-01,American Journal of Neuroradiology,Chen H.,10.3174/ajnr.A8955,2-s2.0-105029421989,SCOPUS_ID:105029421989,1,Article,
Risk Stratification for Traumatic SAH Enlargement and Surgical Intervention: Guides to Follow-Up Imaging in Patients with Trauma,2026,2026-02-01,American Journal of Neuroradiology,Azzi C.,10.3174/ajnr.A8951,2-s2.0-105029483592,SCOPUS_ID:105029483592,0,Article,
The Impact of a Neuroradiologist on the Report of a Real-World CT Perfusion Imaging Map Derived from Artificial Intelligence/Machine Learning–Driven Software,2026,2026-02-01,American Journal of Neuroradiology,De Rubeis G.,10.3174/ajnr.A8979,2-s2.0-105029414465,SCOPUS_ID:105029414465,0,Article,
Head-to-Head Comparison of 2 Artificial Intelligence Computer-Aided Triage Solutions for Detecting Intracranial Hemorrhage on Noncontrast Head CT,2026,2026-02-01,American Journal of Neuroradiology,Garcia G.M.,10.3174/ajnr.A8986,2-s2.0-105029500522,SCOPUS_ID:105029500522,1,Article,
Increased Prevalence of Nitrous Oxide–Induced Subacute Combined Degeneration of the Spinal Cord: Clinical and Imaging Findings,2026,2026-02-01,American Journal of Neuroradiology,Bruen R.,10.3174/ajnr.A9062,2-s2.0-105029356532,SCOPUS_ID:105029356532,0,Article,
Artificial Intelligence–Assisted Detection of Amyloid-Related Imaging Abnormalities: Promise and Pitfalls,2026,2026-02-01,American Journal of Neuroradiology,Petrella J.R.,10.3174/ajnr.A8946,2-s2.0-105029364073,SCOPUS_ID:105029364073,2,Article,
Neuroimaging Spectrum of GM1 Gangliosidosis with Description of Novel Imaging Signs,2026,2026-02-01,American Journal of Neuroradiology,Coppola F.,10.3174/ajnr.A8973,2-s2.0-105029418948,SCOPUS_ID:105029418948,1,Article,
ACR–ACNM–ASNR–SNMMI Practice Parameter for the Performance of Brain PET/CT Imaging in Dementia,2026,2026-02-01,American Journal of Neuroradiology,Tu R.K.,10.3174/ajnr.A9105,2-s2.0-105029494658,SCOPUS_ID:105029494658,0,Article,
Choroid Plexus Enlargement in Multiple Sclerosis Correlates with Cortical and Phase Rim Lesions on 7T MRI and Predicts Progression Independent of Relapse Activity,2026,2026-02-01,American Journal of Neuroradiology,Barbuti E.,10.3174/ajnr.A8983,2-s2.0-105029463551,SCOPUS_ID:105029463551,3,Article,
Diffusion Tensor Imaging along the Perivascular Space for Characterizing Cerebral Interstitial Fluid Dynamics in Alzheimer Disease: A Systematic Review and Meta-Analysis,2026,2026-02-01,American Journal of Neuroradiology,Khalafi M.,10.3174/ajnr.A8953,2-s2.0-105029388218,SCOPUS_ID:105029388218,2,Article,
American Society of Neuroradiology Consensus Statement: Integrating Neuro-PET Interpretation into Neuroradiology Training and Practice,2026,2026-02-01,American Journal of Neuroradiology,Ivanidze J.,10.3174/ajnr.A8959,2-s2.0-105029475020,SCOPUS_ID:105029475020,0,Article,
The Importance of Small Lateral Dural CSF Collections in Spontaneous Intracranial Hypotension: A Radiologic-Anatomic Study,2026,2026-02-01,American Journal of Neuroradiology,Schievink W.I.,10.3174/ajnr.A9061,2-s2.0-105029453263,SCOPUS_ID:105029453263,0,Article,
The Impact of Different CT Perfusion Software on Patient Stratification Strategies in Ischemic Stroke,2026,2026-02-01,American Journal of Neuroradiology,Tortora F.,10.3174/ajnr.A8963,2-s2.0-105029427913,SCOPUS_ID:105029427913,0,Article,
Maximizing the Conspicuity of CSF-Venous Fistulas on CT Myelography: Assessment of Contrast Density and Timing Effects,2026,2026-02-01,American Journal of Neuroradiology,Zhu D.,10.3174/ajnr.A8972,2-s2.0-105029441126,SCOPUS_ID:105029441126,0,Article,
Maximizing the Conspicuity of CSF-Venous Fistulas on CT Myelography: Assessment of Contrast Density and Timing Effects,2026,2026-02-01,American Journal of Neuroradiology,Zhu D.,10.3174/ajnr.A8972,2-s2.0-105029441126,SCOPUS_ID:105029441126,0,Article,
Comparative Accuracy of 18-Gauge versus 20-Gauge Ultrasound-Guided Fine-Needle Aspiration in the Detection of Persistent Lymph Node Metastasis in Head and Neck Squamous Cell Carcinoma after Chemoradiation,2026,2026-02-01,American Journal of Neuroradiology,Nguyen J.,10.3174/ajnr.A8990,2-s2.0-105029366961,SCOPUS_ID:105029366961,0,Article,
Safety and Efficacy of Middle Meningeal Artery Aneurysm and Pseudoaneurysm Embolization: A Systematic Review,2026,2026-02-01,American Journal of Neuroradiology,Sharafaddin-Zadeh Y.,10.3174/ajnr.A9132,2-s2.0-105029492711,SCOPUS_ID:105029492711,0,Article,
Association of Good Venous Outflow with Favorable Outcomes in Patients with Acute Ischemic Stroke Caused by Large Vessel Occlusion Treated with Multiple Endovascular Thrombectomy Passes,2026,2026-02-01,American Journal of Neuroradiology,Schwartz M.A.,10.3174/ajnr.A9066,2-s2.0-105029453943,SCOPUS_ID:105029453943,0,Article,
Peri-Rolandic and Occipital Sparing Cortical Edema: A Prevalent MRI Finding in Pediatric Patients with Cerebral Malaria,2026,2026-02-01,American Journal of Neuroradiology,Vidal L.,10.3174/ajnr.A8945,2-s2.0-105029367861,SCOPUS_ID:105029367861,0,Article,
Aurora: Open-Access Web Application for Structured Neuroradiology Report and Score Calculation,2026,2026-02-01,American Journal of Neuroradiology,Rodrigues A.S.L.,10.3174/ajnr.A8940,2-s2.0-105029430592,SCOPUS_ID:105029430592,0,Article,
A Deep Learning Model to Detect Acute MCA Occlusion on High-Resolution Noncontrast Head CT,2026,2026-02-01,American Journal of Neuroradiology,Fussell D.A.,10.3174/ajnr.A8954,2-s2.0-105029486722,SCOPUS_ID:105029486722,0,Article,
Mapping Regional Brain Total Sodium Concentration Using Anatomically Guided Reconstruction of Dual-Echo Sodium-23 MRI: Moving toward Improved Accuracy and Precision,2026,2026-02-01,American Journal of Neuroradiology,Alivar A.,10.3174/ajnr.A8984,2-s2.0-105029430416,SCOPUS_ID:105029430416,0,Article,
Improved Conspicuity of CSF-Venous Fistulas with Saline Pressure Augmentation: A Multi-Institutional Case Series,2026,2026-02-01,American Journal of Neuroradiology,Madhavan A.A.,10.3174/ajnr.A8966,2-s2.0-105029473047,SCOPUS_ID:105029473047,1,Article,
"A Systematic Approach to the Evaluation of Lumbosacral Plexus MRI: Indications, Protocol, Anatomy, and Pathology",2026,2026-02-01,American Journal of Neuroradiology,Rahmani S.,10.3174/ajnr.A8976,2-s2.0-105029418444,SCOPUS_ID:105029418444,0,Review,
Utility of [18F]PI-2620 as Universal Biomarker for the Amyloid/Tau/Neurodegeneration Classification of Alzheimer Disease: An Exploratory Study with Dual-Phase PET Imaging,2026,2026-02-01,American Journal of Neuroradiology,Franceschi A.M.,10.3174/ajnr.A8980,2-s2.0-105029386463,SCOPUS_ID:105029386463,0,Article,
Clinical Validation of Deep Learning–Accelerated versus Wave-CAIPI Postcontrast 3D T1-MPRAGE for Evaluation of Intracranial Enhancing Lesions,2026,2026-02-01,American Journal of Neuroradiology,Tabari A.,10.3174/ajnr.A8992,2-s2.0-105029279204,SCOPUS_ID:105029279204,0,Article,
Lumbosacral Plexus MR Neurography in Autoimmune Nodopathy: A Quantitative Analysis,2026,2026-02-01,American Journal of Neuroradiology,Du W.,10.3174/ajnr.A8969,2-s2.0-105029461359,SCOPUS_ID:105029461359,0,Article,
Brain Plasticity Induced by MR-Guided Focused Ultrasound Correlates with Tremor Improvement in Essential Tremor: A Prospective Cohort Study,2026,2026-02-01,American Journal of Neuroradiology,Lu H.,10.3174/ajnr.A8971,2-s2.0-105029408241,SCOPUS_ID:105029408241,0,Article,
Facet Joint Imaging and Image-Guided Interventions from the American College of Radiology Commission on Neuroradiology,2026,2026-02-01,American Journal of Neuroradiology,Peckham M.E.,10.3174/ajnr.A8981,2-s2.0-105029377258,SCOPUS_ID:105029377258,0,Article,
Two-Year Follow-Up after Treatment with the Trenza Embolization Device for Wide-Neck Intracranial Aneurysms,2026,2026-02-01,American Journal of Neuroradiology,Raj R.,10.3174/ajnr.A9059,2-s2.0-105029450059,SCOPUS_ID:105029450059,0,Article,
Epidural Onyx Treatment for Spontaneous Intracranial Hypotension Caused by a Ventral Dural Tear,2026,2026-02-01,American Journal of Neuroradiology,He Y.,10.3174/ajnr.A8993,2-s2.0-105029455674,SCOPUS_ID:105029455674,0,Article,
Digital FDG-PET Detects MYD88 Mutation-Driven Glycolysis in Primary CNS Lymphoma,2026,2026-01-01,American Journal of Neuroradiology,Sasaki M.,10.3174/ajnr.A8935,2-s2.0-105026700845,SCOPUS_ID:105026700845,0,Article,
Early Life Resting-State Network Functional Connectivity and Long-Term Neurodevelopmental Outcomes after Neonatal Encephalopathy,2026,2026-01-01,American Journal of Neuroradiology,Kamino D.,10.3174/ajnr.A8949,2-s2.0-105026700511,SCOPUS_ID:105026700511,0,Article,
Safety of Emergent Intracranial Stenting after Thrombolysis: A Multicenter Matched Analysis,2026,2026-01-01,American Journal of Neuroradiology,Alexandre A.M.,10.3174/ajnr.A8918,2-s2.0-105026686684,SCOPUS_ID:105026686684,0,Article,
Suggested Parameters for Clinical Infant Brain Imaging Using an Ultra-Low-Field Portable MRI System,2026,2026-01-01,American Journal of Neuroradiology,Zahra Tara S.,10.3174/ajnr.A8925,2-s2.0-105026676470,SCOPUS_ID:105026676470,0,Article,
Deep Learning–Based Acceleration in MRI: Current Landscape and Clinical Applications in Neuroradiology,2026,2026-01-01,American Journal of Neuroradiology,Rai P.,10.3174/ajnr.A8943,2-s2.0-105026708279,SCOPUS_ID:105026708279,4,Review,
Deep Learning–Based Collateral Scoring on Multiphase CTA in Patients with Acute Ischemic Stroke in the MCA Region,2026,2026-01-01,American Journal of Neuroradiology,Liu H.,10.3174/ajnr.A8911,2-s2.0-105026737143,SCOPUS_ID:105026737143,2,Article,
Biphasic Progression of Radiation-Induced Carotid Stenosis: The Predictive Role of Low-Density Plaque,2026,2026-01-01,American Journal of Neuroradiology,Chung K.C.,10.3174/ajnr.A8916,2-s2.0-105026668529,SCOPUS_ID:105026668529,1,Article,
Why 2D Matters: Comparative Evaluation of 2D and 3D T1-Weighted Imaging of the Skull Base and Neck,2026,2026-01-01,American Journal of Neuroradiology,Juliano A.F.,10.3174/ajnr.A8887,2-s2.0-105026717039,SCOPUS_ID:105026717039,1,Article,
Contralateral Brain Region Exhibits a Hemispheric Difference in Brain Dynamic Functional Connectivity in Patients with Chronic ICA Occlusion,2026,2026-01-01,American Journal of Neuroradiology,Wang Z.,10.3174/ajnr.A8952,2-s2.0-105026698415,SCOPUS_ID:105026698415,0,Article,
Impact of Clinical and Radiologic Factors on CTP Timing in Acute Ischemic Stroke,2026,2026-01-01,American Journal of Neuroradiology,Proner B.,10.3174/ajnr.A8904,2-s2.0-105026719082,SCOPUS_ID:105026719082,0,Article,
Predicting 10-Year Clinical Outcomes in MS with Radiomics-Based Machine Learning Models,2026,2026-01-01,American Journal of Neuroradiology,Tranfa M.,10.3174/ajnr.A8912,2-s2.0-105026734702,SCOPUS_ID:105026734702,2,Article,
Visualization of Nerve Pathology and Correlation with Clinical Severity in Bell Palsy Using 3D Double-Echo Steady-State with Water Excitation Sequence,2026,2026-01-01,American Journal of Neuroradiology,Fujii H.,10.3174/ajnr.A8919,2-s2.0-105026675031,SCOPUS_ID:105026675031,0,Article,
Evaluation of [11C]CS1P1 in Healthy Young and Older Adults,2026,2026-01-01,American Journal of Neuroradiology,Friedrichsen K.A.,10.3174/ajnr.A8944,2-s2.0-105026727616,SCOPUS_ID:105026727616,1,Article,
A Report from the Inaugural Society of NeuroInterventional Surgery Neurointerventional Oncology Summit,2026,2026-01-01,American Journal of Neuroradiology,Young C.C.,10.3174/ajnr.A8902,2-s2.0-105026691943,SCOPUS_ID:105026691943,2,Article,
Clinical 7T MRI for Epilepsy: A Retrospective Review of 50 Cases,2026,2026-01-01,American Journal of Neuroradiology,Burkett B.J.,10.3174/ajnr.A8924,2-s2.0-105026701823,SCOPUS_ID:105026701823,2,Article,
Constructing a Predictive Model for Children with Autism Spectrum Disorder Based on Whole-Brain MR Radiomics: A Machine Learning Study,2026,2026-01-01,American Journal of Neuroradiology,Chen X.,10.3174/ajnr.A8939,2-s2.0-105026690003,SCOPUS_ID:105026690003,0,Article,
Direct Localization of the VIM/DRTT Using Quantitative Susceptibility Mapping in Essential Tremor: A Pilot MRI Study,2026,2026-01-01,American Journal of Neuroradiology,Chung S.,10.3174/ajnr.A8934,2-s2.0-105026698880,SCOPUS_ID:105026698880,0,Article,
Postnatal Development of the Vestibular Aqueduct Trajectory on CT: Establishing Age-Specific Norms to Distinguish Normal from Arrested (Hypoplastic) Development,2026,2026-01-01,American Journal of Neuroradiology,Juliano A.F.,10.3174/ajnr.A8933,2-s2.0-105026726523,SCOPUS_ID:105026726523,2,Article,
Enhanced Neonatal Brachial Plexus MR Neurography: A Comparative Analysis of Compressed Sensitivity Encoding versus Sensitivity Encoding,2026,2026-01-01,American Journal of Neuroradiology,Zhu B.,10.3174/ajnr.A8915,2-s2.0-105026707036,SCOPUS_ID:105026707036,0,Article,
Skull Lesions after MR-Guided High-Intensity Focused Ultrasound: A Case Series,2026,2026-01-01,American Journal of Neuroradiology,Dang N.H.,10.3174/ajnr.A8957,2-s2.0-105026716076,SCOPUS_ID:105026716076,0,Article,
Perfusion Angiography in Reperfused Patients with Ischemic Stroke: Differentiating between Favorable and Unfavorable Outcome,2026,2026-01-01,American Journal of Neuroradiology,van der Sluijs P.M.,10.3174/ajnr.A8936,2-s2.0-105026669979,SCOPUS_ID:105026669979,0,Article,
7T TOF-MRA in Adolescents,2026,2026-01-01,American Journal of Neuroradiology,Valencia S.,10.3174/ajnr.A8908,2-s2.0-105026669181,SCOPUS_ID:105026669181,0,Article,
Multiple Synchronous CSF-Venous Fistulas in Spontaneous Intracranial Hypotension: A Multi-Institutional Case Series,2026,2026-01-01,American Journal of Neuroradiology,Madhavan A.A.,10.3174/ajnr.A8900,2-s2.0-105026687932,SCOPUS_ID:105026687932,3,Article,
Preoperative MRA for Patients with Retinoblastoma Undergoing Intra-Arterial Chemotherapy,2026,2026-01-01,American Journal of Neuroradiology,Colasurdo M.,10.3174/ajnr.A8937,2-s2.0-105026675361,SCOPUS_ID:105026675361,0,Article,
Enhanced Spinal Cord Lesion Detection in MS Using White-Matter-Nulled 3D MPRAGE with Deep Learning Reconstruction,2026,2026-01-01,American Journal of Neuroradiology,Munsch F.,10.3174/ajnr.A8950,2-s2.0-105026719223,SCOPUS_ID:105026719223,0,Article,
Enhanced Neurovascular Imaging Using Ultra-High-Resolution CT and Deep Learning–Based Image Reconstruction,2026,2026-01-01,American Journal of Neuroradiology,Steinmetz S.,10.3174/ajnr.A8964,2-s2.0-105026706590,SCOPUS_ID:105026706590,0,Article,
Efficacy and Safety of Flow Diversion for Distal Anterior Cerebral Aneurysms: A Systematic Review and Proportional Meta-Analysis,2026,2026-01-01,American Journal of Neuroradiology,Vilardo M.,10.3174/ajnr.A8926,2-s2.0-105026716294,SCOPUS_ID:105026716294,3,Article,
Photon-Counting Detector CT for Lenticulostriate Arteries: Comparison with Energy-Integrating Detector CT and Reconstruction Mode Optimization,2026,2026-01-01,American Journal of Neuroradiology,Tang W.,10.3174/ajnr.A8917,2-s2.0-105026700986,SCOPUS_ID:105026700986,4,Article,
Neuroimaging Findings in Carbonic Anhydrase VA Deficiency: A Case Series Highlighting Diagnostic and Prognostic Patterns in a Potentially Reversible Mitochondrial Dysfunction,2026,2026-01-01,American Journal of Neuroradiology,Fragoso D.C.,10.3174/ajnr.A8948,2-s2.0-105026723058,SCOPUS_ID:105026723058,0,Article,
Innovative Educational Program to Aid Clinical Vessel Wall MR Imaging Interpretation among Neuroradiologists,2026,2026-01-01,American Journal of Neuroradiology,Song J.W.,10.3174/ajnr.A8891,2-s2.0-105026709345,SCOPUS_ID:105026709345,0,Article,
Beyond Recanalization: Machine Learning–Based Insights into Postthrombectomy Vascular Morphology in Patients with Stroke,2026,2026-01-01,American Journal of Neuroradiology,Deshpande A.,10.3174/ajnr.A8909,2-s2.0-105026688287,SCOPUS_ID:105026688287,0,Article,
Application of Convolutional Neural Network Denoising to Improve Conebeam CT Myelographic Images,2026,2026-01-01,American Journal of Neuroradiology,Madhavan A.A.,10.3174/ajnr.A8877,2-s2.0-105026674674,SCOPUS_ID:105026674674,0,Article,
Uncommon Faces of Disc Herniation: Atypical Imaging Presentations and Mimics,2026,2026-01-01,American Journal of Neuroradiology,Galante M.J.,10.3174/ajnr.A8929,2-s2.0-105026715565,SCOPUS_ID:105026715565,1,Article,
Reduced Dynamic Brain Activity and Functional Connectivity in Nonfunctioning Pituitary Adenomas with Visual Impairment,2025,2025-12-01,American Journal of Neuroradiology,Tang J.,10.3174/ajnr.A8881,2-s2.0-105023911325,SCOPUS_ID:105023911325,0,Article,
Assessing the Accuracy of Artificial Intelligence in Detecting Intracranial Aneurysms in a Clinical Setting Relative to Neuroradiologists,2025,2025-12-01,American Journal of Neuroradiology,Akinpelu B.J.,10.3174/ajnr.A8897,2-s2.0-105023899809,SCOPUS_ID:105023899809,0,Article,
Deep Learning–Based Prediction of PET Amyloid Status Using MRI,2025,2025-12-01,American Journal of Neuroradiology,Kim D.,10.3174/ajnr.A8899,2-s2.0-105023888297,SCOPUS_ID:105023888297,2,Article,
7T MRA for Distinguishing Small Intracranial Aneurysms from Variant Anatomy: Protocols and Impact,2025,2025-12-01,American Journal of Neuroradiology,Patel V.,10.3174/ajnr.A8875,2-s2.0-105024013783,SCOPUS_ID:105024013783,1,Article,
CT Perfusion Map Generation from Multiphase CTA Using a Generative Adversarial Model for Acute Ischemic Stroke,2025,2025-12-01,American Journal of Neuroradiology,Cai Y.,10.3174/ajnr.A8857,2-s2.0-105023861955,SCOPUS_ID:105023861955,1,Article,
"Pediatric-Type Diffuse Low-Grade Gliomas with MYB Alterations: Neuroimaging of the Diffuse Astrocytomas, MYB- or MYBL1-Altered",2025,2025-12-01,American Journal of Neuroradiology,Coppola F.,10.3174/ajnr.A8894,2-s2.0-105023871442,SCOPUS_ID:105023871442,3,Article,
Prospective MR Evaluation of Endolymphatic Hydrops at Multiple Flip Angles Using Single-Dose Gadolinium Contrast,2025,2025-12-01,American Journal of Neuroradiology,Pham N.,10.3174/ajnr.A8880,2-s2.0-105023881343,SCOPUS_ID:105023881343,0,Article,
Association of Cerebellar Peduncle Morphometry with Hypertrophic Olivary Degeneration: A Pilot Case-Control Study,2025,2025-12-01,American Journal of Neuroradiology,Ghosal K.,10.3174/ajnr.A8888,2-s2.0-105023895925,SCOPUS_ID:105023895925,0,Article,
Prediction of Neonatal Intensive Care Unit Mortality in Fetuses and Neonates with Vein of Galen Malformation,2025,2025-12-01,American Journal of Neuroradiology,Chen K.S.,10.3174/ajnr.A8962,2-s2.0-105023859810,SCOPUS_ID:105023859810,1,Article,
Predictive Value of CTP in Spatially and Volumetrically Identifying Ischemic Penumbra against Final Infarct Size in Anterior Circulation Stroke with and without Successful Reperfusion,2025,2025-12-01,American Journal of Neuroradiology,Strotzer Q.D.,10.3174/ajnr.A8876,2-s2.0-105023840424,SCOPUS_ID:105023840424,1,Article,
Methionine PET Findings in the Diagnosis of Brain Tumors and Nontumorous Mass Lesions: A Single-Center Report on 426 Cases,2025,2025-12-01,American Journal of Neuroradiology,Shiba Y.,10.3174/ajnr.A8871,2-s2.0-105023878858,SCOPUS_ID:105023878858,3,Article,
Outcomes of CT-Guided Targeted Epidural Patching for Lateral Dural Tears in Spontaneous Intracranial Hypotension: A Multicenter Retrospective Cohort Study,2025,2025-12-01,American Journal of Neuroradiology,Callen A.L.,10.3174/ajnr.A8886,2-s2.0-105024006058,SCOPUS_ID:105024006058,4,Article,
Dark Diffusion Sign: A Novel MRI Predictor of Hemorrhagic Transformation in Patients with Stroke Treated with Endovascular Therapy?,2025,2025-12-01,American Journal of Neuroradiology,Lyon V.,10.3174/ajnr.A8920,2-s2.0-105023897803,SCOPUS_ID:105023897803,0,Article,
CONSeg: Voxelwise Uncertainty Quantification for Glioma Segmentation Using Conformal Prediction,2025,2025-12-01,American Journal of Neuroradiology,Elyassirad D.,10.3174/ajnr.A8914,2-s2.0-105023844616,SCOPUS_ID:105023844616,3,Article,
Association between Ordering Provider Type and Overuse of Spine MRIs for Cord Compression in the Emergency Department,2025,2025-12-01,American Journal of Neuroradiology,Buch K.,10.3174/ajnr.A8921,2-s2.0-105024006468,SCOPUS_ID:105024006468,0,Article,
Irregular Cervicothoracic Nerve Sheaths on Digital Subtraction Myelography: A CSF-Venous Fistula Mimic,2025,2025-12-01,American Journal of Neuroradiology,Patel A.,10.3174/ajnr.A8892,2-s2.0-105024010741,SCOPUS_ID:105024010741,0,Article,
Photon-Counting Detector CT of the Brain Reduces Variability of Hounsfield Units and Has a Mean Offset Compared with Energy-Integrating Detector CT,2025,2025-12-01,American Journal of Neuroradiology,Stein T.,10.3174/ajnr.A8910,2-s2.0-105023848202,SCOPUS_ID:105023848202,3,Article,
"Pituitary Photon-Counting Detector CT for Cushing Disease: Preoperative Lesion Localization, Intraoperative Findings, and Postoperative Outcomes",2025,2025-12-01,American Journal of Neuroradiology,Mark I.T.,10.3174/ajnr.A8893,2-s2.0-105023846181,SCOPUS_ID:105023846181,1,Article,
"An Updated Review on Cervical Artery Dissections: Evolution of Imaging Findings, Medical and Endovascular Management, and New Imaging Frontiers",2025,2025-12-01,American Journal of Neuroradiology,Benson J.C.,10.3174/ajnr.A8874,2-s2.0-105023876386,SCOPUS_ID:105023876386,0,Review,
Comparative Safety and Efficacy of Balloon-Mounted and Self-Expanding Stents in Rescue Stenting for Large Vessel Occlusion: Secondary Analysis of the RESCUE-ICAS Registry,2025,2025-12-01,American Journal of Neuroradiology,Al Kasab S.,10.3174/ajnr.A8895,2-s2.0-105023898954,SCOPUS_ID:105023898954,2,Article,
Systematic Review of the Predictive Value of Negative Brain or Low Probability Brain MRIs in Patients with CSF-Venous Fistulas,2025,2025-12-01,American Journal of Neuroradiology,Tay A.S.M.S.,10.3174/ajnr.A8884,2-s2.0-105024012984,SCOPUS_ID:105024012984,4,Article,
Clinical and Imaging Features of Primary Intradural Extramedullary Ewing Sarcoma,2025,2025-12-01,American Journal of Neuroradiology,Alizada S.,10.3174/ajnr.A8872,2-s2.0-105023995390,SCOPUS_ID:105023995390,0,Article,
Digital Subtraction Myelography for the Detection of Type 1 Spinal CSF Leaks: Evaluation of Temporal Characteristics and Diagnostic Value,2025,2025-12-01,American Journal of Neuroradiology,Lützen N.,10.3174/ajnr.A8847,2-s2.0-105024009281,SCOPUS_ID:105024009281,2,Article,
Both Infarcted and Noninfarcted Brain Regions Contribute to Deep Learning–Based MRI Prediction of Acute Stroke Outcome,2025,2025-12-01,American Journal of Neuroradiology,Liu Y.,10.3174/ajnr.A8896,2-s2.0-105023870162,SCOPUS_ID:105023870162,0,Article,
Consensus Guidelines on Diagnostic Brain and Spine Imaging of Spontaneous Intracranial Hypotension,2025,2025-12-01,American Journal of Neuroradiology,Kranz P.G.,10.3174/ajnr.A9017,2-s2.0-105023877453,SCOPUS_ID:105023877453,1,Article,
Decubitus Myelography for Spinal Extradural Arachnoid Cyst: Better Classified as a Lateral Dural CSF Leak?,2025,2025-12-01,American Journal of Neuroradiology,Mamlouk M.D.,10.3174/ajnr.A8856,2-s2.0-105023997065,SCOPUS_ID:105023997065,0,Article,
Appearance and Disappearance of Intracranial Aneurysm Wall Enhancement during Follow-Up: A Multicenter Cohort Study,2025,2025-12-01,American Journal of Neuroradiology,van der Kamp L.T.,10.3174/ajnr.A8906,2-s2.0-105023887248,SCOPUS_ID:105023887248,1,Article,
Catheter-Vessel Interactions during Aspiration Thrombectomy: A Comprehensive Analysis Using a Novel Swine Model,2025,2025-12-01,American Journal of Neuroradiology,Shimizu T.K.,10.3174/ajnr.A8898,2-s2.0-105023893266,SCOPUS_ID:105023893266,0,Article,
Machine Learning–Based Prediction of Delayed Neurologic Sequelae in Carbon Monoxide Poisoning Using Automatically Extracted MR Imaging Features,2025,2025-12-01,American Journal of Neuroradiology,Lee G.Y.,10.3174/ajnr.A8870,2-s2.0-105023887200,SCOPUS_ID:105023887200,0,Article,
Microvascular Perfusion MRI Improves Therapy Monitoring and Detects Early Recurrences of Gliomas: A Large-Scale Trial of 2000 Follow-Up Examinations,2025,2025-12-01,American Journal of Neuroradiology,Stadlbauer A.,10.3174/ajnr.A8922,2-s2.0-105023847075,SCOPUS_ID:105023847075,0,Article,
Can CTA-Based Machine Learning Identify Patients for Whom Successful Endovascular Stroke Therapy Is Insufficient?,2025,2025-12-01,American Journal of Neuroradiology,Jeevarajan J.A.,10.3174/ajnr.A8885,2-s2.0-105023898002,SCOPUS_ID:105023898002,0,Article,
Evaluating the Role of Imaging Markers in Predicting Stroke Risk and Guiding Management after Vertebral Artery Injury: A Retrospective Study,2025,2025-12-01,American Journal of Neuroradiology,Vankawala J.,10.3174/ajnr.A8866,2-s2.0-105023893140,SCOPUS_ID:105023893140,1,Article,
Artificial Intelligence–Driven Detection of Large Vessel Occlusions on NCCT: A Multi-Institutional Study,2025,2025-12-01,American Journal of Neuroradiology,Rai A.T.,10.3174/ajnr.A8923,2-s2.0-105023849659,SCOPUS_ID:105023849659,1,Article,
Clinical Implementation of Dynamic Parallel Transmission in 7T Brain MRI: Improved Homogeneity and Contrast Using SPACE Sequences,2025,2025-11-01,American Journal of Neuroradiology,Middlebrooks E.H.,10.3174/ajnr.A8827,2-s2.0-105020736898,SCOPUS_ID:105020736898,4,Article,
The Role of Ferumoxytol-Enhanced MR Venography in Transvenous Embolization of CSF-Venous Fistulas,2025,2025-11-01,American Journal of Neuroradiology,Galvan J.L.,10.3174/ajnr.A8837,2-s2.0-105020759604,SCOPUS_ID:105020759604,1,Article,
Long-Term Stent Patency and Revascularization Rates after Emergent Carotid Stenting during Stroke Thrombectomy,2025,2025-11-01,American Journal of Neuroradiology,Dimancea A.,10.3174/ajnr.A8818,2-s2.0-105020735332,SCOPUS_ID:105020735332,1,Article,
Intraplaque Hemorrhage Volume and Ischemic Stroke Risk,2025,2025-11-01,American Journal of Neuroradiology,Faghani S.,10.3174/ajnr.A8889,2-s2.0-105020757352,SCOPUS_ID:105020757352,3,Article,
Plaque-Reporting and Data System Related to Cerebrovascular Event Risk with Mild/Moderate Stenosis: A Chinese Atherosclerosis Risk Evaluation II Study,2025,2025-11-01,American Journal of Neuroradiology,Wang M.,10.3174/ajnr.A8819,2-s2.0-105020737951,SCOPUS_ID:105020737951,2,Article,
The Role of MRA as a Preliminary Diagnostic Tool in Diagnosing and Localizing Spinal Dural Arteriovenous Fistula,2025,2025-11-01,American Journal of Neuroradiology,Lavi E.S.,10.3174/ajnr.A8830,2-s2.0-105020758286,SCOPUS_ID:105020758286,2,Article,
Automated Detection of the Black Hole Sign for Patients with Intracerebral Hemorrhage Using Self-Supervised Learning,2025,2025-11-01,American Journal of Neuroradiology,Wang H.,10.3174/ajnr.A8826,2-s2.0-105020758979,SCOPUS_ID:105020758979,1,Article,
Retrospective Review of MR Findings in Sudden Sensorineural Hearing Loss and Associated Clinical Features,2025,2025-11-01,American Journal of Neuroradiology,Brennan M.J.,10.3174/ajnr.A8853,2-s2.0-105020796541,SCOPUS_ID:105020796541,0,Article,
Thirteen-Year Trends and Advancements of Endovascular Therapy for Dural Arteriovenous Fistulas in Japan: Insights from a Nationwide Study of 6470 Procedures,2025,2025-11-01,American Journal of Neuroradiology,Murai S.,10.3174/ajnr.A8840,2-s2.0-105020801061,SCOPUS_ID:105020801061,2,Article,
Postradiation MR Imaging Features in Molecular and Mutational Analyses in Pontine Pediatric Diffuse Midline Gliomas,2025,2025-11-01,American Journal of Neuroradiology,Rameh V.,10.3174/ajnr.A8817,2-s2.0-105020698900,SCOPUS_ID:105020698900,0,Article,
Optimizing CTP in Posterior Circulation Infarction (POCI): A Comprehensive Analysis of CTP Postprocessing Algorithms for POCI,2025,2025-11-01,American Journal of Neuroradiology,Edwards L.S.,10.3174/ajnr.A8833,2-s2.0-105020728857,SCOPUS_ID:105020728857,1,Article,
Assessment of “Zero-Shot” General Purpose Segmentation Models: An Analysis of the Meta “Segment Anything Model” on Meningioma MRI,2025,2025-11-01,American Journal of Neuroradiology,Khazanchi R.,10.3174/ajnr.A8816,2-s2.0-105020736155,SCOPUS_ID:105020736155,1,Article,
Glymphatic Function as a Moderator in White Matter Injury and Cognitive Impairment: A Community-Dwelling Cohort Study,2025,2025-11-01,American Journal of Neuroradiology,Wang J.,10.3174/ajnr.A8846,2-s2.0-105020828862,SCOPUS_ID:105020828862,0,Article,
"ihtObtura, a New Liquid Embolic Agent for Improving Curative Embolization of Brain AVMs",2025,2025-11-01,American Journal of Neuroradiology,Llibre-Guerra J.C.,10.3174/ajnr.A8834,2-s2.0-105020769150,SCOPUS_ID:105020769150,3,Article,
Time Is Spine: A Novel Radiology Reporting System for Optimizing Spine Oncology Decision-Making and Reducing Time to Treatment,2025,2025-11-01,American Journal of Neuroradiology,Freeman C.W.,10.3174/ajnr.A8845,2-s2.0-105020739515,SCOPUS_ID:105020739515,2,Article,
Deep Learning Reconstruction for 7T MP2RAGE and SPACE MRI: Improving Image Quality at High Acceleration Factors,2025,2025-11-01,American Journal of Neuroradiology,Liu Z.,10.3174/ajnr.A8841,2-s2.0-105020727805,SCOPUS_ID:105020727805,4,Article,
7T MRI Automated Software Segmentation of the Hippocampus for Epilepsy: Prospective Performance Evaluation,2025,2025-11-01,American Journal of Neuroradiology,Burkett B.J.,10.3174/ajnr.A8862,2-s2.0-105020732556,SCOPUS_ID:105020732556,0,Article,
Are Deep White Matter Hyperintensities Associated with Amyloid-Related Imaging Abnormalities in Patients with Alzheimer Disease Treated with Lecanemab?,2025,2025-11-01,American Journal of Neuroradiology,Rohatgi S.,10.3174/ajnr.A8822,2-s2.0-105020709082,SCOPUS_ID:105020709082,1,Article,
Transvenous Embolization versus Surgical Intervention for CSF Venous Fistulas: A Systematic Review and Meta-Analysis,2025,2025-11-01,American Journal of Neuroradiology,Jazayeri S.B.,10.3174/ajnr.A8839,2-s2.0-105020737973,SCOPUS_ID:105020737973,5,Article,
3D Gadolinium-Enhanced CISS for the Diagnosis of Ischemic Third Nerve Palsy,2025,2025-11-01,American Journal of Neuroradiology,Roques M.,10.3174/ajnr.A8865,2-s2.0-105020803855,SCOPUS_ID:105020803855,0,Article,
Baseline Gadolinium Enhancement of the Intracranial Aneurysm Wall and 3D Morphologic Change during Long-Term Follow-Up,2025,2025-11-01,American Journal of Neuroradiology,Kamphuis M.J.,10.3174/ajnr.A8825,2-s2.0-105020723958,SCOPUS_ID:105020723958,0,Article,
Risk Factors for Epidural Hematoma Expansion and the Need for Surgery,2025,2025-11-01,American Journal of Neuroradiology,Radmard M.,10.3174/ajnr.A8832,2-s2.0-105020707330,SCOPUS_ID:105020707330,0,Article,
FDG-PET Intensity Normalization Improves Radiomics-Based Survival Prediction in Patients with Oropharyngeal Cancer: A Comparison of the Standardized Uptake Value with Alternative Normalization Techniques,2025,2025-11-01,American Journal of Neuroradiology,Payabvash S.,10.3174/ajnr.A8836,2-s2.0-105020819401,SCOPUS_ID:105020819401,1,Article,
ERRATUM: Correlation between P2-PCA Volume Flow Rate and BOLD Cerebrovascular Reactivity in Patients with Symptomatic Carotid Artery Occlusion (American Journal of Neuroradiology (2025) 46 (1353–59) DOI: 10.3174/ajnr.A8626),2025,2025-11-01,American Journal of Neuroradiology,,10.3174/ajnr.A9043,2-s2.0-105020705603,SCOPUS_ID:105020705603,0,Erratum,
MRI-Based Quantification of Intratumoral Heterogeneity for Predicting Progression-Free Survival in Patients with Lung Cancer Brain Metastasis Receiving Radiotherapy,2025,2025-11-01,American Journal of Neuroradiology,Guo W.,10.3174/ajnr.A8869,2-s2.0-105020722410,SCOPUS_ID:105020722410,0,Article,
Reporting the Degree of Certainty of CSF-Venous Fistulas in Patients with Spontaneous Intracranial Hypotension: The Duke CSF-Venous Fistula Confidence Score,2025,2025-11-01,American Journal of Neuroradiology,Amrhein T.J.,10.3174/ajnr.A8835,2-s2.0-105020733442,SCOPUS_ID:105020733442,2,Article,
Adjunctive Flat Panel CT–Based Reperfusion Grading after Endovascular Therapy: Enhanced Detection of Residual Distal Vessel Occlusion,2025,2025-11-01,American Journal of Neuroradiology,Baik S.H.,10.3174/ajnr.A8844,2-s2.0-105020703570,SCOPUS_ID:105020703570,0,Article,
Patients with Typical Aura without Headache with Cortical Hyperperfusion on Arterial Spin-Labeling MRI Have Clinical Features Similar to Those of Patients with Migraine with Aura,2025,2025-11-01,American Journal of Neuroradiology,Shimoda M.,10.3174/ajnr.A8831,2-s2.0-105020772608,SCOPUS_ID:105020772608,0,Article,
Contemporary Results of Mechanical Thrombectomy and Impact of First-Line Technique on Outcome: The INSPIRE-S Global Registry,2025,2025-11-01,American Journal of Neuroradiology,Rodrigo-Gisbert M.,10.3174/ajnr.A8848,2-s2.0-105020721600,SCOPUS_ID:105020721600,1,Article,
A Practical Guide to Microtia Scoring: Step-by-Step,2025,2025-11-01,American Journal of Neuroradiology,Greenhill M.J.,10.3174/ajnr.A8842,2-s2.0-105020749582,SCOPUS_ID:105020749582,0,Article,
Compressed Sensing Technology Accelerated 3D-FLAIR MRI Sequence for Endolymphatic Hydrops at 3T,2025,2025-11-01,American Journal of Neuroradiology,Zhang W.,10.3174/ajnr.A8864,2-s2.0-105020826058,SCOPUS_ID:105020826058,0,Article,
Brain Structure Deviations in Patients with Parkinson Disease without Dementia Using Normative Modeling,2025,2025-11-01,American Journal of Neuroradiology,Zhuo Z.,10.3174/ajnr.A8867,2-s2.0-105020740135,SCOPUS_ID:105020740135,0,Article,
Using Data-Driven Methods to Improve Brain Blood Flow Measurements in Cerebrovascular Disease with Dynamic Imaging,2025,2025-11-01,American Journal of Neuroradiology,Dogra S.,10.3174/ajnr.A8813,2-s2.0-105020704464,SCOPUS_ID:105020704464,0,Article,
Severity Classification of Pediatric Spinal Cord Injuries Using Structural MRI Measures and Deep Learning: A Comprehensive Analysis across All Vertebral Levels,2025,2025-10-01,American Journal of Neuroradiology,Sadeghi-Adl Z.,10.3174/ajnr.A8770,2-s2.0-105018032512,SCOPUS_ID:105018032512,2,Article,
Association of MRI-Visible Perivascular Spaces with Early White Matter Injury,2025,2025-10-01,American Journal of Neuroradiology,Toro A.,10.3174/ajnr.A8823,2-s2.0-105017980016,SCOPUS_ID:105017980016,2,Article,
Hybrid [18F] Fluoroestradiol Brain PET/CT/MRI for Detection of Estrogen Receptor–Positive Intracranial Metastases Compared with MRI and Vertex-to-Below the Knees PET Imaging,2025,2025-10-01,American Journal of Neuroradiology,Mashriqi F.,10.3174/ajnr.A8863,2-s2.0-105017989341,SCOPUS_ID:105017989341,0,Article,
An Atlas of Neonatal Neurovascular Imaging Anatomy as Depicted with Microvascular Imaging: The Intracranial Veins,2025,2025-10-01,American Journal of Neuroradiology,Freeman C.W.,10.3174/ajnr.A8784,2-s2.0-105018093016,SCOPUS_ID:105018093016,0,Review,
Mitigating Brain MR Imaging Degradation Due to Ferumoxytol Therapy in Patients with Iron Deficiency Anemia,2025,2025-10-01,American Journal of Neuroradiology,Rhee S.,10.3174/ajnr.A8772,2-s2.0-105018049894,SCOPUS_ID:105018049894,0,Article,
Added Value of Amyloid PET Quantification with the Centiloid Scale in Clinical Practice,2025,2025-10-01,American Journal of Neuroradiology,Vijayashankar A.,10.3174/ajnr.A8850,2-s2.0-105017975830,SCOPUS_ID:105017975830,1,Article,
Adoption of the T2-FLAIR Mismatch Sign among Radiologists: How Well Are We Doing?,2025,2025-10-01,American Journal of Neuroradiology,Ucisik F.E.,10.3174/ajnr.A8783,2-s2.0-105018034275,SCOPUS_ID:105018034275,2,Article,
Enhancing Clarity in Dynamic Myelography Reporting: Results of a Survey of Patients and Referring Providers Evaluating a Standardized Reporting System in the Myelographic Work-Up of Patients with Suspected Spontaneous Intracranial Hypotension,2025,2025-10-01,American Journal of Neuroradiology,Callen A.L.,10.3174/ajnr.A8751,2-s2.0-105017982732,SCOPUS_ID:105017982732,1,Article,
Middle Meningeal Artery Embolization for Nonacute Subdural Hematoma: A Meta-Analysis of Large Randomized Controlled Trials,2025,2025-10-01,American Journal of Neuroradiology,Chen H.,10.3174/ajnr.A8781,2-s2.0-105018013678,SCOPUS_ID:105018013678,10,Article,
Remote Robotic Neurointervention: Overcoming Procedural and Connectivity Challenges,2025,2025-10-01,American Journal of Neuroradiology,Duckwiler G.R.,10.3174/ajnr.A8807,2-s2.0-105018120813,SCOPUS_ID:105018120813,0,Article,
Revisiting a Rare Anomaly Described 25 Years Ago in the AJNR: A Journey from Pediatric Hemifacial Microsomia and Middle Cranial Fossa Aplasia to CSF-Lymphatic Fistula and Spontaneous Intracranial Hypotension as an Adult,2025,2025-10-01,American Journal of Neuroradiology,Callen A.L.,10.3174/ajnr.A8760,2-s2.0-105017981953,SCOPUS_ID:105017981953,0,Article,
Differentiation between Nonenhancing Tumor in Glioblastoma and Vasogenic Edema Using Diffusion-Weighted and Dynamic Susceptibility Contrast MR Imaging,2025,2025-10-01,American Journal of Neuroradiology,Alizada S.,10.3174/ajnr.A8788,2-s2.0-105018040698,SCOPUS_ID:105018040698,2,Article,
Clinical Impact of Sinus CT Surveillance Imaging among Febrile Neutropenic Patients: A Retrospective Observational Study,2025,2025-10-01,American Journal of Neuroradiology,Hazhirkarzar B.,10.3174/ajnr.A8777,2-s2.0-105018074571,SCOPUS_ID:105018074571,0,Article,
Lumbar Spine Bone MRI: A Radiation-Free Approach Utilizing CT-Like Imaging for Diagnosing Pars Defects in the Adolescent Spine,2025,2025-10-01,American Journal of Neuroradiology,Altorfer F.C.S.,10.3174/ajnr.A8852,2-s2.0-105018023926,SCOPUS_ID:105018023926,1,Article,
Expected Trainee Interpretive Volumes and Potential Threats to Neuroradiology Program Viability: A Survey of Neuroradiology Fellowship Program Directors,2025,2025-10-01,American Journal of Neuroradiology,Buch K.,10.3174/ajnr.A8821,2-s2.0-105018073092,SCOPUS_ID:105018073092,0,Article,
Carotid Plaque-RADS: Inter- and Intrareader Agreement and Learning Curve Analysis in CTA,2025,2025-10-01,American Journal of Neuroradiology,Saba L.,10.3174/ajnr.A8769,2-s2.0-105017989599,SCOPUS_ID:105017989599,3,Article,
Predicting 1p/19q Codeletion Status in Glioma Using MRI-Derived Radiomics: A Systematic Review and Meta-Analysis of Diagnostic Accuracy,2025,2025-10-01,American Journal of Neuroradiology,Ahmadzadeh A.M.,10.3174/ajnr.A8771,2-s2.0-105018012839,SCOPUS_ID:105018012839,8,Article,
Clinical and VASARI Features to Predict CDKN2A/B Homozygous Deletion in IDH-Mutant Astrocytomas: A Multicenter Study,2025,2025-10-01,American Journal of Neuroradiology,Yang H.,10.3174/ajnr.A8861,2-s2.0-105018031804,SCOPUS_ID:105018031804,0,Article,
Nontrauma-Associated Cerebral Fat Embolism Syndrome in Sickle Cell–Related Hemoglobinopathies: A Case Series and Systematic Review,2025,2025-10-01,American Journal of Neuroradiology,Shadmani G.,10.3174/ajnr.A8851,2-s2.0-105018047355,SCOPUS_ID:105018047355,1,Article,
Automated Diffusion Analysis for Noninvasive Prediction of Isocitrate Dehydrogenase Genotype in WHO Grade 2–3 Gliomas,2025,2025-10-01,American Journal of Neuroradiology,Wu J.,10.3174/ajnr.A8776,2-s2.0-105018007364,SCOPUS_ID:105018007364,1,Article,
Subarachnoid Space Measurements in the Second Trimester Using MR Imaging,2025,2025-10-01,American Journal of Neuroradiology,Simsek O.,10.3174/ajnr.A8773,2-s2.0-105018128021,SCOPUS_ID:105018128021,1,Article,
A Proposed Grading Scale Based on Radiographic Imaging for Wall Apposition to Estimate Neurologic Complications after Flow Diverter Treatment,2025,2025-10-01,American Journal of Neuroradiology,Zhang Q.,10.3174/ajnr.A8785,2-s2.0-105017985284,SCOPUS_ID:105017985284,1,Article,
MR Imaging versus Noncontrast CT for Selecting Patients with Acute Ischemic Stroke of Large Vessel Occlusion for Endovascular Thrombectomy: A Systematic Review and Meta-Analysis,2025,2025-10-01,American Journal of Neuroradiology,Jazayeri S.B.,10.3174/ajnr.A8775,2-s2.0-105018002160,SCOPUS_ID:105018002160,2,Article,
The Effect of Prenatal Marijuana Exposure on White Matter Microstructure and Cortical Morphology during Late Childhood,2025,2025-10-01,American Journal of Neuroradiology,Acosta-Rodriguez H.,10.3174/ajnr.A8774,2-s2.0-105018078640,SCOPUS_ID:105018078640,0,Article,
An Atlas of Neonatal Neurovascular Imaging Anatomy as Depicted with Microvascular Imaging: The Intracranial Arteries,2025,2025-10-01,American Journal of Neuroradiology,Lyo S.,10.3174/ajnr.A8810,2-s2.0-105018045933,SCOPUS_ID:105018045933,0,Review,
Accuracy of Tumor Surveillance of Pediatric Adamantinomatous Craniopharyngioma Using Noncontrast Brain MRI,2025,2025-10-01,American Journal of Neuroradiology,Chee K.,10.3174/ajnr.A8928,2-s2.0-105017978532,SCOPUS_ID:105017978532,0,Article,
Simultaneous Multiparametric Estimation of AVM Hemodynamics Using MR Fingerprinting Arterial Spin-Labeling,2025,2025-10-01,American Journal of Neuroradiology,Hu Z.,10.3174/ajnr.A8806,2-s2.0-105017999826,SCOPUS_ID:105017999826,0,Article,
Protective Factors of Postendovascular Therapy Restenosis for Symptomatic Intracranial Arterial Stenosis: A Retrospective Analysis,2025,2025-10-01,American Journal of Neuroradiology,Gong S.,10.3174/ajnr.A8812,2-s2.0-105018110108,SCOPUS_ID:105018110108,1,Article,
Portable Bedside Low-Field MRI for Assessment of Ventricular Size,2025,2025-10-01,American Journal of Neuroradiology,Mathew V.,10.3174/ajnr.A8811,2-s2.0-105018032396,SCOPUS_ID:105018032396,4,Article,
Histopathologic Analysis of 5 Patients with CSF-Venous Fistulas after Surgical Nerve Root Ligation and Resection,2025,2025-10-01,American Journal of Neuroradiology,Mecum A.V.,10.3174/ajnr.A8782,2-s2.0-105018033414,SCOPUS_ID:105018033414,1,Article,
Deep Learning–Based Generation of DSC MRI Parameter Maps Using Dynamic Contrast-Enhanced MRI Data,2025,2025-10-01,American Journal of Neuroradiology,Pei H.,10.3174/ajnr.A8768,2-s2.0-105018011026,SCOPUS_ID:105018011026,0,Article,
3D Quantified Morphologic Predictors of Intracranial Aneurysm Instability: A Longitudinal Study,2025,2025-10-01,American Journal of Neuroradiology,Kamphuis M.J.,10.3174/ajnr.A8809,2-s2.0-105017983466,SCOPUS_ID:105017983466,0,Article,
Evaluation of Spontaneous Intracranial Hypotension Probabilistic Brain MRI Scoring Systems in Normal Patients,2025,2025-09-01,American Journal of Neuroradiology,Kang C.H.,10.3174/ajnr.A8713,2-s2.0-105015057544,SCOPUS_ID:105015057544,5,Article,
Comparative Efficacy and Safety of Intravenous Cangrelor versus Intravenous Glycoprotein IIb/IIIa Inhibitors after Mechanical Thrombectomy for Patients with Acute Ischemic Stroke: A Systematic Review and Meta-Analysis,2025,2025-09-01,American Journal of Neuroradiology,Gonçalves O.R.,10.3174/ajnr.A8868,2-s2.0-105015091512,SCOPUS_ID:105015091512,0,Article,
Delineation of the Centromedian Nucleus for Epilepsy Neuromodulation Using Deep Learning Reconstruction of White Matter–Nulled Imaging,2025,2025-09-01,American Journal of Neuroradiology,Ryan M.V.,10.3174/ajnr.A8766,2-s2.0-105015077294,SCOPUS_ID:105015077294,1,Article,
Enhancing Neuroradiology Procedural Competency in Diagnostic Radiology Residency: Threats and Opportunities,2025,2025-09-01,American Journal of Neuroradiology,Kadom N.,10.3174/ajnr.A8947,2-s2.0-105015102376,SCOPUS_ID:105015102376,0,Editorial,
In Utero MR Imaging for Fetuses with Small Head Sizes without Intracranial Abnormalities Detected on Ultrasonography,2025,2025-09-01,American Journal of Neuroradiology,Griffiths P.D.,10.3174/ajnr.A8742,2-s2.0-105015023612,SCOPUS_ID:105015023612,0,Article,
Efficacy of the Basilar Artery on Computed Tomography Angiography Score in Predicting Functional Outcomes after Thrombectomy for Basilar Arterial Occlusion: A Frequentist and Bayesian Meta-Analysis,2025,2025-09-01,American Journal of Neuroradiology,Huang H.C.,10.3174/ajnr.A8706,2-s2.0-105014991503,SCOPUS_ID:105014991503,1,Article,
Language and Memory Network Alterations in Temporal Lobe Epilepsy: A Functional and Structural Connectivity Study,2025,2025-09-01,American Journal of Neuroradiology,Fallahi A.,10.3174/ajnr.A8737,2-s2.0-105015335833,SCOPUS_ID:105015335833,0,Article,
"ASNR International Collaboration Committee’s Anne Osborn International Outreach Program: Tools and Barriers, Lessons Learned",2025,2025-09-01,American Journal of Neuroradiology,Yahyavi-Firouz-Abadi N.,10.3174/ajnr.A8762,2-s2.0-105014923741,SCOPUS_ID:105014923741,0,Review,
External Validation of a Winning Artificial Intelligence Algorithm from the RSNA 2022 Cervical Spine Fracture Detection Challenge,2025,2025-09-01,American Journal of Neuroradiology,Harper J.P.,10.3174/ajnr.A8715,2-s2.0-105015085855,SCOPUS_ID:105015085855,6,Article,
Systematic Review and Meta-Analysis of Radiation Dose Reduction Studies in Pediatric Head CT,2025,2025-09-01,American Journal of Neuroradiology,He K.,10.3174/ajnr.A8730,2-s2.0-105014953140,SCOPUS_ID:105014953140,2,Article,
Concordance between Centiloid Quantification and Visual Interpretation of Amyloid PET Scans across the Alzheimer Disease Continuum,2025,2025-09-01,American Journal of Neuroradiology,Khalafi M.,10.3174/ajnr.A8743,2-s2.0-105015055056,SCOPUS_ID:105015055056,7,Article,
3D MR Neurography of Craniocervical Nerves: Comparing Double-Echo Steady-State and Postcontrast STIR with Deep Learning–Based Reconstruction at 1.5T,2025,2025-09-01,American Journal of Neuroradiology,Ensle F.,10.3174/ajnr.A8750,2-s2.0-105015315228,SCOPUS_ID:105015315228,4,Article,
Impact of Smoking on Recurrence and Angiographic Outcomes after Endovascular Treatment of Intracranial Aneurysms: A Systematic Review and Meta-Analysis,2025,2025-09-01,American Journal of Neuroradiology,Ghozy S.,10.3174/ajnr.A8712,2-s2.0-105014975903,SCOPUS_ID:105014975903,2,Article,
Large Core Trial,2025,2025-09-01,American Journal of Neuroradiology,De Rubeis G.,10.3174/ajnr.A8733,2-s2.0-105015090706,SCOPUS_ID:105015090706,1,Review,
Evaluation of Stapes Image Quality with Ultra-High-Resolution CT in Comparison with Conebeam CT and High-Resolution CT in Cadaveric Heads,2025,2025-09-01,American Journal of Neuroradiology,Puel U.,10.3174/ajnr.A8748,2-s2.0-105015176476,SCOPUS_ID:105015176476,0,Article,
"Long-Term (12 Months) Outcomes of Endovascular Thrombectomy for Large Core Stroke: A Meta-Analysis of SELECT2, TESLA, TENSION, and LASTE Trials",2025,2025-09-01,American Journal of Neuroradiology,Mortezaei A.,10.3174/ajnr.A8749,2-s2.0-105015184098,SCOPUS_ID:105015184098,3,Article,
The Effect of Diagnostic Hypercapnic Cerebrovascular Reactivity Imaging on Vital Signs and Acute and Follow-Up Ischemic Adverse Events in Patients with Flow-Limiting Intracranial Arterial Stenosis,2025,2025-09-01,American Journal of Neuroradiology,Leguizamon M.,10.3174/ajnr.A8714,2-s2.0-105015068842,SCOPUS_ID:105015068842,1,Article,
Recent Trends in Neuroradiologist Compensation and Clinical Productivity in Academic versus Non-Academic Settings,2025,2025-09-01,American Journal of Neuroradiology,Malhotra A.,10.3174/ajnr.A8741,2-s2.0-105015034514,SCOPUS_ID:105015034514,1,Article,
Interobserver and Intraobserver Variability in the Assessment of Prolonged Venous Transit in Anterior Circulation Large-Vessel Occlusion Ischemic Stroke,2025,2025-09-01,American Journal of Neuroradiology,Salim H.A.,10.3174/ajnr.A8778,2-s2.0-105015219267,SCOPUS_ID:105015219267,2,Article,
Diagnostic Performance of Ultrasound in Neck Node NI-RADS Category 2,2025,2025-09-01,American Journal of Neuroradiology,Dagher R.,10.3174/ajnr.A8717,2-s2.0-105010370523,SCOPUS_ID:105010370523,2,Article,
Contrast-Enhanced Brain MRI for Ambulatory Evaluation of Headache: Comprehensive or Excessive?,2025,2025-09-01,American Journal of Neuroradiology,Barkovich E.J.,10.3174/ajnr.A8780,2-s2.0-105015003010,SCOPUS_ID:105015003010,0,Article,
Erratum: Deep Learning-Based Reconstruction for Accelerated Cervical Spine MRI: Utility in the Evaluation of Myelopathy and Degenerative Diseases (AJNR Am J Neuroradiol (2025) 46 (750–57) DOI: 10.3174/ajnr.A8567),2025,2025-09-01,American Journal of Neuroradiology,,10.3174/ajnr.A8941,2-s2.0-105015039168,SCOPUS_ID:105015039168,0,Erratum,
Prevertebral Hematoma: A Potential Biomarker for the Severity of Upper Cervical Spine Trauma and a Predictor for the Need for Surgical Intervention,2025,2025-09-01,American Journal of Neuroradiology,Riascos R.,10.3174/ajnr.A8849,2-s2.0-105015335105,SCOPUS_ID:105015335105,1,Article,
Clinical Translation of Hyperpolarized 13C Metabolic Probes for Glioma Imaging,2025,2025-09-01,American Journal of Neuroradiology,Autry A.W.,10.3174/ajnr.A8726,2-s2.0-105014931611,SCOPUS_ID:105014931611,4,Review,
"Patterns of Epidural Patch Distribution: The Influence of Spinal Level, Injection Technique, and Patch Volume/Composition on Craniocaudal and Ventral Epidural Dispersion",2025,2025-09-01,American Journal of Neuroradiology,Montes D.,10.3174/ajnr.A8720,2-s2.0-105015326955,SCOPUS_ID:105015326955,2,Article,
Automated Midline Shift Detection in Head CT Using Localization and Symmetry Techniques Based on User-Selected Slice,2025,2025-09-01,American Journal of Neuroradiology,Banayan N.E.,10.3174/ajnr.A8767,2-s2.0-105015319465,SCOPUS_ID:105015319465,0,Article,
Characterizing Liquid Embolic Distribution and Its Impact on Chronic Subdural Hematoma Outcomes following Middle Meningeal Artery Embolization,2025,2025-09-01,American Journal of Neuroradiology,Ganga A.,10.3174/ajnr.A8779,2-s2.0-105015101591,SCOPUS_ID:105015101591,0,Article,
"In Plain Sight, a Radiology Workforce Crisis in the Making: Gap between Job Growth and the Radiology Training Pipeline",2025,2025-09-01,American Journal of Neuroradiology,Chen J.Y.,10.3174/ajnr.A8764,2-s2.0-105015138139,SCOPUS_ID:105015138139,1,Article,
CSF-Venous Fistula Transvenous Onyx Embolization: Evaluation of Onyx Migration into the CSF and Potential One-Way Physiology,2025,2025-09-01,American Journal of Neuroradiology,Michaelcheck C.,10.3174/ajnr.A8746,2-s2.0-105015154955,SCOPUS_ID:105015154955,1,Article,
Efficacy and Safety in the Use of Pipeline Vantage Shield Stent versus Pipeline Flex Shield Stent in the Treatment of Patients with Unruptured Intracranial Aneurysms: A Multicenter Study,2025,2025-09-01,American Journal of Neuroradiology,Catalá A.J.,10.3174/ajnr.A8719,2-s2.0-105015216574,SCOPUS_ID:105015216574,1,Article,
Predicting White Matter Hyperintensity: Leveraging Portable MRI for Accessible Brain Health Screening,2025,2025-09-01,American Journal of Neuroradiology,Johnson I.P.,10.3174/ajnr.A8734,2-s2.0-105015202437,SCOPUS_ID:105015202437,5,Article,
Comparison of Prophylactic Endovascular Treatments for Threatened or Impending Internal/Common Carotid Artery Blowout Syndrome,2025,2025-08-01,American Journal of Neuroradiology,Yen H.Y.,10.3174/ajnr.A8716,2-s2.0-105012270667,SCOPUS_ID:105012270667,0,Article,
Slice-to-Volume Reconstruction of Fetal Brain MR Imaging in Clinical Practice,2025,2025-08-01,American Journal of Neuroradiology,Nagaraj U.D.,10.3174/ajnr.A8728,2-s2.0-105012299355,SCOPUS_ID:105012299355,0,Article,
Impact of Stenosis Degree on Outcomes of Stent Placement versus Medical Treatment Alone for Symptomatic Intracranial Stenosis: A Pooled Individual Patient Data Analysis,2025,2025-08-01,American Journal of Neuroradiology,Xing Z.,10.3174/ajnr.A8701,2-s2.0-105012410162,SCOPUS_ID:105012410162,3,Article,
Imaging Clusters of Pediatric Low-Grade Glioma Are Associated with Distinct Molecular Characteristics,2025,2025-08-01,American Journal of Neuroradiology,Kazerooni A.F.,10.3174/ajnr.A8699,2-s2.0-105012376446,SCOPUS_ID:105012376446,3,Article,
The Cortical Vein Opacification Score Is Independently Associated with Good and Excellent Functional Outcomes at 90 Days in Patients with Minor Stroke with Anterior Circulation Large-Vessel Occlusion: A Multicenter Study,2025,2025-08-01,American Journal of Neuroradiology,Lakhani D.A.,10.3174/ajnr.A8739,2-s2.0-105012496575,SCOPUS_ID:105012496575,1,Article,
World’s First Real-Time Artificial Intelligence–Assisted Mechanical Thrombectomy for Acute Ischemic Stroke,2025,2025-08-01,American Journal of Neuroradiology,Hirose E.,10.3174/ajnr.A8704,2-s2.0-105012272139,SCOPUS_ID:105012272139,5,Article,
Sex-Specific Association between Anatomic Variants of the Circle of Willis and Intracranial Aneurysms in Individuals with a Familial Predisposition,2025,2025-08-01,American Journal of Neuroradiology,Nanninga M.H.A.,10.3174/ajnr.A8690,2-s2.0-105012430068,SCOPUS_ID:105012430068,1,Article,
Implications of Hydrocephalus on FDG-PET Statistical Parametric Mapping Analysis in Neurodegenerative Disease Evaluation,2025,2025-08-01,American Journal of Neuroradiology,Ricaurte-Fajardo A.,10.3174/ajnr.A8698,2-s2.0-105012263107,SCOPUS_ID:105012263107,0,Article,
Norrie Disease: Cochlear Enhancement and Cerebellar Signal Abnormalities,2025,2025-08-01,American Journal of Neuroradiology,Ferenchak K.,10.3174/ajnr.A8707,2-s2.0-105012290105,SCOPUS_ID:105012290105,1,Article,
Susceptibility Changes on Preoperative Acetazolamide-Loaded 7T MR Quantitative Susceptibility Mapping Predict Post–Carotid Endarterectomy Cerebral Hyperperfusion,2025,2025-08-01,American Journal of Neuroradiology,Kimura K.,10.3174/ajnr.A8692,2-s2.0-105012411462,SCOPUS_ID:105012411462,0,Article,
Clinical Role of Brain PET in Alzheimer Disease in the Era of Disease-Modifying Therapies,2025,2025-08-01,American Journal of Neuroradiology,Franceschi A.M.,10.3174/ajnr.A8738,2-s2.0-105012466852,SCOPUS_ID:105012466852,1,Article,
Imaging Patterns of Neonatal Subpial Hemorrhage: Provisional Statements on Neurologic Outcomes,2025,2025-08-01,American Journal of Neuroradiology,Martinez-Correa S.,10.3174/ajnr.A8702,2-s2.0-105012386158,SCOPUS_ID:105012386158,0,Article,
Nomogram for Predicting 90-Day Outcomes in Patients with Acute Vertebrobasilar Artery Occlusion Undergoing Endovascular Treatment: A Multicenter Cohort Study,2025,2025-08-01,American Journal of Neuroradiology,Bai B.,10.3174/ajnr.A8648,2-s2.0-105012399241,SCOPUS_ID:105012399241,1,Article,
The Brush Sign Is Associated with a More Severe Oxygen Metabolic Impairment of the Ischemic Penumbra: An MRI-Based Study in Patients with Acute Stroke,2025,2025-08-01,American Journal of Neuroradiology,Criton G.,10.3174/ajnr.A8723,2-s2.0-105012363396,SCOPUS_ID:105012363396,0,Article,
Impact of Previous Glycemic Control on High-Resolution MRI Plaque Characteristics and Stroke Mechanisms in Patients with Middle Cerebral Artery Atherosclerosis,2025,2025-08-01,American Journal of Neuroradiology,Huang Q.,10.3174/ajnr.A8721,2-s2.0-105012937360,SCOPUS_ID:105012937360,0,Article,
Impact of Image Latency and Frame Rate on Simulated Remote Robotic-Assisted Neurovascular Procedures,2025,2025-08-01,American Journal of Neuroradiology,Consoli A.,10.3174/ajnr.A8722,2-s2.0-105012302187,SCOPUS_ID:105012302187,0,Article,
Outcomes of Radiologist Recommendations for Temporal Bone CT to Assess Superior Semicircular Canal Dehiscence on Temporal Bone MRI,2025,2025-08-01,American Journal of Neuroradiology,Rabiei P.,10.3174/ajnr.A8691,2-s2.0-105012289823,SCOPUS_ID:105012289823,2,Article,
"Radiologist, Trainee, and Logistical Factors Impacting the Timeliness of CTA Head and Neck Reporting in Stroke Code Activations",2025,2025-08-01,American Journal of Neuroradiology,Zaree O.A.,10.3174/ajnr.A8660,2-s2.0-105012289945,SCOPUS_ID:105012289945,0,Article,
Neuroradiology Fellowship Programs: A Comprehensive Guide for Neuroradiology Fellowship Program Directors,2025,2025-08-01,American Journal of Neuroradiology,Hagiwara M.,10.3174/ajnr.A8838,2-s2.0-105012282890,SCOPUS_ID:105012282890,0,Article,
Proximal Protection Devices for Carotid Artery Stent Placement: A Benchtop Assessment of Flow Reversal Performance,2025,2025-08-01,American Journal of Neuroradiology,Li J.,10.3174/ajnr.A8664,2-s2.0-105012390851,SCOPUS_ID:105012390851,0,Article,
Altered Functional Connectivity and Amyloid Deposition in Posttraumatic Stress Disorder–Associated Cognitive Impairment,2025,2025-08-01,American Journal of Neuroradiology,Dagher R.,10.3174/ajnr.A8694,2-s2.0-105012259599,SCOPUS_ID:105012259599,0,Article,
Endovascular Treatment for Tentorial Dural Arteriovenous Fistulas: A Retrospective Single-Center Study,2025,2025-08-01,American Journal of Neuroradiology,Zhang G.,10.3174/ajnr.A8676,2-s2.0-105012201062,SCOPUS_ID:105012201062,3,Article,
Advanced Imaging of Type 2 Spinal CSF Leaks with Ultra-High-Resolution Conebeam CT Myelography,2025,2025-08-01,American Journal of Neuroradiology,Lützen N.,10.3174/ajnr.A8675,2-s2.0-105012366628,SCOPUS_ID:105012366628,0,Article,
Corticospinal Tract Displacement: A Novel Imaging Marker for Arm Recovery in Patients with Acute Hypertensive Intracerebral Hemorrhage,2025,2025-08-01,American Journal of Neuroradiology,Savitz S.I.,10.3174/ajnr.A8729,2-s2.0-105012375346,SCOPUS_ID:105012375346,0,Article,
Prevalence of Endolymphatic Hydrops Herniation into the Semicircular Canals in Primary Hydropic Ear Disease: Correlation with Clinical and Radiologic Parameters,2025,2025-08-01,American Journal of Neuroradiology,de Pont L.M.H.,10.3174/ajnr.A8765,2-s2.0-105012269749,SCOPUS_ID:105012269749,0,Article,
Impact of Previous Glycemic Control on High-Resolution MRI Plaque Characteristics and Stroke Mechanisms in Patients with Middle Cerebral Artery Atherosclerosis,2025,2025-08-01,American Journal of Neuroradiology,Huang Q.,10.3174/ajnr.A8721,2-s2.0-105012937360,SCOPUS_ID:105012937360,0,Article,
Safety and Efficacy of Combined Venous Sinus Balloon Protection Technique in Transarterial Embolization of Low- and Intermediate-Grade Transverse-Sigmoid Sinus Dural,2025,2025-08-01,American Journal of Neuroradiology,Liu H.,10.3174/ajnr.A8709,2-s2.0-105012270465,SCOPUS_ID:105012270465,1,Article,
Optimization of Photon-Counting CT Myelography for the Detection of CSF-Venous Fistulas Using Convolutional Neural Network Denoising: A Comparative Analysis of Reconstruction Techniques,2025,2025-08-01,American Journal of Neuroradiology,Madhavan A.A.,10.3174/ajnr.A8695,2-s2.0-105012285970,SCOPUS_ID:105012285970,4,Article,
In Vivo Visualization of Charcot-Bouchard Aneurysms on Lenticulostriate Arteries Using 7T MRI,2025,2025-08-01,American Journal of Neuroradiology,Jiaerken Y.,10.3174/ajnr.A8705,2-s2.0-105012515292,SCOPUS_ID:105012515292,0,Article,
Frontal Paraventricular Cysts: Refined Definitions and Outcomes,2025,2025-08-01,American Journal of Neuroradiology,Whitehead M.T.,10.3174/ajnr.A8653,2-s2.0-105012273483,SCOPUS_ID:105012273483,1,Article,
Distinguishing Intracranial Solitary Fibrous Tumors from Meningiomas: The Diagnostic Value of T1-Weighted MRI Signal Intensity and ADC Values,2025,2025-08-01,American Journal of Neuroradiology,Cho S.,10.3174/ajnr.A8703,2-s2.0-105012298502,SCOPUS_ID:105012298502,1,Article,
Tenecteplase versus Alteplase and First-Pass Reperfusion in Endovascular Thrombectomy,2025,2025-08-01,American Journal of Neuroradiology,Diprose W.K.,10.3174/ajnr.A8763,2-s2.0-105012283069,SCOPUS_ID:105012283069,2,Article,
Hydrogel Coils versus Bare Platinum Coils for the Treatment of Ruptured and Unruptured Aneurysms: An Updated Systematic Review and Meta-Analysis of Randomized Controlled Trials,2025,2025-07-01,American Journal of Neuroradiology,Cortese J.,10.3174/ajnr.A8697,2-s2.0-105009552849,SCOPUS_ID:105009552849,1,Article,
Management Outcomes after Image-Guided Percutaneous Biopsy for Suspected Vertebral Osteomyelitis-Discitis,2025,2025-07-01,American Journal of Neuroradiology,Malik D.G.,10.3174/ajnr.A8630,2-s2.0-105009544001,SCOPUS_ID:105009544001,5,Article,
Endovascular Treatment of Wide-Neck Intracranial Aneurysms Using the Novel Contour Neurovascular System: 5-Year Follow-up,2025,2025-07-01,American Journal of Neuroradiology,Ktayen H.,10.3174/ajnr.A8641,2-s2.0-105009545799,SCOPUS_ID:105009545799,1,Article,
Image-Based Search in Radiology: Identification of Brain Tumor Subtypes within Databases Using MRI-Based Radiomic Features,2025,2025-07-01,American Journal of Neuroradiology,von Reppert M.,10.3174/ajnr.A8805,2-s2.0-105009822657,SCOPUS_ID:105009822657,2,Article,
Neuroimaging Spectrum of Erdheim-Chester Disease: An Image-Based Review,2025,2025-07-01,American Journal of Neuroradiology,Rai P.,10.3174/ajnr.A8599,2-s2.0-105009767745,SCOPUS_ID:105009767745,3,Review,
Cracking the Code of Calcification: How Presence and Burden among Intracranial Arteries Influence Stroke Incidence and Recurrence,2025,2025-07-01,American Journal of Neuroradiology,Conte M.,10.3174/ajnr.A8668,2-s2.0-105009650744,SCOPUS_ID:105009650744,2,Article,
A Review of the Opportunities and Challenges with Large Language Models in Radiology: The Road Ahead,2025,2025-07-01,American Journal of Neuroradiology,Soni N.,10.3174/ajnr.A8589,2-s2.0-105009646777,SCOPUS_ID:105009646777,20,Review,
Effect of SARS-CoV-2 Infection on Endovascular Thrombectomy Outcomes—Data from the Florida Stroke Registry,2025,2025-07-01,American Journal of Neuroradiology,Fountain H.B.,10.3174/ajnr.A8673,2-s2.0-105009547020,SCOPUS_ID:105009547020,1,Article,
Cross-Sectional Validation of an Automated Lesion Segmentation Software in Multiple Sclerosis: Comparison with Radiologist Assessments,2025,2025-07-01,American Journal of Neuroradiology,Spampinato M.V.,10.3174/ajnr.A8655,2-s2.0-105009495604,SCOPUS_ID:105009495604,2,Article,
Prevalence and Characteristics of Microspurs in Patients with Spontaneous Intracranial Hypotension Compared with the General Population,2025,2025-07-01,American Journal of Neuroradiology,Nasiri D.,10.3174/ajnr.A8644,2-s2.0-105009645777,SCOPUS_ID:105009645777,6,Article,
CPT Codes for MRI Safety—A User's Guide,2025,2025-07-01,American Journal of Neuroradiology,Segovis C.M.,10.3174/ajnr.A8661,2-s2.0-105009537665,SCOPUS_ID:105009537665,1,Article,
Peritumoral Hyperintense Signal on Postcontrast FLAIR Images Surrounding Vestibular Schwannomas following Stereotactic Radiosurgery,2025,2025-07-01,American Journal of Neuroradiology,Nguyen S.T.,10.3174/ajnr.A8657,2-s2.0-105009544917,SCOPUS_ID:105009544917,0,Article,
The Sensitivity of Arterial Spin-Labeling Imaging for Detection of Head and Neck Paragangliomas,2025,2025-07-01,American Journal of Neuroradiology,Yu Y.,10.3174/ajnr.A8727,2-s2.0-105009551737,SCOPUS_ID:105009551737,0,Article,
Quantitative Shape Irregularity and Density Heterogeneity of Preoperative Hematoma Can Predict Rebleeding following Minimally Invasive Catheter Evacuation for Intracerebral Hemorrhage,2025,2025-07-01,American Journal of Neuroradiology,Kang K.,10.3174/ajnr.A8680,2-s2.0-105009539313,SCOPUS_ID:105009539313,0,Article,
Deep Invasion Volume of the Primary Nasopharyngeal Carcinoma Predicts Treatment Outcome,2025,2025-07-01,American Journal of Neuroradiology,Ai Q.Y.H.,10.3174/ajnr.A8678,2-s2.0-105009552379,SCOPUS_ID:105009552379,0,Article,
Perfusion Showdown: Comparison of Multiple MRI Perfusion Techniques in the Grading of Pediatric Brain Tumors,2025,2025-07-01,American Journal of Neuroradiology,Ho C.Y.,10.3174/ajnr.A8635,2-s2.0-105009546242,SCOPUS_ID:105009546242,3,Article,
A Method for Imaging the Ischemic Penumbra with MRI Using Intravoxel Incoherent Motion,2025,2025-07-01,American Journal of Neuroradiology,Liu M.M.,10.3174/ajnr.A8656,2-s2.0-105009511620,SCOPUS_ID:105009511620,7,Article,
Safety and Effectiveness of a Novel Integrated Angiography System for Continuous Guidance and Flushing in Diagnostic Cerebral Catheter Angiography: A Randomized Controlled Trial,2025,2025-07-01,American Journal of Neuroradiology,Kwon B.,10.3174/ajnr.A8700,2-s2.0-105009537926,SCOPUS_ID:105009537926,0,Article,
Circle of Willis Variants and Their Association with Outcome after Successful Revascularization of Anterior Large Vessel Occlusion,2025,2025-07-01,American Journal of Neuroradiology,Sriwastwa A.,10.3174/ajnr.A8643,2-s2.0-105009538712,SCOPUS_ID:105009538712,1,Article,
Deep Learning MRI Models for the Differential Diagnosis of Tumefactive Demyelination versus IDH Wild-Type Glioblastoma,2025,2025-07-01,American Journal of Neuroradiology,Conte G.M.,10.3174/ajnr.A8645,2-s2.0-105009842600,SCOPUS_ID:105009842600,0,Article,
Sodium MRI in Pediatric Brain Tumors,2025,2025-07-01,American Journal of Neuroradiology,Bhatia A.,10.3174/ajnr.A8642,2-s2.0-105009477584,SCOPUS_ID:105009477584,1,Review,
Location-Specific Net Water Uptake and Malignant Cerebral Edema in Acute Anterior Circulation Occlusion Ischemic Stroke,2025,2025-07-01,American Journal of Neuroradiology,Cheng X.Q.,10.3174/ajnr.A8659,2-s2.0-105010139844,SCOPUS_ID:105010139844,4,Article,
Antiamyloid Therapy and Cerebral Blood Flow Changes on MRI: A Potential Longitudinal Biomarker of Treatment Response?,2025,2025-07-01,American Journal of Neuroradiology,Ricaurte-Fajardo A.,10.3174/ajnr.A8654,2-s2.0-105009795614,SCOPUS_ID:105009795614,0,Article,
Application of Deep Learning Accelerated Image Reconstruction in T2-Weighted Turbo Spin-Echo Imaging of the Brain at 7T,2025,2025-07-01,American Journal of Neuroradiology,Liu Z.,10.3174/ajnr.A8662,2-s2.0-105009495111,SCOPUS_ID:105009495111,6,Article,
The Value of Quantitative Susceptibility Mapping and Morphometry in the Differential Diagnosis of Parkinsonism,2025,2025-07-01,American Journal of Neuroradiology,Li Y.,10.3174/ajnr.A8665,2-s2.0-105009640706,SCOPUS_ID:105009640706,5,Article,
Arterial Spin-Labeling MRI Identifies Abnormal Perfusion Metric at the Gray Matter/CSF Interface in Cerebral Small Vessel Disease,2025,2025-07-01,American Journal of Neuroradiology,Mahammedi A.,10.3174/ajnr.A8682,2-s2.0-105009469877,SCOPUS_ID:105009469877,2,Article,
Correlation between P2-PCA Volume Flow Rate and BOLD Cerebrovascular Reactivity in Patients with Symptomatic Carotid Artery Occlusion,2025,2025-07-01,American Journal of Neuroradiology,Walser A.,10.3174/ajnr.A8626,2-s2.0-105009545478,SCOPUS_ID:105009545478,0,Article,
High-Resolution MR Imaging of the Parasellar Ligaments,2025,2025-07-01,American Journal of Neuroradiology,Mark I.T.,10.3174/ajnr.A8658,2-s2.0-105009635977,SCOPUS_ID:105009635977,0,Article,
Improving the Robustness of Deep Learning Models in Predicting Hematoma Expansion from Admission Head CT,2025,2025-07-01,American Journal of Neuroradiology,Tran A.T.,10.3174/ajnr.A8650,2-s2.0-105009637404,SCOPUS_ID:105009637404,4,Article,
Fusion of FDG and FMZ PET Reduces False-Positives in Predicting Epileptogenic Zone,2025,2025-07-01,American Journal of Neuroradiology,Cai B.,10.3174/ajnr.A8647,2-s2.0-105009541301,SCOPUS_ID:105009541301,3,Article,
Comparing CT-Like Bone Images Based on Fast Field Echo Resembling a CT Using Restricted Echo Spacing (FRACTURE) MR with CT in Pediatric Congenital Vertebral Anomalies,2025,2025-07-01,American Journal of Neuroradiology,Manek H.,10.3174/ajnr.A8639,2-s2.0-105009552164,SCOPUS_ID:105009552164,2,Article,
MRI Interpretation Errors in Adult Patients with Medically Refractory Epilepsy,2025,2025-07-01,American Journal of Neuroradiology,Haughey A.M.,10.3174/ajnr.A8681,2-s2.0-105009747376,SCOPUS_ID:105009747376,0,Article,
Supporting Imaging Research: A Framework for Equity and Excellence in Neuroradiology,2025,2025-06-01,American Journal of Neuroradiology,Wintermark M.,10.3174/ajnr.A8744,2-s2.0-105008358387,SCOPUS_ID:105008358387,0,Editorial,
Gender Differences in Medicare Practice and Payment of Neuroradiologists,2025,2025-06-01,American Journal of Neuroradiology,Malhotra A.,10.3174/ajnr.A8633,2-s2.0-105008260732,SCOPUS_ID:105008260732,4,Article,
Dissociation of Structural and Functional Connectivity and Metabolism in the Neocortex of Idiopathic Generalized Epilepsy: A Simultaneous PET/MRI Multimodal Study,2025,2025-06-01,American Journal of Neuroradiology,Yao C.,10.3174/ajnr.A8612,2-s2.0-105008358181,SCOPUS_ID:105008358181,1,Article,
Evaluation of Vestibular Schwannoma Size across Time: How Well Do the Experts Perform and What Can Be Improved?,2025,2025-06-01,American Journal of Neuroradiology,Bathla G.,10.3174/ajnr.A8614,2-s2.0-105008308638,SCOPUS_ID:105008308638,0,Article,
Decreased Visibility of Deep Medullary Vein Associated with Cerebral Small Vessel Disease Burden through Increased Interstitial Fluid in White Matter,2025,2025-06-01,American Journal of Neuroradiology,Xu Z.,10.3174/ajnr.A8632,2-s2.0-105008358205,SCOPUS_ID:105008358205,1,Article,
Flow Diversion for the Treatment of Distal Circulation Aneurysms: A Randomized Comparison,2025,2025-06-01,American Journal of Neuroradiology,Boisseau W.,10.3174/ajnr.A8620,2-s2.0-105008346236,SCOPUS_ID:105008346236,2,Article,
Comprehensive Analysis of Neurologic Complications following Transradial Cerebral Angiography,2025,2025-06-01,American Journal of Neuroradiology,Kim H.,10.3174/ajnr.A8625,2-s2.0-105008298810,SCOPUS_ID:105008298810,0,Article,
Ultra-High-Resolution Photon-Counting-Detector CT with a Dedicated Denoising Convolutional Neural Network for Enhanced Temporal Bone Imaging,2025,2025-06-01,American Journal of Neuroradiology,Chang S.,10.3174/ajnr.A8572,2-s2.0-105007280705,SCOPUS_ID:105007280705,5,Article,
[18F]-FDG Uptake as a Marker of Residual Anaplastic and Poorly Differentiated Thyroid Carcinoma following BRAF-Targeted Therapy,2025,2025-06-01,American Journal of Neuroradiology,Dagher S.A.,10.3174/ajnr.A8588,2-s2.0-105008339128,SCOPUS_ID:105008339128,3,Article,
Delta Wave MRI: fMRI of Electrophysiologic Activity,2025,2025-06-01,American Journal of Neuroradiology,Berman J.I.,10.3174/ajnr.A8618,2-s2.0-105008293070,SCOPUS_ID:105008293070,1,Article,
Effects of Psilocybin on Mouse Brain Microstructure,2025,2025-06-01,American Journal of Neuroradiology,Frautschi P.C.,10.3174/ajnr.A8634,2-s2.0-105008325629,SCOPUS_ID:105008325629,1,Article,
Deep Medullary Vein Integrity and Relationships with Small Vessel Disease and Interstitial Diffusivity Measures in Patients with a Recent Small Subcortical Infarct,2025,2025-06-01,American Journal of Neuroradiology,Brenlla C.,10.3174/ajnr.A8591,2-s2.0-105008285359,SCOPUS_ID:105008285359,4,Article,
Diagnostic Confidence of Contrast-Enhanced T1-Weighted MRI for the Detection of Brain Metastases: 3D FSE versus 3D GRE–Based Sequences,2025,2025-06-01,American Journal of Neuroradiology,Gule-Monroe M.,10.3174/ajnr.A8590,2-s2.0-105008297183,SCOPUS_ID:105008297183,2,Article,
Enhancing Lesion Detection in Inflammatory Myelopathies: A Deep Learning Reconstructed Double Inversion Recovery MRI Approach,2025,2025-06-01,American Journal of Neuroradiology,Fang Q.,10.3174/ajnr.A8582,2-s2.0-105008327732,SCOPUS_ID:105008327732,0,Article,
Cognitive Control Network and Language Reorganization in Patients with Brain Tumors,2025,2025-06-01,American Journal of Neuroradiology,Pasquini L.,10.3174/ajnr.A8638,2-s2.0-105008332574,SCOPUS_ID:105008332574,0,Article,
Factors Associated with Major Re-Recanalization following Second Coiling for Recanalized Aneurysms: A Multicenter Experience over 20 Years during Long-Term Follow-up,2025,2025-06-01,American Journal of Neuroradiology,Fuga M.,10.3174/ajnr.A8671,2-s2.0-105007353992,SCOPUS_ID:105007353992,1,Article,
Role of Hypoperfusion Intensity Ratio in Vessel Occlusions: A Review on Safety and Clinical Outcomes,2025,2025-06-01,American Journal of Neuroradiology,Rehman S.,10.3174/ajnr.A8557,2-s2.0-105008339526,SCOPUS_ID:105008339526,18,Review,
Accuracy of Financial Disclosures by Scientific Presenters/Authors at the ASNR 2024 Annual Meeting,2025,2025-06-01,American Journal of Neuroradiology,Malhotra A.,10.3174/ajnr.A8600,2-s2.0-105008327826,SCOPUS_ID:105008327826,3,Article,
The Inferior Cerebellar Peduncle Sign: A Novel Imaging Marker for Differentiating Multiple System Atrophy Cerebellar Type from Spinocerebellar Ataxia,2025,2025-06-01,American Journal of Neuroradiology,Lim C.Y.,10.3174/ajnr.A8623,2-s2.0-105007155851,SCOPUS_ID:105007155851,6,Article,
Optimizing Image Quality in Cerebral 3D Rotational Angiography: A Study on the Impact of Voxel Size,2025,2025-06-01,American Journal of Neuroradiology,Han S.,10.3174/ajnr.A8672,2-s2.0-105008358024,SCOPUS_ID:105008358024,0,Article,
Low- and Intermediate-Grade Lateral Sinus Dural Arteriovenous Fistulas: Factors Affecting the Outcome of Endovascular Treatment over 18-Year Experience in a High-Volume Neurovascular Center,2025,2025-06-01,American Journal of Neuroradiology,Duan G.,10.3174/ajnr.A8622,2-s2.0-105008303602,SCOPUS_ID:105008303602,0,Article,
Effectiveness and Safety of Mechanical Thrombectomy in Mild Stroke due to Large-Vessel Occlusion: Insights from the ASSIST Registry,2025,2025-06-01,American Journal of Neuroradiology,Hohenstatt S.,10.3174/ajnr.A8613,2-s2.0-105008331265,SCOPUS_ID:105008331265,2,Article,
Transophthalmic Artery Embolization of Anterior Skull Base Meningiomas: Technical Case Series,2025,2025-06-01,American Journal of Neuroradiology,Essibayi M.A.,10.3174/ajnr.A8624,2-s2.0-105008290121,SCOPUS_ID:105008290121,1,Article,
Neuroimaging Reader Study on Clinical Sensitivity and Specificity Using Synthetic MRI Based on MR Quantification,2025,2025-06-01,American Journal of Neuroradiology,Miller J.H.,10.3174/ajnr.A8631,2-s2.0-105008357979,SCOPUS_ID:105008357979,0,Article,
Normal Facial Nerve Enhancement on Volumetric Interpolated Breath-Hold Examination MRI Sequence,2025,2025-06-01,American Journal of Neuroradiology,Nawaz N.,10.3174/ajnr.A8592,2-s2.0-105008281892,SCOPUS_ID:105008281892,0,Article,
Single Large-Scale Mitochondrial Deletion Syndromes: Neuroimaging Phenotypes and Longitudinal Progression in Pediatric Patients,2025,2025-06-01,American Journal of Neuroradiology,Alves C.A.P.F.,10.3174/ajnr.A8670,2-s2.0-105008358092,SCOPUS_ID:105008358092,2,Article,
"Safety and Efficacy of the Neuroform Atlas Stent for Treatment of Intracranial Aneurysms: A Systematic Review, Meta-Analysis, and Meta-Regression",2025,2025-06-01,American Journal of Neuroradiology,Akram U.,10.3174/ajnr.A8593,2-s2.0-105008288548,SCOPUS_ID:105008288548,3,Article,
Contrast-Enhanced CISS/FIESTA Imaging for Increased Conspicuity of Pituitary Microadenomas in Cushing Disease,2025,2025-06-01,American Journal of Neuroradiology,Mark I.T.,10.3174/ajnr.A8596,2-s2.0-105007243013,SCOPUS_ID:105007243013,2,Article,
7T MRI as a Powerful Tool to Detect Small- and Medium-Size Vessel CNS Vasculitis,2025,2025-06-01,American Journal of Neuroradiology,Hoffmann A.,10.3174/ajnr.A8627,2-s2.0-105007248879,SCOPUS_ID:105007248879,3,Article,
"A Review of Intracranial Aneurysm Imaging Modalities, from CT to State-of-the-Art MR",2025,2025-06-01,American Journal of Neuroradiology,Allaw S.,10.3174/ajnr.A8549,2-s2.0-105008283893,SCOPUS_ID:105008283893,6,Review,
Mesenchymal Nonmeningothelial Tumors of the CNS: Evolving Molecular Landscape and Implications for Neuroradiologists,2025,2025-05-01,American Journal of Neuroradiology,Soni N.,10.3174/ajnr.A8519,2-s2.0-105004704605,SCOPUS_ID:105004704605,2,Review,
Prepontine Cistern Filling Independently Predicts Poor Neurologic Outcomes in Ruptured PICA Aneurysms,2025,2025-05-01,American Journal of Neuroradiology,Lefevre E.,10.3174/ajnr.A8615,2-s2.0-105004688238,SCOPUS_ID:105004688238,1,Article,
Deep Learning–Based Algorithm for Automatic Quantification of Nigrosome-1 and Parkinsonism Classification Using Susceptibility Map–Weighted MRI,2025,2025-05-01,American Journal of Neuroradiology,Suh P.S.,10.3174/ajnr.A8585,2-s2.0-105004702269,SCOPUS_ID:105004702269,7,Article,
Repeatability and Reproducibility of Pseudocontinuous Arterial Spin-Labeling–Measured Brain Perfusion in Healthy Volunteers and Patients with Glioblastoma,2025,2025-05-01,American Journal of Neuroradiology,Zhou L.,10.3174/ajnr.A8551,2-s2.0-105004692753,SCOPUS_ID:105004692753,1,Article,
Inner Ear Signal Abnormalities of Adjacent Intracranial Lipochoristoma,2025,2025-05-01,American Journal of Neuroradiology,Benson J.C.,10.3174/ajnr.A8603,2-s2.0-105004692535,SCOPUS_ID:105004692535,0,Article,
Empowering Data Sharing in Neuroscience: A Deep Learning Deidentification Method for Pediatric Brain MRIs,2025,2025-05-01,American Journal of Neuroradiology,Familiar A.M.,10.3174/ajnr.A8581,2-s2.0-105004697120,SCOPUS_ID:105004697120,4,Article,
"Postprocedural Brachial Neuritis: Clinical, Electrodiagnostic, and Neuroimaging Features",2025,2025-05-01,American Journal of Neuroradiology,Ambati V.S.,10.3174/ajnr.A8561,2-s2.0-105004689208,SCOPUS_ID:105004689208,1,Article,
Flexible Array for Cervical and Extraspinal (FACE) MR Neurography of the Occipital Nerves at 3T,2025,2025-05-01,American Journal of Neuroradiology,Lin Y.,10.3174/ajnr.A8597,2-s2.0-105004704950,SCOPUS_ID:105004704950,2,Article,
Diagnostic Performance of Fast Brain MRI Compared with Routine Clinical MRI in Patients with Glioma Grades 3 and 4: A Pilot Study,2025,2025-05-01,American Journal of Neuroradiology,De Luca F.,10.3174/ajnr.A8558,2-s2.0-105004697328,SCOPUS_ID:105004697328,1,Article,
Development and Evaluation of Automated Artificial Intelligence–Based Brain Tumor Response Assessment in Patients with Glioblastoma,2025,2025-05-01,American Journal of Neuroradiology,Zhang J.,10.3174/ajnr.A8580,2-s2.0-105004682614,SCOPUS_ID:105004682614,3,Article,
Hyperperfusion and Blood-Brain Barrier Disruption beyond the Diffusion-Restricted Infarct 1 Day after Successful Mechanical Thrombectomy,2025,2025-05-01,American Journal of Neuroradiology,Mutke M.A.,10.3174/ajnr.A8602,2-s2.0-105004673235,SCOPUS_ID:105004673235,0,Article,
Prolonged Venous Transit on Perfusion Imaging Is Associated with Longer Lengths of Stay in Acute Large Vessel Occlusions,2025,2025-05-01,American Journal of Neuroradiology,Koneru M.,10.3174/ajnr.A8611,2-s2.0-105004700016,SCOPUS_ID:105004700016,15,Article,
Mapping Fetal Brain Development of 10 Weeks’ Gestational Age with 9.4T Postmortem MRI and Histologic Sections,2025,2025-05-01,American Journal of Neuroradiology,Zhang Z.,10.3174/ajnr.A8595,2-s2.0-105004707589,SCOPUS_ID:105004707589,3,Article,
"Accuracy of an nnUNet Neural Network for the Automatic Segmentation of Intracranial Aneurysms, Their Parent Vessels, and Major Cerebral Arteries from MRI-TOF",2025,2025-05-01,American Journal of Neuroradiology,Colombo E.,10.3174/ajnr.A8607,2-s2.0-105004700397,SCOPUS_ID:105004700397,2,Article,
Stroke Thrombectomy for Large Infarcts with Limited Penumbra: Systematic Review and Meta-Analysis of Randomized Trials,2025,2025-05-01,American Journal of Neuroradiology,Chen H.,10.3174/ajnr.A8553,2-s2.0-105004680190,SCOPUS_ID:105004680190,4,Article,
Association of Pretreatment Perfusion Imaging Parameters with 90-Day Excellent Functional Outcomes in Anterior Circulation Distal Medium Vessel Occlusion Stroke,2025,2025-05-01,American Journal of Neuroradiology,Salim H.A.,10.3174/ajnr.A8584,2-s2.0-105004703214,SCOPUS_ID:105004703214,20,Article,
Comprehensive Review of Inner Ear Anatomy on Photon-Counting CT,2025,2025-05-01,American Journal of Neuroradiology,Rao D.,10.3174/ajnr.A8410,2-s2.0-105004207137,SCOPUS_ID:105004207137,8,Review,
Stent Angioplasty for the Treatment of Cerebral Vasospasm: A Systematic Review and Meta-Analysis,2025,2025-05-01,American Journal of Neuroradiology,Cortese J.,10.3174/ajnr.A8617,2-s2.0-105004709428,SCOPUS_ID:105004709428,3,Article,
Erratum: Clinical Results of the ANAIS Study: Mechanical Thrombectomy Using the ANA Device in Combination with a Stent Retriever in Subjects with Acute Ischemic Stroke (AJNR Am J Neuroradiol (2025) 46 (502–509) DOI: 10.3174/ajnr.A8556),2025,2025-05-01,American Journal of Neuroradiology,,10.3174/ajnr.A8740,2-s2.0-105004550115,SCOPUS_ID:105004550115,0,Erratum,
Assessing the Diagnostic Value of Brain White Matter Hyperintensities and Clinical Symptoms in Predicting the Detection of CSF-Venous Fistula in Patients with Suspected Spontaneous Intracranial Hypotension,2025,2025-05-01,American Journal of Neuroradiology,Pisani Petrucci S.L.,10.3174/ajnr.A8548,2-s2.0-105004680579,SCOPUS_ID:105004680579,3,Article,
Additional Diagnostic Value of Conebeam CT Myelography Performed after Digital Subtraction Myelography for Detecting CSF-Venous Fistulas,2025,2025-05-01,American Journal of Neuroradiology,Madhavan A.A.,10.3174/ajnr.A8535,2-s2.0-105004691580,SCOPUS_ID:105004691580,13,Article,
A Comparative Study of CT Perfusion Postprocessing Tools in Medium/Distal Vessel Occlusion Stroke,2025,2025-05-01,American Journal of Neuroradiology,Corbaz H.,10.3174/ajnr.A8616,2-s2.0-105004709563,SCOPUS_ID:105004709563,1,Article,
Long-Term Outcome of Rescue Stenting for Acute Intracranial Atherosclerotic Stenosis–Related Large Vessel Occlusion in the Anterior Circulation,2025,2025-05-01,American Journal of Neuroradiology,Park H.,10.3174/ajnr.A8598,2-s2.0-105004671063,SCOPUS_ID:105004671063,1,Article,
High Wall Shear Stress Is Related to Complicated American Heart Association Lesion Type VI Plaques in Mild-to-Moderate ICA Stenosis: A 3D Cardiovascular MRI Study,2025,2025-05-01,American Journal of Neuroradiology,Strecker C.,10.3174/ajnr.A8583,2-s2.0-105004691843,SCOPUS_ID:105004691843,3,Article,
"Automated Quantification of Cerebral Microbleeds in SWI: Association with Vascular Risk Factors, White Matter Hyperintensity Burden, and Cognitive Function",2025,2025-05-01,American Journal of Neuroradiology,Ko J.S.,10.3174/ajnr.A8552,2-s2.0-105004672657,SCOPUS_ID:105004672657,2,Article,
Neuroimaging within the Stroke Treatment Paradigm – An Update from the Brain Attack Coalition,2025,2025-05-01,American Journal of Neuroradiology,Yedavalli V.,10.3174/ajnr.A8731,2-s2.0-105004697685,SCOPUS_ID:105004697685,0,Editorial,
The Cortical Vein Opacification Score (COVES) Is Independently Associated with DSA ASITN Collateral Score,2025,2025-05-01,American Journal of Neuroradiology,Lakhani D.A.,10.3174/ajnr.A8601,2-s2.0-105004668738,SCOPUS_ID:105004668738,7,Article,
Coronal Clival Cleft in CHARGE Syndrome: Fetal MRI Series,2025,2025-05-01,American Journal of Neuroradiology,Teixeira S.R.,10.3174/ajnr.A8609,2-s2.0-105004627661,SCOPUS_ID:105004627661,2,Article,
Change in Emergency Department Length of Stay following Routine Adoption of Dual-Energy CT to Differentiate Intracranial Hemorrhage from Calcification,2025,2025-05-01,American Journal of Neuroradiology,Tran N.A.,10.3174/ajnr.A8610,2-s2.0-105004698187,SCOPUS_ID:105004698187,0,Article,
Synthetic MRI in Progressive MS: Associations with Disability,2025,2025-04-01,American Journal of Neuroradiology,Braga N.,10.3174/ajnr.A8605,2-s2.0-105002330155,SCOPUS_ID:105002330155,0,Article,
Thrombectomy Alone or Alongside Intravenous Thrombolysis in Managing Acute Ischemic Stroke Caused by Basilar Artery Occlusion: A Multicenter Observational Study,2025,2025-04-01,American Journal of Neuroradiology,Yang M.,10.3174/ajnr.A8520,2-s2.0-105002291312,SCOPUS_ID:105002291312,6,Article,
Pituitary Gland Duplication Syndrome: An International Imaging Analysis,2025,2025-04-01,American Journal of Neuroradiology,Löbel U.,10.3174/ajnr.A8534,2-s2.0-105002483344,SCOPUS_ID:105002483344,1,Article,
Clinical Characteristics of Branchial Cleft Anomalies,2025,2025-04-01,American Journal of Neuroradiology,Rowlands N.,10.3174/ajnr.A8604,2-s2.0-105002335321,SCOPUS_ID:105002335321,1,Article,
"Introducing the Gene & Cell Therapy Study Group of the ASNR, ASFNR, and ASPNR",2025,2025-04-01,American Journal of Neuroradiology,Narsinh K.H.,10.3174/ajnr.A8745,2-s2.0-105002232965,SCOPUS_ID:105002232965,0,Editorial,
Laser Interstitial Thermal Therapy for Intra-Axial Brain Tumors: Everything the Neuroradiologist Should Know,2025,2025-04-01,American Journal of Neuroradiology,Rademacher A.F.,10.3174/ajnr.A8427,2-s2.0-105002780375,SCOPUS_ID:105002780375,2,Review,
Super-Resolution in Clinically Available Spinal Cord MRIs Enables Automated Atrophy Analysis,2025,2025-04-01,American Journal of Neuroradiology,Dewey B.E.,10.3174/ajnr.A8526,2-s2.0-105002318755,SCOPUS_ID:105002318755,3,Article,
What Constitutes Neuroradiology Diagnostic Quality and How Does It Affect Coverage Decisions?,2025,2025-04-01,American Journal of Neuroradiology,Mukherji S.K.,10.3174/ajnr.A8735,2-s2.0-105002295934,SCOPUS_ID:105002295934,0,Editorial,
Clinical Improvement after Shunt Surgery in Patients with Idiopathic Normal Pressure Hydrocephalus Can Be Quantified by Diffusion Tensor Imaging,2025,2025-04-01,American Journal of Neuroradiology,Bubeníková A.,10.3174/ajnr.A8571,2-s2.0-105002326535,SCOPUS_ID:105002326535,4,Article,
Evidence of Small Vessel Disease in Patients with Transient Global Amnesia Based on the Peak Width of Skeletonized Mean Diffusivity,2025,2025-04-01,American Journal of Neuroradiology,Lee D.A.,10.3174/ajnr.A8530,2-s2.0-105002769372,SCOPUS_ID:105002769372,1,Article,
Diagnostic Value of PET Tracers in Differentiating Glioma Tumor Recurrence from Treatment-Related Changes: A Systematic Review and Meta-Analysis,2025,2025-04-01,American Journal of Neuroradiology,Zhou C.,10.3174/ajnr.A8565,2-s2.0-105002312353,SCOPUS_ID:105002312353,5,Article,
Embolization of Posterior Fossa Meningiomas Supplied with Meningohypophyseal Trunk by Using n-BCA and Dual Balloon Protection,2025,2025-04-01,American Journal of Neuroradiology,Tega J.,10.3174/ajnr.A8536,2-s2.0-105002740977,SCOPUS_ID:105002740977,2,Article,
CT-Based Intrathrombus and Perithrombus Radiomics for Prediction of Prognosis after Endovascular Thrombectomy: A Retrospective Study across 2 Centers,2025,2025-04-01,American Journal of Neuroradiology,Minda L.,10.3174/ajnr.A8522,2-s2.0-105002606255,SCOPUS_ID:105002606255,3,Article,
Involvement Beyond Peripheral Nerves in Pure Neuritic Leprosy: An MR Imaging Study,2025,2025-04-01,American Journal of Neuroradiology,Bhoi S.K.,10.3174/ajnr.A8562,2-s2.0-105002460935,SCOPUS_ID:105002460935,0,Article,
Embolization of Ruptured and Unruptured Aneurysms with the Contour Neurovascular System—Summary of 106 Cases,2025,2025-04-01,American Journal of Neuroradiology,Wodarg F.,10.3174/ajnr.A8606,2-s2.0-105002807939,SCOPUS_ID:105002807939,1,Article,
Erratum: Low-Field Portable MR Imaging to Evaluate Ventricular Volumes: A Single-Center Retrospective Study (AJNR (2024) 45 (1076–1080) DOI: 10.3174/ajnr.A8269),2025,2025-04-01,American Journal of Neuroradiology,,10.3174/ajnr.A8711,2-s2.0-105002793311,SCOPUS_ID:105002793311,0,Erratum,
Imaging the Internal Auditory Canal with an 8 3 2 Transceiver Array Head Coil at 7T,2025,2025-04-01,American Journal of Neuroradiology,Nada A.,10.3174/ajnr.A8569,2-s2.0-105002406292,SCOPUS_ID:105002406292,0,Article,
Subacute Stent Deformities as an Underlying Reason for Vessel Stenosis after Flow Diversion with the p64 Stent: Review and Discussion of Biologic Mechanisms and Consequences,2025,2025-04-01,American Journal of Neuroradiology,Vladev G.,10.3174/ajnr.A8564,2-s2.0-105002774504,SCOPUS_ID:105002774504,3,Article,
Morphometric Evaluation of the Facial and Vestibulocochlear Nerves Using MR Imaging in Patients with Menière Disease,2025,2025-04-01,American Journal of Neuroradiology,Flatz W.H.,10.3174/ajnr.A8537,2-s2.0-105002455723,SCOPUS_ID:105002455723,2,Article,
Hypersensitivity Reactions to Fibrin Glue during Epidural Blood Patching,2025,2025-04-01,American Journal of Neuroradiology,Smith J.L.,10.3174/ajnr.A8568,2-s2.0-105002335231,SCOPUS_ID:105002335231,2,Article,
"Comprehensive Segmentation of Gray Matter Structures on T1-Weighted Brain MRI: A Comparative Study of Convolutional Neural Network, Convolutional Neural Network Hybrid-Transformer or -Mamba Architectures",2025,2025-04-01,American Journal of Neuroradiology,Wei Y.,10.3174/ajnr.A8544,2-s2.0-105002789469,SCOPUS_ID:105002789469,7,Article,
Relationship of Mechanism of Injury to Asymptomatic Cervical Spine Fractures in the Elderly,2025,2025-04-01,American Journal of Neuroradiology,Lawrence C.,10.3174/ajnr.A8542,2-s2.0-105002311951,SCOPUS_ID:105002311951,2,Article,
Data-Driven Prognostication in Distal Medium Vessel Occlusions Using Explainable Machine Learning,2025,2025-04-01,American Journal of Neuroradiology,Karabacak M.,10.3174/ajnr.A8547,2-s2.0-105002321274,SCOPUS_ID:105002321274,2,Article,
Leveraging Physics-Based Synthetic MR Images and Deep Transfer Learning for Artifact Reduction in Echo-Planar Imaging,2025,2025-04-01,American Journal of Neuroradiology,Raymond C.,10.3174/ajnr.A8566,2-s2.0-105002328379,SCOPUS_ID:105002328379,1,Article,
Density and Time Characteristics of CSF-Venous Fistulas on CT Myelography in Patients with Spontaneous Intracranial Hypotension,2025,2025-04-01,American Journal of Neuroradiology,Edelmuth D.G.L.,10.3174/ajnr.A8516,2-s2.0-105002310654,SCOPUS_ID:105002310654,6,Article,
"Light-Chain Deposition Diseases of the CNS: Review of Pathogenesis, Imaging Features, and Radiographic Mimics",2025,2025-04-01,American Journal of Neuroradiology,Rai P.,10.3174/ajnr.A8390,2-s2.0-105002812102,SCOPUS_ID:105002812102,1,Review,
Deep Learning-Based Reconstruction for Accelerated Cervical Spine MRI: Utility in the Evaluation of Myelopathy and Degenerative Diseases,2025,2025-04-01,American Journal of Neuroradiology,Koo S.J.,10.3174/ajnr.A8567,2-s2.0-105002297137,SCOPUS_ID:105002297137,1,Article,
"Comparison of Diffusion-Weighted MRI Using Single-Shot Echo-Planar Imaging and Split Acquisition of Fast Spin-Echo Signal Imaging, a Non-EPI Technique, in Tumors of the Head and Neck",2025,2025-04-01,American Journal of Neuroradiology,Van Der Hulst H.J.,10.3174/ajnr.A8529,2-s2.0-105002231095,SCOPUS_ID:105002231095,3,Article,
"Fetal MRI Findings, Etiology, and Outcome in Prenatally Diagnosed Schizencephaly",2025,2025-04-01,American Journal of Neuroradiology,George E.,10.3174/ajnr.A8523,2-s2.0-105002458521,SCOPUS_ID:105002458521,3,Article,
There is Poor Agreement between the Subjective and Quantitative Adjudication of Aneurysm Wall Enhancement,2025,2025-04-01,American Journal of Neuroradiology,Dier C.,10.3174/ajnr.A8508,2-s2.0-105002782345,SCOPUS_ID:105002782345,6,Article,
Advancing Neuroradiology through Innovation and Member Engagement,2025,2025-04-01,American Journal of Neuroradiology,,10.3174/ajnr.A8708,2-s2.0-105002740784,SCOPUS_ID:105002740784,0,Editorial,
Primary Intraocular Lymphoma: Rad-Path and Ophthalmologic Correlation,2025,2025-04-01,American Journal of Neuroradiology,Szekeres D.,10.3174/ajnr.A8517,2-s2.0-105002590777,SCOPUS_ID:105002590777,3,Article,
Assessment of Trigeminal Nerve Root Demyelination in Patients with Primary Trigeminal Neuralgia Using Macromolecular Proton Fraction Imaging,2025,2025-03-01,American Journal of Neuroradiology,Filimonova E.A.,10.3174/ajnr.A8545,2-s2.0-86000674057,SCOPUS_ID:86000674057,5,Article,
Diffusion- and Tractography-Based Characterization of Tissue Damage Within and Surrounding Paramagnetic Rim Lesions in Multiple Sclerosis,2025,2025-03-01,American Journal of Neuroradiology,Mohebbi M.,10.3174/ajnr.A8524,2-s2.0-86000598262,SCOPUS_ID:86000598262,2,Article,
Patient and Provider Characteristics Associated with the Receipt of Image-Guided Interventions for Low Back Pain,2025,2025-03-01,American Journal of Neuroradiology,Safazadeh G.,10.3174/ajnr.A8502,2-s2.0-86000673713,SCOPUS_ID:86000673713,0,Article,
Risk Factors for Unfavorable Functional Outcome after Endovascular Treatment of Cerebral Vasospasm following Aneurysmal Subarachnoid Hemorrhage,2025,2025-03-01,American Journal of Neuroradiology,Thaler C.,10.3174/ajnr.A8511,2-s2.0-86000674271,SCOPUS_ID:86000674271,4,Article,
Multicenter Automated Central Vein Sign Detection Performs as Well as Manual Assessment for the Diagnosis of Multiple Sclerosis,2025,2025-03-01,American Journal of Neuroradiology,Manning A.R.,10.3174/ajnr.A8510,2-s2.0-86000674264,SCOPUS_ID:86000674264,4,Article,
Volumetric Changes of the Choroid Plexus before and after Spinal CSF Leak Repair,2025,2025-03-01,American Journal of Neuroradiology,Buch K.,10.3174/ajnr.A8514,2-s2.0-86000671501,SCOPUS_ID:86000671501,2,Article,
Artificial Intelligence-Generated Editorials in Radiology: Can Expert Editors Detect Them?,2025,2025-03-01,American Journal of Neuroradiology,Ozkara B.B.,10.3174/ajnr.A8505,2-s2.0-86000673644,SCOPUS_ID:86000673644,1,Article,
Accuracy and Longitudinal Consistency of PET/MR Attenuation Correction in Amyloid PET Imaging amid Software and Hardware Upgrades,2025,2025-03-01,American Journal of Neuroradiology,Ying C.,10.3174/ajnr.A8490,2-s2.0-86000673935,SCOPUS_ID:86000673935,1,Article,
Black Hole Sign under Anticoagulant Therapy: A Retrospective Comparison of Warfarin and Direct Oral Anticoagulants,2025,2025-03-01,American Journal of Neuroradiology,Sato H.,10.3174/ajnr.A8528,2-s2.0-86000672396,SCOPUS_ID:86000672396,1,Article,
Vestibular Schwannoma-Related Increased Labyrinthine Postgadolinium 3D-FLAIR Signal Intensity and Association with Hearing Impairment,2025,2025-03-01,American Journal of Neuroradiology,Welby J.P.,10.3174/ajnr.A8498,2-s2.0-86000671789,SCOPUS_ID:86000671789,3,Article,
Clinical Results of the ANAIS Study: Mechanical Thrombectomy Using the ANA Device in Combination with a Stent Retriever in Subjects with Acute Ischemic Stroke,2025,2025-03-01,American Journal of Neuroradiology,Tomasello A.,10.3174/ajnr.A8556,2-s2.0-86000575446,SCOPUS_ID:86000575446,0,Article,
Performance of Automated Algorithm in Large and Medium Vessel Occlusion Detection: A Real-World Experience,2025,2025-03-01,American Journal of Neuroradiology,Sriwastwa A.,10.3174/ajnr.A8509,2-s2.0-86000673576,SCOPUS_ID:86000673576,11,Article,
"CNS Embryonal Tumor with PLAGL Amplification, a New Tumor in Children and Adolescents: Insights from a Comprehensive MRI Analysis",2025,2025-03-01,American Journal of Neuroradiology,Tietze A.,10.3174/ajnr.A8496,2-s2.0-86000609050,SCOPUS_ID:86000609050,6,Article,
Erratum: IDH Status in Brain Gliomas Can Be Predicted by the Spherical Mean MRI Technique (American Journal of Neuroradiology (2025) 46 (121–28) DOI: 10.3174/ajnr.A8432),2025,2025-03-01,American Journal of Neuroradiology,,10.3174/ajnr.A8666,2-s2.0-86000560108,SCOPUS_ID:86000560108,0,Erratum,
In Vitro Assessment of Vascular Injury following Stent Retriever Retraction in Clinically Relevant Endothelialized Silicone Models,2025,2025-03-01,American Journal of Neuroradiology,Starr I.,10.3174/ajnr.A8495,2-s2.0-86000672141,SCOPUS_ID:86000672141,5,Article,
Erratum: Cortically Based Brain Tumors in Children: A Decision-Tree Approach in the Radiology Reading Room (American Journal of Neuroradiology (2025) 46: (11-23) DOI: 10.3174/ajnr.A8477),2025,2025-03-01,American Journal of Neuroradiology,,10.3174/ajnr.A8666,2-s2.0-105004991848,SCOPUS_ID:105004991848,0,Erratum,
Initial Experience with the Pipeline Vantage Flow Diverter for Intracranial Aneurysms: A Systematic Review and Meta-Analysis,2025,2025-03-01,American Journal of Neuroradiology,Cortese J.,10.3174/ajnr.A8555,2-s2.0-86000672789,SCOPUS_ID:86000672789,2,Article,
Imaging Findings in Giant Cell Arteritis: Don't Turn a Blind Eye to the Obvious!,2025,2025-03-01,American Journal of Neuroradiology,Bathla G.,10.3174/ajnr.A8388,2-s2.0-86000671464,SCOPUS_ID:86000671464,3,Review,
Hypoperfusion Intensity Ratio Less Than 0.4 Is Associated with Favorable Outcomes in Unsuccessfully Reperfused Acute Ischemic Stroke with Large-Vessel Occlusion,2025,2025-03-01,American Journal of Neuroradiology,Yedavalli V.,10.3174/ajnr.A8518,2-s2.0-86000672392,SCOPUS_ID:86000672392,6,Article,
The Many Faces of Myxopapillary Ependymomas,2025,2025-03-01,American Journal of Neuroradiology,Hutuca I.,10.3174/ajnr.A8499,2-s2.0-86000671608,SCOPUS_ID:86000671608,1,Article,
Multisite Benchmark Study for Standardized Relative CBV in Untreated Brain Metastases Using the DSC-MRI Consensus Acquisition Protocol,2025,2025-03-01,American Journal of Neuroradiology,Loizzo S.K.,10.3174/ajnr.A8531,2-s2.0-86000671450,SCOPUS_ID:86000671450,0,Article,
Deep Learning-Based ASPECTS Algorithm Enhances Reader Performance and Reduces Interpretation Time,2025,2025-03-01,American Journal of Neuroradiology,Ayobi A.,10.3174/ajnr.A8491,2-s2.0-86000673300,SCOPUS_ID:86000673300,6,Article,
Imaging of the Hyrtl Fissure: A Rare Cause of Congenital CSF Otorrhea,2025,2025-03-01,American Journal of Neuroradiology,Clarke J.E.,10.3174/ajnr.A8525,2-s2.0-86000673562,SCOPUS_ID:86000673562,1,Article,
Comprehensive Review of the Utility of Dynamic Contrast- Enhanced MRI for the Diagnosis and Treatment Assessment of Spinal Benign and Malignant Osseous Disease,2025,2025-03-01,American Journal of Neuroradiology,Saha A.,10.3174/ajnr.A8398,2-s2.0-86000672470,SCOPUS_ID:86000672470,4,Review,
Incidence and Risk Factors of Contrast-Induced Sialadenitis after Therapeutic Neuroendovascular Procedures,2025,2025-03-01,American Journal of Neuroradiology,Lee S.H.,10.3174/ajnr.A8492,2-s2.0-86000673379,SCOPUS_ID:86000673379,1,Article,
AI-Generated Synthetic STIR of the Lumbar Spine from T1 and T2 MRI Sequences Trained with Open-Source Algorithms,2025,2025-03-01,American Journal of Neuroradiology,Santilli A.M.L.,10.3174/ajnr.A8512,2-s2.0-86000673046,SCOPUS_ID:86000673046,2,Article,
Prediction of Difficult Round Window Visibility during Cochlear Implantation via a Reformatted CT Facial Recess View: A Retrospective Study with Surgical Correlation,2025,2025-03-01,American Journal of Neuroradiology,Kheok S.W.,10.3174/ajnr.A8503,2-s2.0-86000673028,SCOPUS_ID:86000673028,4,Article,
DSC MR Perfusion at 7T MRI: An Initial Single-Center Study for Validity and Practicability,2025,2025-03-01,American Journal of Neuroradiology,Buntrock C.E.,10.3174/ajnr.A8513,2-s2.0-86000672926,SCOPUS_ID:86000672926,0,Article,
Nidus of Brain AVMs: What If We Hadn’t Understood Anything?,2025,2025-02-01,American Journal of Neuroradiology,Clarençon F.,10.3174/ajnr.A8515,2-s2.0-85218216633,SCOPUS_ID:85218216633,3,Letter,
Predicting Post-Operative Side Effects in VIM MRgFUS Based on THalamus Optimized Multi Atlas Segmentation (THOMAS) on White-Matter-Nulled MRI: A Retrospective Study,2025,2025-02-01,American Journal of Neuroradiology,Oshima S.,10.3174/ajnr.A8448,2-s2.0-85218216977,SCOPUS_ID:85218216977,0,Article,
Radiomics-Based Differentiation of Glioblastoma and Metastatic Disease: Impact of Different T1-Contrast-Enhanced Sequences on Radiomics Features and Model Performance,2025,2025-02-01,American Journal of Neuroradiology,Bathla G.,10.3174/ajnr.A8470,2-s2.0-85214533163,SCOPUS_ID:85214533163,2,Article,
State of Practice: ASNR Statement on Gadolinium-Based Contrast Agent Use in Patients with Chronic Kidney Disease,2025,2025-02-01,American Journal of Neuroradiology,Welker K.M.,10.3174/ajnr.A8501,2-s2.0-85218219432,SCOPUS_ID:85218219432,4,Article,
Meningioma: Molecular Updates from the 2021 World Health Organization Classification of CNS Tumors and Imaging Correlates,2025,2025-02-01,American Journal of Neuroradiology,Soni N.,10.3174/ajnr.A8368,2-s2.0-85211116556,SCOPUS_ID:85211116556,15,Review,
Erratum: Partial (SAVE) versus Complete (Solumbra) Stent Retriever Retraction Technique for Mechanical Thrombectomy: A Randomized In Vitro Study (American Journal of Neuroradiology (2023) 44:10 (1165-1170) DOI: 10.3174/ajnr.A7996),2025,2025-02-01,American Journal of Neuroradiology,,10.3174/ajnr.A8628,2-s2.0-85218217731,SCOPUS_ID:85218217731,0,Erratum,
Imaging and Anesthesia Protocol Optimization in Sedated Clinical Resting-State fMRI,2025,2025-02-01,American Journal of Neuroradiology,Hassanzadeh E.,10.3174/ajnr.A8438,2-s2.0-85217875326,SCOPUS_ID:85217875326,2,Article,
The Generation Gap in Work Values Has Hit Medical Training,2025,2025-02-01,American Journal of Neuroradiology,Benson J.C.,10.3174/ajnr.A8608,2-s2.0-85218221205,SCOPUS_ID:85218221205,0,Editorial,
Quantification of Collateral Supply with Local-AIF Dynamic Susceptibility Contrast MRI Predicts Infarct Growth,2025,2025-02-01,American Journal of Neuroradiology,Liu M.M.,10.3174/ajnr.A8441,2-s2.0-85204144568,SCOPUS_ID:85204144568,4,Article,
Dynamic Expansion and Contraction of Multiple Sclerosis T2-Weighted Hyperintense Lesions Are Present below the Threshold of Visual Perception,2025,2025-02-01,American Journal of Neuroradiology,Okuda D.T.,10.3174/ajnr.A8453,2-s2.0-85218217249,SCOPUS_ID:85218217249,2,Article,
Pre- and Postoperative Imaging of Cochlear Implantation in Cadaveric Specimens Using Low-Dose Photon-Counting Detector CT,2025,2025-02-01,American Journal of Neuroradiology,Spahn B.,10.3174/ajnr.A8533,2-s2.0-85217829931,SCOPUS_ID:85217829931,1,Article,
The Association of Vascular Loops within the Internal Auditory Meatus or Contacting the Vestibulo-Cochlear Nerve with Audiovestibular Symptoms: A Systematic Review and Meta-Analysis,2025,2025-02-01,American Journal of Neuroradiology,Cowen J.E.,10.3174/ajnr.A8486,2-s2.0-85210062746,SCOPUS_ID:85210062746,5,Article,
Reversible Perfusion Changes during Acute Attacks in Glucose Transporter Type 1 Deficiency Syndrome: A Pediatric Case Series,2025,2025-02-01,American Journal of Neuroradiology,Pacchiano F.,10.3174/ajnr.A8506,2-s2.0-85218217280,SCOPUS_ID:85218217280,2,Article,
Reversible Perfusion Changes during Acute Attacks in Glucose Transporter Type 1 Deficiency Syndrome: A Pediatric Case Series,2025,2025-02-01,American Journal of Neuroradiology,Pacchiano F.,10.3174/ajnr.A8506,2-s2.0-85218217280,SCOPUS_ID:85218217280,2,Article,
The “Outline Sign”: Thin Hyperenhancing Perimeter as an MR Imaging Feature of Meningioma. A Useful Tool in the Temporal Bone Region for Differentiating Meningiomas from Schwannomas and Paragangliomas,2025,2025-02-01,American Journal of Neuroradiology,Vasireddi A.K.,10.3174/ajnr.A8452,2-s2.0-85218219054,SCOPUS_ID:85218219054,3,Article,
Azygos Vein Stenosis in Frontotemporal Dementia Sagging Brain Syndrome,2025,2025-02-01,American Journal of Neuroradiology,Schievink W.I.,10.3174/ajnr.A8532,2-s2.0-85218218421,SCOPUS_ID:85218218421,2,Article,
Advanced Distance-Resolved Evaluation of the Perienhancing Tumor Areas with FLAIR Hyperintensity Indicates Different ADC Profiles by MGMT Promoter Methylation Status in Glioblastoma,2025,2025-02-01,American Journal of Neuroradiology,Bertalan G.,10.3174/ajnr.A8493,2-s2.0-85218217299,SCOPUS_ID:85218217299,0,Article,
Safety and Technical Performance of Bilateral Decubitus CT Myelography Using Standard versus Increased Intrathecal Iodinated Contrast Volume,2025,2025-02-01,American Journal of Neuroradiology,Edelmuth D.G.L.,10.3174/ajnr.A8436,2-s2.0-85217882638,SCOPUS_ID:85217882638,4,Article,
Quantitative Susceptibility Mapping in Adults with Persistent Postconcussion Symptoms after Mild Traumatic Brain Injury: An Exploratory Study,2025,2025-02-01,American Journal of Neuroradiology,Bell T.K.,10.3174/ajnr.A8454,2-s2.0-85218221709,SCOPUS_ID:85218221709,4,Article,
Assessment of Attenuation in Pericarotid Fat among Patients with Carotid Plaque and Spontaneous Carotid Dissection,2025,2025-02-01,American Journal of Neuroradiology,Alalfi M.O.,10.3174/ajnr.A8546,2-s2.0-85218220513,SCOPUS_ID:85218220513,5,Article,
CSF-Venous Fistulas Arising Intraosseously within Bone Remodeled by Meningeal Diverticula,2025,2025-02-01,American Journal of Neuroradiology,Madhavan A.A.,10.3174/ajnr.A8507,2-s2.0-85218220787,SCOPUS_ID:85218220787,1,Article,
Letter to the Editor regarding “Automated Volumetric Software in Dementia: Help or Hindrance to the Neuroradiologist?”,2025,2025-02-01,American Journal of Neuroradiology,Smeets D.,10.3174/ajnr.A8570,2-s2.0-85218220167,SCOPUS_ID:85218220167,0,Letter,
Image Quality Evaluation for Brain Soft Tissue in Neuroendovascular Treatment by Dose-Reduction Mode of Dual-Axis “Butterfly” Scan,2025,2025-02-01,American Journal of Neuroradiology,Hosoo H.,10.3174/ajnr.A8472,2-s2.0-85218216649,SCOPUS_ID:85218216649,0,Article,
“Synthetic” DSC Perfusion MRI with Adjustable Acquisition Parameters in Brain Tumors Using Dynamic Spin-and-Gradient-Echo Echoplanar Imaging,2025,2025-02-01,American Journal of Neuroradiology,Sanvito F.,10.3174/ajnr.A8475,2-s2.0-85218221729,SCOPUS_ID:85218221729,1,Article,
Quantitative Susceptibility Mapping with Source Separation in Normal Brain Development of Newborns,2025,2025-02-01,American Journal of Neuroradiology,Jang M.J.,10.3174/ajnr.A8488,2-s2.0-85218219500,SCOPUS_ID:85218219500,6,Article,
β-Trace Protein as a Potential Biomarker for CSF-Venous Fistulas,2025,2025-02-01,American Journal of Neuroradiology,Mark I.T.,10.3174/ajnr.A8476,2-s2.0-85218217873,SCOPUS_ID:85218217873,2,Article,
Reply,2025,2025-02-01,American Journal of Neuroradiology,Tanabe J.,10.3174/ajnr.A8649,2-s2.0-85218219314,SCOPUS_ID:85218219314,0,Letter,
Diagnostic Performance of ASL-MRI and FDG-PET in Frontotemporal Dementia: A Systematic Review and Meta-Analysis,2025,2025-02-01,American Journal of Neuroradiology,Dagher R.,10.3174/ajnr.A8440,2-s2.0-85217835253,SCOPUS_ID:85217835253,4,Review,
Comparison of Imaging Findings between Granulomatosis with Polyangiitis and Eosinophilic Granulomatosis with Polyangiitis on Sinus CT: Importance of High-Density Opacification of the Paranasal Sinuses,2025,2025-02-01,American Journal of Neuroradiology,Ryoo I.,10.3174/ajnr.A8485,2-s2.0-85218217411,SCOPUS_ID:85218217411,1,Article,
Endovascular Thrombectomy versus Medical Management for Acute Basilar Artery Occlusion Stroke in the Elderly,2025,2025-02-01,American Journal of Neuroradiology,Chen H.,10.3174/ajnr.A8473,2-s2.0-85218217972,SCOPUS_ID:85218217972,5,Article,
The Etiology of Intracranial Artery Stenosis in Autoimmune Rheumatic Diseases: An Observational High-Resolution MR Imaging Study,2025,2025-02-01,American Journal of Neuroradiology,Li S.,10.3174/ajnr.A8474,2-s2.0-85218218056,SCOPUS_ID:85218218056,1,Article,
Cerebrovascular Anomalies in the Fetus,2025,2025-02-01,American Journal of Neuroradiology,Jaimes C.,10.3174/ajnr.A8377,2-s2.0-85218220829,SCOPUS_ID:85218220829,0,Review,
Spontaneous Intracranial Hypotension Associated with Vascular Malformations,2025,2025-02-01,American Journal of Neuroradiology,Mamlouk M.D.,10.3174/ajnr.A8471,2-s2.0-85218219197,SCOPUS_ID:85218219197,0,Article,
Clinical Outcome of Pipeline Embolization Device with and without Coils to Treat Intracranial Aneurysm: A Systematic Review and Meta-Analysis,2025,2025-02-01,American Journal of Neuroradiology,Kesumayadi I.,10.3174/ajnr.A8443,2-s2.0-85217860345,SCOPUS_ID:85217860345,9,Article,
Comparison of Arterial Spin-Labeling and DSC Perfusion MR Imaging in Pediatric Brain Tumors: A Systematic Review and Meta-Analysis,2025,2025-01-01,American Journal of Neuroradiology,Vella S.,10.3174/ajnr.A8442,2-s2.0-85215147540,SCOPUS_ID:85215147540,1,Article,
Prevalence of Spinal Meningeal Diverticula in Autosomal Dominant Polycystic Kidney Disease,2025,2025-01-01,American Journal of Neuroradiology,Sattar U.,10.3174/ajnr.A8407,2-s2.0-85214701471,SCOPUS_ID:85214701471,2,Article,
Does Long-Term Surveillance Imaging Improve Survival in Patients Treated for Head and Neck Squamous Cell Carcinoma? A Systematic Review of the Current Evidence,2025,2025-01-01,American Journal of Neuroradiology,Wangaryattawanich P.,10.3174/ajnr.A8392,2-s2.0-85215145503,SCOPUS_ID:85215145503,2,Article,
Alternative Venous Pathways: A Potential Key Imaging Feature for Early Diagnosis of Sturge-Weber Syndrome Type 1,2025,2025-01-01,American Journal of Neuroradiology,Cerron-Vela C.R.,10.3174/ajnr.A8426,2-s2.0-85215148520,SCOPUS_ID:85215148520,7,Article,
Does Long-Term Surveillance Imaging Improve Survival in Patients Treated for Head and Neck Squamous Cell Carcinoma? A Systematic Review of the Current Evidence,2025,2025-01-01,American Journal of Neuroradiology,Wangaryattawanich P.,10.3174/ajnr.A8392,2-s2.0-85215145503,SCOPUS_ID:85215145503,2,Article,
Noncontrast MRI Surveillance of Craniopharyngiomas Using a Balanced Steady-state Free Precession (bSSFP) Sequence,2025,2025-01-01,American Journal of Neuroradiology,Trinh K.,10.3174/ajnr.A8439,2-s2.0-85214668944,SCOPUS_ID:85214668944,1,Article,
CT-Guided Epidural Contrast Injection for the Identification of Dural Defects,2025,2025-01-01,American Journal of Neuroradiology,Mark I.T.,10.3174/ajnr.A8437,2-s2.0-85214649846,SCOPUS_ID:85214649846,1,Article,
Unveiling the New Digital AJNR: Personalized and Interactive,2025,2025-01-01,American Journal of Neuroradiology,Wintermark M.,10.3174/ajnr.A8541,2-s2.0-85214677504,SCOPUS_ID:85214677504,0,Editorial,
Regarding “Comparative Evaluation of Lower Gadolinium Doses for MR Imaging of Meningiomas: How Low Can We Go?”,2025,2025-01-01,American Journal of Neuroradiology,Navarro-Ballester A.,10.3174/ajnr.A8417,2-s2.0-85215146117,SCOPUS_ID:85215146117,0,Letter,
Triple Aspiration versus Conventional Aspiration Techniques: A Randomized In Vitro Evaluation,2025,2025-01-01,American Journal of Neuroradiology,Bilgin C.,10.3174/ajnr.A8409,2-s2.0-85214714118,SCOPUS_ID:85214714118,1,Article,
Effects of Emergent Carotid Stenting Performed before or after Mechanical Thrombectomy in the Endovascular Management of Patients with Tandem Lesions: A Multicenter Retrospective Matched Analysis,2025,2025-01-01,American Journal of Neuroradiology,Scarcia L.,10.3174/ajnr.A8421,2-s2.0-85209993650,SCOPUS_ID:85209993650,8,Article,
Hemodynamic Characteristics in Ruptured and Unruptured Intracranial Aneurysms: A Prospective Cohort Study Utilizing the AneurysmFlow Tool,2025,2025-01-01,American Journal of Neuroradiology,Vu D.L.,10.3174/ajnr.A8444,2-s2.0-85214793949,SCOPUS_ID:85214793949,4,Article,
“Flow Void Sign”: Flow Artifact on T2-Weighted MRI Can Be an Indicator of Dural Defect Location in Ventral Type 1 Spinal CSF Leaks,2025,2025-01-01,American Journal of Neuroradiology,Jones L.C.,10.3174/ajnr.A8445,2-s2.0-85214906028,SCOPUS_ID:85214906028,13,Article,
Considerations on the Application of RANO 2.0 Criteria in Clinical Practice,2025,2025-01-01,American Journal of Neuroradiology,Meira T.,10.3174/ajnr.A8563,2-s2.0-85215147961,SCOPUS_ID:85215147961,1,Letter,
Gadolinium-Enhanced T2 FLAIR Is an Imaging Biomarker of Radiation Necrosis and Tumor Progression in Patients with Brain Metastases,2025,2025-01-01,American Journal of Neuroradiology,Heyn C.,10.3174/ajnr.A8431,2-s2.0-85214685566,SCOPUS_ID:85214685566,7,Article,
REPLY:,2025,2025-01-01,American Journal of Neuroradiology,Dowers T.,10.3174/ajnr.A8538,2-s2.0-85215147456,SCOPUS_ID:85215147456,0,Letter,
Incorporation of Edited MRS into Clinical Practice May Improve Care of Patients with IDH-Mutant Glioma,2025,2025-01-01,American Journal of Neuroradiology,Nichelli L.,10.3174/ajnr.A8413,2-s2.0-85214695551,SCOPUS_ID:85214695551,6,Article,
Diagnostic Performance of Renal Contrast Excretion on Early-Phase CT Myelography in Spontaneous Intracranial Hypotension,2025,2025-01-01,American Journal of Neuroradiology,Young D.S.,10.3174/ajnr.A8435,2-s2.0-85214699818,SCOPUS_ID:85214699818,0,Article,
Automated Idiopathic Normal Pressure Hydrocephalus Diagnosis via Artificial Intelligence–Based 3D T1 MRI Volumetric Analysis,2025,2025-01-01,American Journal of Neuroradiology,Lee J.,10.3174/ajnr.A8489,2-s2.0-85214709019,SCOPUS_ID:85214709019,6,Article,
State of Practice on Transcranial MR-Guided Focused Ultrasound: A Report from the ASNR Standards and Guidelines Committee and ACR Commission on Neuroradiology Workgroup,2025,2025-01-01,American Journal of Neuroradiology,Shah B.R.,10.3174/ajnr.A8405,2-s2.0-85214656040,SCOPUS_ID:85214656040,6,Article,
Impact of Patient Head Posture on Lens Radiation Exposure During Cerebral Angiography,2025,2025-01-01,American Journal of Neuroradiology,Yang S.J.,10.3174/ajnr.A8447,2-s2.0-85214706325,SCOPUS_ID:85214706325,3,Article,
Alzheimer Disease Anti-Amyloid Immunotherapies: Imaging Recommendations and Practice Considerations for Monitoring of Amyloid-Related Imaging Abnormalities,2025,2025-01-01,American Journal of Neuroradiology,Cogswell P.M.,10.3174/ajnr.A8469,2-s2.0-85210563573,SCOPUS_ID:85210563573,61,Review,
Deep Learning–Based Super-Resolution Reconstruction on Undersampled Brain Diffusion-Weighted MRI for Infarction Stroke: A Comparison to Conventional Iterative Reconstruction,2025,2025-01-01,American Journal of Neuroradiology,Zhang S.,10.3174/ajnr.A8482,2-s2.0-85215091644,SCOPUS_ID:85215091644,10,Article,
DANTE-CAIPI Accelerated Contrast-Enhanced 3D T1: Deep Learning–Based Image Quality Improvement for Vessel Wall MRI,2025,2025-01-01,American Journal of Neuroradiology,Kharaji M.,10.3174/ajnr.A8424,2-s2.0-85215145116,SCOPUS_ID:85215145116,5,Article,
Automated Detection of Normal Pressure Hydrocephalus Using CT Imaging for Calculating the Ventricle-to-Subarachnoid Volume Ratio,2025,2025-01-01,American Journal of Neuroradiology,Knittel J.J.,10.3174/ajnr.A8451,2-s2.0-85214661527,SCOPUS_ID:85214661527,0,Article,
IDH Status in Brain Gliomas Can Be Predicted by the Spherical Mean MRI Technique,2025,2025-01-01,American Journal of Neuroradiology,Sedlák V.,10.3174/ajnr.A8432,2-s2.0-85214654670,SCOPUS_ID:85214654670,2,Article,
Clinical and Imaging Features of Head and Neck Metastasis of High-Grade Glioma: A Single-Center Case Series,2025,2025-01-01,American Journal of Neuroradiology,Eldaya R.W.,10.3174/ajnr.A8521,2-s2.0-85215148199,SCOPUS_ID:85215148199,1,Article,
"Neuroradiologic, Clinical, and Genetic Characterization of Cerebellar Heterotopia: A Pediatric Multicentric Study",2025,2025-01-01,American Journal of Neuroradiology,Pasca L.,10.3174/ajnr.A8450,2-s2.0-85215145595,SCOPUS_ID:85215145595,0,Article,
Cortically Based Brain Tumors in Children: A Decision-Tree Approach in the Radiology Reading Room,2025,2025-01-01,American Journal of Neuroradiology,Rameh V.,10.3174/ajnr.A8477,2-s2.0-85215146007,SCOPUS_ID:85215146007,5,Review,
Visualization of Intracranial Aneurysms Treated with Woven EndoBridge Devices Using Ultrashort TE MR Imaging,2025,2025-01-01,American Journal of Neuroradiology,Toth D.,10.3174/ajnr.A8401,2-s2.0-85214809899,SCOPUS_ID:85214809899,3,Article,
"Combinations of Clinical Factors, CT Signs, and Radiomics for Differentiating High-Density Areas after Mechanical Thrombectomy in Patients with Acute Ischemic Stroke",2025,2025-01-01,American Journal of Neuroradiology,Zhai D.,10.3174/ajnr.A8434,2-s2.0-85215145292,SCOPUS_ID:85215145292,5,Article,
Inter- and Intrarater Agreement of CT Brain Calcification Scoring in Primary Familial Brain Calcification,2025,2025-01-01,American Journal of Neuroradiology,Snijders B.M.G.,10.3174/ajnr.A8446,2-s2.0-85215783214,SCOPUS_ID:85215783214,5,Article,
Reply:,2025,2025-01-01,American Journal of Neuroradiology,Ellingson B.M.,10.3174/ajnr.A8621,2-s2.0-85215147745,SCOPUS_ID:85215147745,1,Letter,
The Artisse Intrasaccular Device: A New Intrasaccular Flow Diverter for the Treatment of Cerebral Aneurysms,2025,2025-01-01,American Journal of Neuroradiology,Hecker C.,10.3174/ajnr.A8478,2-s2.0-85214706565,SCOPUS_ID:85214706565,5,Article,
Safety and Efficacy of Ultrasound-Guided Thrombin Injection for Pseudoaneurysms Arising after Ultrasound-Guided Biopsy of Thyroid Nodules,2025,2025-01-01,American Journal of Neuroradiology,Ham T.,10.3174/ajnr.A8428,2-s2.0-85215146325,SCOPUS_ID:85215146325,1,Article,
Diffusion-Weighted MR Imaging of Acute Stroke: Correlation with T2-Weighted and Magnetic Susceptibility-Enhanced MR Imaging in Cats,2024,2024-12-11,American Journal of Neuroradiology,Moseley M.E.,10.3174/ajnr.45-12.S8,2-s2.0-85212073844,SCOPUS_ID:85212073844,2,Article,
AJNR: A Brief History in 8 Episodes,2024,2024-12-01,American Journal of Neuroradiology,Castillo M.,10.3174/ajnr.A8468,2-s2.0-85211739678,SCOPUS_ID:85211739678,0,Editorial,
"The Future of Academic Neuroradiology: Challenges, Opportunities, and Way Forward",2024,2024-12-01,American Journal of Neuroradiology,Malhotra A.,10.3174/ajnr.A8539,2-s2.0-85212054191,SCOPUS_ID:85212054191,7,Editorial,
MR Imaging of White Matter Disease in Children,2024,2024-12-01,American Journal of Neuroradiology,Nowell M.A.,10.3174/ajnr.45-12.S69,2-s2.0-85211993716,SCOPUS_ID:85211993716,0,Article,
"Susceptibility-Weighted Imaging: Technical Aspects and Clinical Applications, Part 1",2024,2024-12-01,American Journal of Neuroradiology,Haacke E.M.,10.3174/ajnr.45-12.S31,2-s2.0-85211755623,SCOPUS_ID:85211755623,0,Review,
AJNR Quo Vadis? An International Perspective on the Journal’s Next 10 Years,2024,2024-12-01,American Journal of Neuroradiology,Bammer R.,10.3174/ajnr.A8494,2-s2.0-85211981731,SCOPUS_ID:85211981731,0,Editorial,
The Future of Artificial Intelligence in Clinical Radiology: Savior or False Hope?,2024,2024-12-01,American Journal of Neuroradiology,Zaharchuk G.,10.3174/ajnr.A8550,2-s2.0-85212075168,SCOPUS_ID:85212075168,1,Editorial,
Significance of cerebellar tonsillar position on MR,2024,2024-12-01,American Journal of Neuroradiology,Barkovich A.J.,10.3174/ajnr.45-12.S64,2-s2.0-85211972991,SCOPUS_ID:85211972991,1,Article,
The New AJNR: Personalized for YOU,2024,2024-12-01,American Journal of Neuroradiology,Shah L.,10.3174/ajnr.A8467,2-s2.0-85211694024,SCOPUS_ID:85211694024,0,Editorial,
Turning the Page at AJNR: Charting a Legacy of Excellence in the Digital Era,2024,2024-12-01,American Journal of Neuroradiology,Wintermark M.,10.3174/ajnr.A8466,2-s2.0-85211745007,SCOPUS_ID:85211745007,0,Editorial,
The 2021 World Health Organization Classification of Tumors of the Central Nervous System: What Neuroradiologists Need to Know,2024,2024-12-01,American Journal of Neuroradiology,Fazekas F.,10.3174/ajnr.45-12.S25,2-s2.0-85211976387,SCOPUS_ID:85211976387,0,Article,
Shift Volume Directly Impacts Neuroradiology Error Rate at a Large Academic Medical Center: The Case for Volume Limits,2024,2024-12-01,American Journal of Neuroradiology,Ivanovic V.,10.3174/ajnr.45-12.S50,2-s2.0-85211985828,SCOPUS_ID:85211985828,0,Article,
Percutaneous Polymethylmethacrylate Vertebroplasty in the Treatment of Osteoporotic Vertebral Body Compression Fractures: Technical Aspects,2024,2024-12-01,American Journal of Neuroradiology,Jensen M.E.,10.3174/ajnr.45-12.S92,2-s2.0-85211710090,SCOPUS_ID:85211710090,0,Article,
Automated Segmentation of MRI White Matter Hyperintensities in 8421 Patients with Acute Ischemic Stroke,2024,2024-12-01,American Journal of Neuroradiology,Kim H.,10.3174/ajnr.A8418,2-s2.0-85211729221,SCOPUS_ID:85211729221,8,Article,
Autoimmune Encephalitis: Pathophysiology and Imaging Review of an Overlooked Diagnosis,2024,2024-12-01,American Journal of Neuroradiology,Kelley B.P.,10.3174/ajnr.45-12.S55,2-s2.0-85212001977,SCOPUS_ID:85212001977,0,Review,
Dural Arteriovenous Fistulas: Baseline Cognitive Changes and Changes following Treatment: A Prospective Longitudinal Study,2024,2024-12-01,American Journal of Neuroradiology,Itsekson-Hayosh Z.,10.3174/ajnr.A8449,2-s2.0-85211745395,SCOPUS_ID:85211745395,5,Article,
"Posterior Reversible Encephalopathy Syndrome, Part 1: Fundamental Imaging and Clinical Features",2024,2024-12-01,American Journal of Neuroradiology,Bartynski W.S.,10.3174/ajnr.45-12.S100,2-s2.0-85211971748,SCOPUS_ID:85211971748,1,Review,
A Neuroradiologist’s Guide to Operationalizing the Response Assessment in Neuro-Oncology (RANO) Criteria Version 2.0 for Gliomas in Adults,2024,2024-12-01,American Journal of Neuroradiology,Ellingson B.M.,10.3174/ajnr.A8396,2-s2.0-85210631929,SCOPUS_ID:85210631929,23,Review,
Dural Arteriovenous Malformation of the Major Venous Sinuses: An Acquired Lesion,2024,2024-12-01,American Journal of Neuroradiology,Chaudhary M.Y.,10.3174/ajnr.45-12.S1,2-s2.0-85212126519,SCOPUS_ID:85212126519,0,Article,
CNS Vasculitis in Autoimmune Disease: MR Imaging Findings and Correlation with Angiography,2024,2024-12-01,American Journal of Neuroradiology,Pomper M.G.,10.3174/ajnr.45-12.S76,2-s2.0-85211977486,SCOPUS_ID:85211977486,0,Article,
The 2021 World Health Organization Classification of Tumors of the Central Nervous System: What Neuroradiologists Need to Know,2024,2024-12-01,American Journal of Neuroradiology,Osborn A.G.,10.3174/ajnr.45-12.S15,2-s2.0-85211994024,SCOPUS_ID:85211994024,1,Review,
The Pipeline Embolization Device for the Intracranial Treatment of Aneurysms Trial,2024,2024-12-01,American Journal of Neuroradiology,Nelson P.K.,10.3174/ajnr.45-12.S43,2-s2.0-85211740280,SCOPUS_ID:85211740280,0,Article,
Neuroimaging Correlates with Clinical Severity in Wilson Disease: A Multiparametric Quantitative Brain MRI,2024,2024-11-01,American Journal of Neuroradiology,Jing X.Z.,10.3174/ajnr.A8479,2-s2.0-85208772895,SCOPUS_ID:85208772895,2,Article,
High-Resolution MRA Cerebrovascular Findings in a Tri-Ethnic Population,2024,2024-11-01,American Journal of Neuroradiology,Rehwald R.,10.3174/ajnr.A8402,2-s2.0-85208772224,SCOPUS_ID:85208772224,2,Article,
Ependymal Tumors: Overview of the Recent World Health Organization Histopathologic and Genetic Updates with an Imaging Characteristic,2024,2024-11-01,American Journal of Neuroradiology,Soni N.,10.3174/ajnr.A8237,2-s2.0-85208771658,SCOPUS_ID:85208771658,6,Review,
Pericarotid Fat as a Marker of Cerebrovascular Risk,2024,2024-11-01,American Journal of Neuroradiology,Cau R.,10.3174/ajnr.A8300,2-s2.0-85208771865,SCOPUS_ID:85208771865,7,Review,
An Extended Follow-up of Spinal Instrumentation Rescue with Cement Augmentation,2024,2024-11-01,American Journal of Neuroradiology,Polinelli F.,10.3174/ajnr.A8394,2-s2.0-85208772781,SCOPUS_ID:85208772781,1,Article,
"Diffusion Analysis of Intracranial Epidermoid, Head and Neck Epidermal Inclusion Cyst, and Temporal Bone Cholesteatoma",2024,2024-11-01,American Journal of Neuroradiology,Gonçalves F.G.,10.3174/ajnr.A8376,2-s2.0-85201680688,SCOPUS_ID:85201680688,3,Article,
"Academic Neuroradiology: 2023 Update on Turnaround Time, Financial Recruitment, and Retention Strategies",2024,2024-11-01,American Journal of Neuroradiology,Wintermark M.,10.3174/ajnr.A8321,2-s2.0-85208772321,SCOPUS_ID:85208772321,1,Article,
NeuroMix with MRA: A Fast MR Protocol to Reduce Head and Neck CTA for Patients with Acute Neurologic Presentations,2024,2024-11-01,American Journal of Neuroradiology,Decker J.H.,10.3174/ajnr.A8386,2-s2.0-85208772522,SCOPUS_ID:85208772522,1,Article,
Arterial Spin-Labeling Perfusion Lightbulb Sign: An Imaging Biomarker of Pediatric Posterior Fossa Hemangioblastoma,2024,2024-11-01,American Journal of Neuroradiology,Simsek O.,10.3174/ajnr.A8391,2-s2.0-85208772698,SCOPUS_ID:85208772698,2,Article,
Automated Volumetric Software in Dementia: Help or Hindrance to the Neuroradiologist?,2024,2024-11-01,American Journal of Neuroradiology,Tanabe J.,10.3174/ajnr.A8406,2-s2.0-85208771642,SCOPUS_ID:85208771642,4,Article,
Prevalence of Rathke Cleft and Other Incidental Pituitary Gland Findings on Contrast-Enhanced 3D Fat-Saturated T1 MPRAGE at 7T MRI,2024,2024-11-01,American Journal of Neuroradiology,Mir M.,10.3174/ajnr.A8393,2-s2.0-85208772127,SCOPUS_ID:85208772127,2,Article,
Optimal Endovascular Therapy Technique for Isolated Intracranial Atherothrombotic Stroke-Related Large-Vessel Occlusion in the Acute-to-Subacute Stage,2024,2024-11-01,American Journal of Neuroradiology,Beppu M.,10.3174/ajnr.A8399,2-s2.0-85208772768,SCOPUS_ID:85208772768,5,Article,
Differences in Cervical Spine Fractures in Patients Younger or Older Than 65 Years of Age: Implications for the Canadian C-Spine Rule,2024,2024-11-01,American Journal of Neuroradiology,Radmard M.,10.3174/ajnr.A8416,2-s2.0-85208772639,SCOPUS_ID:85208772639,2,Article,
Probabilistic Presurgical Language fMRI Atlas of Patients with Brain Tumors,2024,2024-11-01,American Journal of Neuroradiology,Teo J.M.,10.3174/ajnr.A8383,2-s2.0-85208772372,SCOPUS_ID:85208772372,3,Article,
Stent Retriever AssIsted Lysis Technique with Tirofiban: A Potential Bailout Alternative to Angioplasty and Stenting,2024,2024-11-01,American Journal of Neuroradiology,Rodrigo-Gisbert M.,10.3174/ajnr.A8374,2-s2.0-85208771627,SCOPUS_ID:85208771627,4,Article,
Distribution and Disparities of Industry Payments to Neuroradiologists,2024,2024-11-01,American Journal of Neuroradiology,Lee C.,10.3174/ajnr.A8404,2-s2.0-85208772619,SCOPUS_ID:85208772619,4,Article,
Comparative Evaluation of Lower Gadolinium Doses for MR Imaging of Meningiomas: How Low Can We Go?,2024,2024-11-01,American Journal of Neuroradiology,Dowers T.,10.3174/ajnr.A8375,2-s2.0-85208772959,SCOPUS_ID:85208772959,5,Article,
Artificial Intelligence Efficacy as a Function of Trainee Interpreter Proficiency: Lessons from a Randomized Controlled Trial,2024,2024-11-01,American Journal of Neuroradiology,Fussell D.A.,10.3174/ajnr.A8387,2-s2.0-85208771634,SCOPUS_ID:85208771634,3,Article,
Spinal CSF Leaks: The Neuroradiologist Transforming Care,2024,2024-11-01,American Journal of Neuroradiology,Mamlouk M.D.,10.3174/ajnr.A8484,2-s2.0-85208772813,SCOPUS_ID:85208772813,11,Editorial,
Clinical and Pathophysiologic Correlates of Basilar Artery Measurements in Fabry Disease,2024,2024-11-01,American Journal of Neuroradiology,Scaravilli A.,10.3174/ajnr.A8403,2-s2.0-85208771845,SCOPUS_ID:85208771845,1,Article,
Intra-Aneurysmal High-Resolution 4D MR Flow Imaging for Hemodynamic Imaging Markers in Intracranial Aneurysm Instability,2024,2024-11-01,American Journal of Neuroradiology,Van Tuijl R.J.,10.3174/ajnr.A8380,2-s2.0-85208772294,SCOPUS_ID:85208772294,5,Article,
Cyclic Aspiration in Mechanical Thrombectomy: Influencing Factors and Experimental Validation,2024,2024-11-01,American Journal of Neuroradiology,Jablonska M.,10.3174/ajnr.A8369,2-s2.0-85208771988,SCOPUS_ID:85208771988,4,Article,
Utility of Early Postoperative DWI to Assess the Extent of Resection of Adult-Type World Health Organization Grade 2 and 3 Diffuse Gliomas,2024,2024-11-01,American Journal of Neuroradiology,Brosnan C.,10.3174/ajnr.A8397,2-s2.0-85208771751,SCOPUS_ID:85208771751,1,Article,
Cyclic Aspiration in Mechanical Thrombectomy: Influencing Factors and Experimental Validation,2024,2024-11-01,American Journal of Neuroradiology,Jablonska M.,10.3174/ajnr.A8369,2-s2.0-85208771988,SCOPUS_ID:85208771988,4,Article,
Low-Field (64 mT) Portable MRI for Rapid Point-of-Care Diagnosis of Dissemination in Space in Patients Presenting with Optic Neuritis,2024,2024-11-01,American Journal of Neuroradiology,Lim T.R.,10.3174/ajnr.A8395,2-s2.0-85200156521,SCOPUS_ID:85200156521,9,Article,
Deep Learning-Based Reconstruction of 3D T1 SPACE Vessel Wall Imaging Provides Improved Image Quality with Reduced Scan Times: A Preliminary Study,2024,2024-11-01,American Journal of Neuroradiology,Bathla G.,10.3174/ajnr.A8382,2-s2.0-85208772122,SCOPUS_ID:85208772122,10,Article,
Preoperative Assessment of Meningioma Consistency Using a Combination of MR Elastography and DTI,2024,2024-11-01,American Journal of Neuroradiology,Bao Y.,10.3174/ajnr.A8385,2-s2.0-85208772383,SCOPUS_ID:85208772383,3,Article,
Prognosis of Proximal and Distal Vertebrobasilar Artery Stent Placement,2024,2024-11-01,American Journal of Neuroradiology,Ryu J.C.,10.3174/ajnr.A8389,2-s2.0-85208772114,SCOPUS_ID:85208772114,2,Article,
Enzyme Replacement Therapy for CLN2 Disease: MRI Volumetry Shows Significantly Slower Volume Loss Compared with a Natural History Cohort,2024,2024-11-01,American Journal of Neuroradiology,Gaur P.,10.3174/ajnr.A8408,2-s2.0-85208772859,SCOPUS_ID:85208772859,6,Article,
Revisiting the Pathophysiology of Intracranial Hemorrhage in Fetuses with Chiari II Malformation: Novel Imaging Biomarkers of Disease Severity?,2024,2024-10-01,American Journal of Neuroradiology,Shi H.,10.3174/ajnr.A8331,2-s2.0-85205741138,SCOPUS_ID:85205741138,1,Article,
High-Resolution Head CTA: A Prospective Patient Study Comparing Image Quality of Photon-Counting Detector CT and Energy-Integrating Detector CT,2024,2024-10-01,American Journal of Neuroradiology,Diehn F.E.,10.3174/ajnr.A8342,2-s2.0-85205741201,SCOPUS_ID:85205741201,16,Article,
DSA Quantitative Analysis and Predictive Modeling of Obliteration in Cerebral AVM following Stereotactic Radiosurgery,2024,2024-10-01,American Journal of Neuroradiology,Jabal M.S.,10.3174/ajnr.A8351,2-s2.0-85205741089,SCOPUS_ID:85205741089,4,Article,
Characteristic MR Imaging Findings of Cerebral Air Embolism Infarcts: A Case Series,2024,2024-10-01,American Journal of Neuroradiology,Timpone V.M.,10.3174/ajnr.A8349,2-s2.0-85205741105,SCOPUS_ID:85205741105,4,Article,
Evaluation of an Artificial Intelligence Model for Identification of Mass Effect and Vasogenic Edema on CT of the Head,2024,2024-10-01,American Journal of Neuroradiology,Newbury-Chaet I.,10.3174/ajnr.A8358,2-s2.0-85205740990,SCOPUS_ID:85205740990,3,Article,
Using an Ensemble of Segmentation Methods to Detect Vertebral Bodies on Radiographs,2024,2024-10-01,American Journal of Neuroradiology,Chang B.C.,10.3174/ajnr.A8343,2-s2.0-85205741412,SCOPUS_ID:85205741412,2,Article,
Toward Improved Radiologic Diagnostics: Investigating the Utility and Limitations of GPT-3.5 Turbo and GPT-4 with Quiz Cases,2024,2024-10-01,American Journal of Neuroradiology,Kikuchi T.,10.3174/ajnr.A8332,2-s2.0-85204781473,SCOPUS_ID:85204781473,8,Article,
Different Glymphatic Kinetics in Spontaneous Intracranial Hypotension,2024,2024-10-01,American Journal of Neuroradiology,Urbach H.,10.3174/ajnr.A8365,2-s2.0-85205740744,SCOPUS_ID:85205740744,6,Article,
Neurovascular Imaging with Ultra-High-Resolution Photon-Counting CT: Preliminary Findings on Image-Quality Evaluation,2024,2024-10-01,American Journal of Neuroradiology,Tóth A.,10.3174/ajnr.A8350,2-s2.0-85204998282,SCOPUS_ID:85204998282,23,Article,
"Identification of a Single-Dose, Low-Flip-Angle–Based CBV Threshold for Fractional Tumor Burden Mapping in Recurrent Glioblastoma",2024,2024-10-01,American Journal of Neuroradiology,Anil A.,10.3174/ajnr.A8357,2-s2.0-85205741167,SCOPUS_ID:85205741167,2,Article,
Deep Learning Denoising Improves CT Perfusion Image Quality in the Setting of Lower Contrast Dosing: A Feasibility Study,2024,2024-10-01,American Journal of Neuroradiology,Mossa-Basha M.,10.3174/ajnr.A8367,2-s2.0-85205740987,SCOPUS_ID:85205740987,3,Article,
Myelographic Techniques for the Localization of CSF-Venous Fistulas: Updates in 2024,2024,2024-10-01,American Journal of Neuroradiology,Madhavan A.A.,10.3174/ajnr.A8299,2-s2.0-85205740936,SCOPUS_ID:85205740936,18,Review,
Influence of Stroke-Onset Location on the Efficacy of Endovascular Thrombectomy: Comparison of Outcomes between In-Hospital versus Community-Onset Strokes,2024,2024-10-01,American Journal of Neuroradiology,Puac-Polanco P.,10.3174/ajnr.A8362,2-s2.0-85205741301,SCOPUS_ID:85205741301,1,Article,
Absence of the Susceptibility Vessel Sign with Cancer-Associated Hypercoagulability-Related Stroke,2024,2024-10-01,American Journal of Neuroradiology,Fukunaga D.,10.3174/ajnr.A8363,2-s2.0-85205741313,SCOPUS_ID:85205741313,1,Article,
Estimating Flow Direction of Circle of Willis Using Dynamic Arterial Spin-Labeling MR Angiography,2024,2024-10-01,American Journal of Neuroradiology,Zhang K.,10.3174/ajnr.A8355,2-s2.0-85205740488,SCOPUS_ID:85205740488,1,Article,
Diagnostic Yield of Decubitus CT Myelography for Detection of CSF-Venous Fistulas,2024,2024-10-01,American Journal of Neuroradiology,Gibby J.T.,10.3174/ajnr.A8330,2-s2.0-85205741134,SCOPUS_ID:85205741134,13,Article,
Hypoperfusion Intensity Ratio and Hemorrhagic Transformation in Patients with Successful Recanalization after Thrombectomy,2024,2024-10-01,American Journal of Neuroradiology,You J.,10.3174/ajnr.A8329,2-s2.0-85205741006,SCOPUS_ID:85205741006,8,Article,
Guidance for Pediatric Pituitary MRI Ordering: A Single Institution Improvement Initiative,2024,2024-10-01,American Journal of Neuroradiology,Kadom N.,10.3174/ajnr.A8314,2-s2.0-85205741309,SCOPUS_ID:85205741309,0,Article,
Estimating Flow Direction of Circle of Willis Using Dynamic Arterial Spin-Labeling MR Angiography,2024,2024-10-01,American Journal of Neuroradiology,Zhang K.,10.3174/ajnr.A8355,2-s2.0-85205740488,SCOPUS_ID:85205740488,1,Article,
Sotos Syndrome: Deep Neuroimaging Phenotyping Reveals a High Prevalence of Malformations of Cortical Development,2024,2024-10-01,American Journal of Neuroradiology,Neeman B.,10.3174/ajnr.A8364,2-s2.0-85205740707,SCOPUS_ID:85205740707,5,Article,
Diagnostic Accuracy of Preoperative Quantitative Susceptibility Mapping for Detecting Histologic Intraplaque Hemorrhage in Cervical ICA Stenosis in Patients Undergoing Carotid Endarterectomy,2024,2024-10-01,American Journal of Neuroradiology,Oomori D.,10.3174/ajnr.A8356,2-s2.0-85205740995,SCOPUS_ID:85205740995,1,Article,
Skull Base CSF Leaks: Potential Underlying Pathophysiology and Evaluation of Brain MR Imaging Findings Associated with Spontaneous Intracranial Hypotension,2024,2024-10-01,American Journal of Neuroradiology,Mark I.T.,10.3174/ajnr.A8333,2-s2.0-85205740755,SCOPUS_ID:85205740755,14,Article,
Comparing Vascular Morphology and Hemodynamics in Patients with Vein of Galen Malformations Using Intracranial 4D Flow MRI,2024,2024-10-01,American Journal of Neuroradiology,Stout J.N.,10.3174/ajnr.A8353,2-s2.0-85205740968,SCOPUS_ID:85205740968,1,Article,
Pseudo-Resting-State Functional MRI Derived from Dynamic Susceptibility Contrast Perfusion MRI Can Predict Cognitive Impairment in Glioma,2024,2024-10-01,American Journal of Neuroradiology,Cho N.S.,10.3174/ajnr.A8327,2-s2.0-85205740951,SCOPUS_ID:85205740951,0,Article,
Quantification of Infarct Core Volume in Patients with Acute Ischemic Stroke Using Cerebral Metabolic Rate of Oxygen in CT Perfusion,2024,2024-10-01,American Journal of Neuroradiology,Otgonbaatar C.,10.3174/ajnr.A8360,2-s2.0-85205741368,SCOPUS_ID:85205741368,2,Article,
Endovascular Embolization as a Stand-Alone Treatment of Head and Neck Paragangliomas with Long-Term Tumor Control,2024,2024-10-01,American Journal of Neuroradiology,Michel S.,10.3174/ajnr.A8328,2-s2.0-85198417745,SCOPUS_ID:85198417745,3,Article,
Multicenter Experience with the Pipeline Flex and Vantage with Shield Technology for Intracranial Aneurysm Treatment,2024,2024-10-01,American Journal of Neuroradiology,Goertz L.,10.3174/ajnr.A8352,2-s2.0-85205740997,SCOPUS_ID:85205740997,5,Article,
Optimizing Photon-Counting Detector CT for Imaging Intracranial Aneurysms,2024,2024-10-01,American Journal of Neuroradiology,Rajendran K.,10.3174/ajnr.A8400,2-s2.0-85205740492,SCOPUS_ID:85205740492,2,Note,
"Glial Fibrillary Acidic Protein Astrocytopathy: Review of Pathogenesis, Imaging Features, and Radiographic Mimics",2024,2024-10-01,American Journal of Neuroradiology,Shetty D.,10.3174/ajnr.A8236,2-s2.0-85205117940,SCOPUS_ID:85205117940,14,Review,
MRI-Based Prediction of Clinical Improvement after Ventricular Shunt Placement for Normal Pressure Hydrocephalus: Development and Evaluation of an Integrated Multisequence Machine Learning Algorithm,2024,2024-10-01,American Journal of Neuroradiology,Leary O.P.,10.3174/ajnr.A8372,2-s2.0-85205740610,SCOPUS_ID:85205740610,4,Article,
Imaging Findings and MRI Patterns in a Cohort of 18q Chromosomal Abnormalities,2024,2024-10-01,American Journal of Neuroradiology,Malik P.,10.3174/ajnr.A8361,2-s2.0-85205741234,SCOPUS_ID:85205741234,3,Article,
Sex-Specific Differences in Patients with IDH1–Wild-Type Grade 4 Glioma in the ReSPOND Consortium,2024,2024-09-01,American Journal of Neuroradiology,Gongala S.,10.3174/ajnr.A8319,2-s2.0-85203855826,SCOPUS_ID:85203855826,4,Article,
An Optimized CT Protocol for Detecting Suspected Cauda Equina Syndrome: A Comparative Analysis with MRI,2024,2024-09-01,American Journal of Neuroradiology,Dempsey P.J.,10.3174/ajnr.A8315,2-s2.0-85203851860,SCOPUS_ID:85203851860,1,Article,
Efficacy Assessment of Cerebral Perfusion Augmentation through Functional Connectivity in an Acute Canine Stroke Model,2024,2024-09-01,American Journal of Neuroradiology,Warioba C.S.,10.3174/ajnr.A8320,2-s2.0-85203856547,SCOPUS_ID:85203856547,2,Article,
Analysis of Requirements within Neuroradiology Job Advertisements in a Specific Timeframe,2024,2024-09-01,American Journal of Neuroradiology,Thumar V.D.,10.3174/ajnr.A8373,2-s2.0-85203862856,SCOPUS_ID:85203862856,1,Article,
Current Practice: Rationale for Screening Children with Hereditary Hemorrhagic Telangiectasia for Brain Vascular Malformations,2024,2024-09-01,American Journal of Neuroradiology,Beslow L.A.,10.3174/ajnr.A8195,2-s2.0-85203851751,SCOPUS_ID:85203851751,5,Article,
Retrolabyrinthine Bone Thickness as a Radiologic Marker for the Hypoplastic Endotype in Menière Disease,2024,2024-09-01,American Journal of Neuroradiology,Juliano A.F.,10.3174/ajnr.A8339,2-s2.0-85203862100,SCOPUS_ID:85203862100,8,Article,
"Incidence, Risk Factors, and Clinical Implications of Subarachnoid Hyperdensities on Flat-Panel Detector CT following Mechanical Thrombectomy in Patients with Anterior Circulation Acute Ischemic Stroke",2024,2024-09-01,American Journal of Neuroradiology,Serrallach B.L.,10.3174/ajnr.A8277,2-s2.0-85203852571,SCOPUS_ID:85203852571,8,Article,
Synthetic MRI and MR Fingerprinting–Derived Relaxometry of Antenatal Human Brainstem Myelination: A Postmortem-Based Quantitative Imaging Study,2024,2024-09-01,American Journal of Neuroradiology,Schmidbauer V.U.,10.3174/ajnr.A8337,2-s2.0-85203855144,SCOPUS_ID:85203855144,3,Article,
Integrating Clinical Data and Radiomics and Deep Learning Features for End-to-End Delayed Cerebral Ischemia Prediction on Noncontrast CT,2024,2024-09-01,American Journal of Neuroradiology,Ban Q.Q.,10.3174/ajnr.A8301,2-s2.0-85203857564,SCOPUS_ID:85203857564,3,Article,
Imaging Findings Post-Stereotactic Radiosurgery for Vestibular Schwannoma: A Primer for the Radiologist,2024,2024-09-01,American Journal of Neuroradiology,Bathla G.,10.3174/ajnr.A8175,2-s2.0-85203860036,SCOPUS_ID:85203860036,3,Review,
Automated Detection of Steno-Occlusive Lesion on Time-of-Flight MR Angiography: An Observer Performance Study,2024,2024-09-01,American Journal of Neuroradiology,Lim H.,10.3174/ajnr.A8334,2-s2.0-85203858667,SCOPUS_ID:85203858667,2,Article,
Assessing the Emergence and Evolution of Artificial Intelligence and Machine Learning Research in Neuroradiology,2024,2024-09-01,American Journal of Neuroradiology,Boutet A.,10.3174/ajnr.A8252,2-s2.0-85198330583,SCOPUS_ID:85198330583,10,Article,
De Novo Formation of Idiopathic Spinal Cord Herniation,2024,2024-09-01,American Journal of Neuroradiology,Schievink W.I.,10.3174/ajnr.A8338,2-s2.0-85203860339,SCOPUS_ID:85203860339,3,Article,
Dual-Energy CTA Iodine Map Reconstructions Improve Visualization of Residual Cerebral Aneurysms following Endovascular Coiling,2024,2024-09-01,American Journal of Neuroradiology,Wolman D.N.,10.3174/ajnr.A8305,2-s2.0-85203862840,SCOPUS_ID:85203862840,1,Article,
Endovascular Thrombectomy for Carotid Pseudo-Occlusion in the Setting of Acute Ischemic Stroke: A Comparative Systematic Review and Meta-analysis,2024,2024-09-01,American Journal of Neuroradiology,Toruno M.A.,10.3174/ajnr.A8268,2-s2.0-85203854941,SCOPUS_ID:85203854941,2,Article,
Impact of SUSAN Denoising and ComBat Harmonization on Machine Learning Model Performance for Malignant Brain Neoplasms,2024,2024-09-01,American Journal of Neuroradiology,Bathla G.,10.3174/ajnr.A8280,2-s2.0-85203856308,SCOPUS_ID:85203856308,2,Article,
Development of Myelin Growth Charts of the White Matter Using T1 Relaxometry,2024,2024-09-01,American Journal of Neuroradiology,Ho C.Y.,10.3174/ajnr.A8306,2-s2.0-85203856555,SCOPUS_ID:85203856555,2,Article,
Interrater Agreement of BT-RADS for Evaluation of Followup MRI in Patients with Treated Primary Brain Tumor,2024,2024-09-01,American Journal of Neuroradiology,Essien M.,10.3174/ajnr.A8322,2-s2.0-85199088732,SCOPUS_ID:85199088732,3,Article,
MCA Parallel Anatomic Scanning MR Imaging–Guided Recanalization of a Chronic Occluded MCA by Endovascular Treatment,2024,2024-09-01,American Journal of Neuroradiology,Liu C.C.,10.3174/ajnr.A8303,2-s2.0-85203862181,SCOPUS_ID:85203862181,1,Article,
Whole-Brain Vascular Architecture Mapping Identifies Region-Specific Microvascular Profiles In Vivo,2024,2024-09-01,American Journal of Neuroradiology,Hohmann A.,10.3174/ajnr.A8344,2-s2.0-85203860632,SCOPUS_ID:85203860632,3,Article,
Comparison of Image Quality and Radiation Dose in Pediatric Temporal Bone CT Using Photon-Counting Detector CT and Energy-Integrating Detector CT,2024,2024-09-01,American Journal of Neuroradiology,Lee J.S.,10.3174/ajnr.A8276,2-s2.0-85203860613,SCOPUS_ID:85203860613,16,Article,
Comparing the Double-Echo Steady-State with Water Excitation and Constructive Interference in Steady-State Sequence Techniques for Identifying Extracranial Facial Nerve and Tumor Positions in Patients with Parotid Tumors,2024,2024-09-01,American Journal of Neuroradiology,Fan X.,10.3174/ajnr.A8309,2-s2.0-85203850202,SCOPUS_ID:85203850202,3,Article,
Risk of Hemorrhagic Transformation after Mechanical Thrombectomy without versus with IV Thrombolysis for Acute Ischemic Stroke: A Systematic Review and Meta-analysis of Randomized Clinical Trials,2024,2024-09-01,American Journal of Neuroradiology,Jazayeri S.B.,10.3174/ajnr.A8307,2-s2.0-85203859363,SCOPUS_ID:85203859363,16,Article,
Temporal Changes on Postgadolinium MR Vessel Wall Imaging Captures Enhancement Kinetics of Intracranial Atherosclerotic Plaques and Aneurysms,2024,2024-09-01,American Journal of Neuroradiology,Patel A.,10.3174/ajnr.A8370,2-s2.0-85203856382,SCOPUS_ID:85203856382,2,Article,
Implementation of a Survey Spine MR Imaging Protocol for Cord Compression in the Emergency Department: Experience at a Level 1 Trauma Center,2024,2024-09-01,American Journal of Neuroradiology,Mazurek M.H.,10.3174/ajnr.A8326,2-s2.0-85203849923,SCOPUS_ID:85203849923,3,Article,
MR Cranial Bone Imaging: Evaluation of Both Motion-Corrected and Automated Deep Learning Pseudo-CT Estimated MR Images,2024,2024-09-01,American Journal of Neuroradiology,Linkugel A.D.,10.3174/ajnr.A8335,2-s2.0-85202936348,SCOPUS_ID:85202936348,4,Article,
Assessing the Performance of Artificial Intelligence Models: Insights from the American Society of Functional Neuroradiology Artificial Intelligence Competition,2024,2024-09-01,American Journal of Neuroradiology,Jiang B.,10.3174/ajnr.A8317,2-s2.0-85203854996,SCOPUS_ID:85203854996,4,Article,
Radiologic Classification of Hippocampal Sclerosis in Epilepsy,2024,2024-09-01,American Journal of Neuroradiology,Middlebrooks E.H.,10.3174/ajnr.A8214,2-s2.0-85200554175,SCOPUS_ID:85200554175,12,Review,
Third Ventricle Diameter Is Inversely Related to Thalamic Massa Intermedia Thickness in Hydrocephalus Caused by Congenital Aqueductal Stenosis,2024,2024-09-01,American Journal of Neuroradiology,Simsek O.,10.3174/ajnr.A8340,2-s2.0-85203852650,SCOPUS_ID:85203852650,1,Article,
Real-World Adoption of Artificial Intelligence in Radiology: Opportunities and Barriers,2024,2024-09-01,American Journal of Neuroradiology,Forghani R.,10.3174/ajnr.A8422,2-s2.0-85203859703,SCOPUS_ID:85203859703,0,Editorial,
Compatibility of Standard Vagus Nerve Stimulation and Investigational Microburst Vagus Nerve Stimulation Therapy with fMRI,2024,2024-08-01,American Journal of Neuroradiology,Middlebrooks E.H.,10.3174/ajnr.A8235,2-s2.0-85201134220,SCOPUS_ID:85201134220,3,Article,
"Deposition of Gadolinium in the Central and Peripheral Nervous Systems and Its Effects on Sensory, Cognitive, and Athletic Implications after Multiple Injections of Gadolinium-Based Contrast Agents in Rats",2024,2024-08-01,American Journal of Neuroradiology,Yao X.,10.3174/ajnr.A8295,2-s2.0-85201134195,SCOPUS_ID:85201134195,6,Article,
Reply:,2024,2024-08-01,American Journal of Neuroradiology,Alves C.A.P.F.,10.3174/ajnr.A8415,2-s2.0-85201064353,SCOPUS_ID:85201064353,0,Letter,
Usefulness of Olfactory Bulb Measurement in 3D-FIESTA in Differentiating Parkinson Disease from Atypical Parkinsonism,2024,2024-08-01,American Journal of Neuroradiology,Ide S.,10.3174/ajnr.A8275,2-s2.0-85201133259,SCOPUS_ID:85201133259,4,Article,
Updates from the International League Against Epilepsy Classification of Epilepsy (2017) and Focal Cortical Dysplasias (2022): Imaging Phenotype and Genetic Characterization,2024,2024-08-01,American Journal of Neuroradiology,Agarwal A.,10.3174/ajnr.A8178,2-s2.0-85201134283,SCOPUS_ID:85201134283,8,Review,
Cluster Analysis to Specify the MELAS Genotype and Phenotype Must Consider Genetic Background Peculiarities and Disease Progression,2024,2024-08-01,American Journal of Neuroradiology,Finsterer J.,10.3174/ajnr.A8323,2-s2.0-85201064327,SCOPUS_ID:85201064327,0,Letter,
Morning Glory Disc Anomaly: Expanding the MR Phenotype,2024,2024-08-01,American Journal of Neuroradiology,Firouzabadi F.D.,10.3174/ajnr.A8296,2-s2.0-85201133573,SCOPUS_ID:85201133573,0,Article,
Molecular GBM versus Histopathological GBM: Radiology-Pathology-Genetic Correlation and the New WHO 2021 Definition of Glioblastoma,2024,2024-08-01,American Journal of Neuroradiology,Agarwal A.,10.3174/ajnr.A8225,2-s2.0-85201133306,SCOPUS_ID:85201133306,26,Article,
Low-Field Portable MR Imaging to Evaluate Ventricular Volumes: A Single-Center Retrospective Study,2024,2024-08-01,American Journal of Neuroradiology,Velagapudi V.,10.3174/ajnr.A8269,2-s2.0-85201133278,SCOPUS_ID:85201133278,2,Article,
Training and Comparison of nnU-Net and DeepMedic Methods for Autosegmentation of Pediatric Brain Tumors,2024,2024-08-01,American Journal of Neuroradiology,Vossough A.,10.3174/ajnr.A8293,2-s2.0-85201133528,SCOPUS_ID:85201133528,27,Article,
Asymmetry of the Frontal Aslant Tract Depends on Handedness,2024,2024-08-01,American Journal of Neuroradiology,Taghvaei M.,10.3174/ajnr.A8270,2-s2.0-85201133687,SCOPUS_ID:85201133687,3,Article,
"Occult Amyloid-β-Related Angiitis: Neuroimaging Findings at 1.5T, 3T, and 7T MRI",2024,2024-08-01,American Journal of Neuroradiology,Özütemiz C.,10.3174/ajnr.A8264,2-s2.0-85201133693,SCOPUS_ID:85201133693,3,Article,
Visualization of the Extracranial Branches of the Trigeminal Nerve Using Improved Motion-Sensitized Driven Equilibrium-Prepared 3D Inversion Recovery TSE Sequence,2024,2024-08-01,American Journal of Neuroradiology,She D.,10.3174/ajnr.A8273,2-s2.0-85201134062,SCOPUS_ID:85201134062,2,Article,
Preliminary Results from Retrospective Correlation of Circulating Tumor DNA (ct-DNA) with Imaging for HPV-Positive Oropharyngeal Squamous Cell Carcinoma,2024,2024-08-01,American Journal of Neuroradiology,Agarwal A.,10.3174/ajnr.A8242,2-s2.0-85201134155,SCOPUS_ID:85201134155,6,Article,
Photon-Counting CT in the Head and Neck: Current Applications and Future Prospects,2024,2024-08-01,American Journal of Neuroradiology,Benson J.C.,10.3174/ajnr.A8265,2-s2.0-85201133730,SCOPUS_ID:85201133730,18,Review,
A Deep Learning Approach to Predict Recanalization First-Pass Effect following Mechanical Thrombectomy in Patients with Acute Ischemic Stroke,2024,2024-08-01,American Journal of Neuroradiology,Zhang H.,10.3174/ajnr.A8272,2-s2.0-85201133815,SCOPUS_ID:85201133815,7,Article,
Expounding on the Distinction between Lateral Dural Tears and Leaking Meningeal Diverticula in Spontaneous Intracranial Hypotension,2024,2024-08-01,American Journal of Neuroradiology,Madhavan A.A.,10.3174/ajnr.A8308,2-s2.0-85201133542,SCOPUS_ID:85201133542,13,Letter,
Distinguishing Pituitary Metastasis and Pituitary Neuroendocrine Tumors through Conventional MR Imaging and Clinical Features,2024,2024-08-01,American Journal of Neuroradiology,Yuzkan S.,10.3174/ajnr.A8302,2-s2.0-85201133740,SCOPUS_ID:85201133740,4,Article,
Benign Notochordal Cell Tumor: An Entity Distinct from Ecchordosis Physaliphora and Chordoma,2024,2024-08-01,American Journal of Neuroradiology,Carr C.M.,10.3174/ajnr.A8366,2-s2.0-85201134108,SCOPUS_ID:85201134108,0,Letter,
Cognitive and Salience Network Connectivity Changes following a Single Season of Repetitive Head Impact Exposure in High School Football,2024,2024-08-01,American Journal of Neuroradiology,Kawas M.I.,10.3174/ajnr.A8294,2-s2.0-85201133141,SCOPUS_ID:85201133141,2,Article,
"Facet Injections, Prior Authorization, and the Future of Image-Guided Spinal Pain Management",2024,2024-08-01,American Journal of Neuroradiology,Benson J.C.,10.3174/ajnr.A8371,2-s2.0-85201133097,SCOPUS_ID:85201133097,2,Editorial,
Regarding “Transarterial Embolization of Anterior Cranial Fossa Dural AVFs as a First-Line Approach: A Single-Center Study”,2024,2024-08-01,American Journal of Neuroradiology,Su X.,10.3174/ajnr.A8257,2-s2.0-85201133112,SCOPUS_ID:85201133112,0,Letter,
Arterial Spin-Labeling MR Imaging in the Detection of Intracranial Arteriovenous Malformations in Patients with Hereditary Hemorrhagic Telangiectasia,2024,2024-08-01,American Journal of Neuroradiology,Alyafaie A.,10.3174/ajnr.A8281,2-s2.0-85201133982,SCOPUS_ID:85201133982,4,Article,
Ten Years of VASARI Glioma Features: Systematic Review and Meta-Analysis of Their Impact and Performance,2024,2024-08-01,American Journal of Neuroradiology,Azizova A.,10.3174/ajnr.A8274,2-s2.0-85201133769,SCOPUS_ID:85201133769,9,Article,
Initial Experience with the Derivo 2Heal Flow Diverter under Standard or Reduced-Dose Single Antiplatelet Therapy,2024,2024-08-01,American Journal of Neuroradiology,Uysal A.,10.3174/ajnr.A8292,2-s2.0-85201133471,SCOPUS_ID:85201133471,4,Article,
Individual Structural Covariance Network Predicts Long-Term Motor Improvement in Parkinson Disease with Subthalamic Nucleus Deep Brain Stimulation,2024,2024-08-01,American Journal of Neuroradiology,Diao Y.,10.3174/ajnr.A8245,2-s2.0-85200208294,SCOPUS_ID:85200208294,7,Article,
The ASNR International Collaborations Committee: Cultivating a Global Learning Community,2024,2024-08-01,American Journal of Neuroradiology,Yahyavi-Firouz-Abadi N.,10.3174/ajnr.A8177,2-s2.0-85201134331,SCOPUS_ID:85201134331,1,Article,
Multiparametric Characterization and Spatial Distribution of Different MS Lesion Phenotypes,2024,2024-08-01,American Journal of Neuroradiology,Tazza F.,10.3174/ajnr.A8271,2-s2.0-85198377631,SCOPUS_ID:85198377631,6,Article,
Volumetric Changes in the Choroid Plexus Associated with Spontaneous Intracranial Hypotension in Patients with Spinal CSF Leak,2024,2024-08-01,American Journal of Neuroradiology,Mehan W.A.,10.3174/ajnr.A8291,2-s2.0-85201133716,SCOPUS_ID:85201133716,8,Article,
Double Stent Retriever Technique for Mechanical Thrombectomy: A Systematic Review and Meta-Analysis,2024,2024-08-01,American Journal of Neuroradiology,Hofmeister J.,10.3174/ajnr.A8253,2-s2.0-85190975012,SCOPUS_ID:85190975012,9,Article,
Fractional Anisotropy is a More Sensitive Diagnostic Biomarker Than Mean Kurtosis for Patients with Parkinson Disease with Cognitive Dysfunction: A Diffusional Kurtosis Map Tract-Based Spatial Statistics Study,2024,2024-08-01,American Journal of Neuroradiology,Gao B.,10.3174/ajnr.A8297,2-s2.0-85201133909,SCOPUS_ID:85201133909,3,Article,
"Parasagittal and Superior Sagittal Sinus Dural Arteriovenous Fistulas: Clinical Presentations, Imaging Characteristics, and Treatment Strategies",2024,2024-08-01,American Journal of Neuroradiology,Kee T.P.,10.3174/ajnr.A8246,2-s2.0-85201133674,SCOPUS_ID:85201133674,4,Article,
"Perspectives from the Inaugural ""Spinal CSF Leak: Bridging the Gap"" Conference: A Convergence of Clinical and Patient Expertise",2024,2024-07-01,American Journal of Neuroradiology,Callen A.L.,10.3174/ajnr.A8181,2-s2.0-85198673110,SCOPUS_ID:85198673110,4,Article,
Comprehensive Analysis of Post-Pipeline Endothelialization and Remodeling,2024,2024-07-01,American Journal of Neuroradiology,Sharashidze V.,10.3174/ajnr.A8228,2-s2.0-85198674263,SCOPUS_ID:85198674263,7,Article,
7T MRI for Cushing Disease: A Single-Institution Experience and Literature Review,2024,2024-07-01,American Journal of Neuroradiology,Mark I.T.,10.3174/ajnr.A8209,2-s2.0-85198669949,SCOPUS_ID:85198669949,6,Article,
The Spatial Relationship between Spinal Osteoarthritis and CSF Venous Fistulas in Patients with Spontaneous Intracranial Hypotension,2024,2024-07-01,American Journal of Neuroradiology,Sechrist E.M.Z.,10.3174/ajnr.A8247,2-s2.0-85198677109,SCOPUS_ID:85198677109,9,Article,
Imaging Assessments and Clinical Significance of Brain Frailty in Moyamoya Disease,2024,2024-07-01,American Journal of Neuroradiology,Wang L.,10.3174/ajnr.A8232,2-s2.0-85198675641,SCOPUS_ID:85198675641,0,Article,
Multimodal Neuroimaging of the Effect of Serotonergic Psychedelics on the Brain,2024,2024-07-01,American Journal of Neuroradiology,Frautschi P.C.,10.3174/ajnr.A8118,2-s2.0-85199515040,SCOPUS_ID:85199515040,4,Review,
Lateral Spinal CSF Leaks in Patients with Spontaneous Intracranial Hypotension: Radiologic-Anatomic Study of Different Variants,2024,2024-07-01,American Journal of Neuroradiology,Schievink W.I.,10.3174/ajnr.A8261,2-s2.0-85198672883,SCOPUS_ID:85198672883,16,Article,
"Regarding ""Central Vein Sign inMultiple Sclerosis: A Comparison Study of the Diagnostic Performance of 3T versus 7T MRI""",2024,2024-07-01,American Journal of Neuroradiology,Tuncer O.,10.3174/ajnr.A8260,2-s2.0-85198673780,SCOPUS_ID:85198673780,0,Letter,
A Note of Caution Regarding Single-Arm 1p or 19q Deletion in IDH-Mutant Gliomas,2024,2024-07-01,American Journal of Neuroradiology,Patel S.H.,10.3174/ajnr.A8201,2-s2.0-85198674260,SCOPUS_ID:85198674260,0,Letter,
CPT Codes for Quantitative MRI of the Brain: What It Means for Neuroradiology,2024,2024-07-01,American Journal of Neuroradiology,Bash S.,10.3174/ajnr.A8286,2-s2.0-85198253228,SCOPUS_ID:85198253228,1,Letter,
The Differentiation between Progressive Disease and Treatment-Induced Effects with Perfusion-Weighted Arterial Spin-Labeling in High-Grade Gliomas,2024,2024-07-01,American Journal of Neuroradiology,Flies C.M.,10.3174/ajnr.A8336,2-s2.0-85198674205,SCOPUS_ID:85198674205,1,Article,
Reduced Diffusivity along Perivascular Spaces on MR Imaging Associated with Younger Age of First Use and Cognitive Impairment in Recreational Marijuana Users,2024,2024-07-01,American Journal of Neuroradiology,Andica C.,10.3174/ajnr.A8215,2-s2.0-85198673304,SCOPUS_ID:85198673304,1,Article,
REPLY,2024,2024-07-01,American Journal of Neuroradiology,Okromelidze L.,10.3174/ajnr.A8267,2-s2.0-85198670972,SCOPUS_ID:85198670972,0,Letter,
Arterial Spin-Labeling Imaging Features of Atypical Cerebral Developmental Venous Anomaly Phenotypes,2024,2024-07-01,American Journal of Neuroradiology,Abruzzo T.,10.3174/ajnr.A8239,2-s2.0-85198674674,SCOPUS_ID:85198674674,2,Letter,
Territory-Related Functional Connectivity Changes Associated with Verbal Memory Decline in Patients with Unilateral Asymptomatic Internal Carotid Stenosis,2024,2024-07-01,American Journal of Neuroradiology,Chen J.R.,10.3174/ajnr.A8248,2-s2.0-85198677960,SCOPUS_ID:85198677960,2,Article,
CTP for the Screening of Vasospasm and Delayed Cerebral Ischemia in Aneurysmal SAH: A Systematic Review and Meta-analysis,2024,2024-07-01,American Journal of Neuroradiology,Mitchelle A.,10.3174/ajnr.A8249,2-s2.0-85198673198,SCOPUS_ID:85198673198,7,Article,
Use of the Neuroform Atlas Stent or LVIS Jr Stent for Treatment of Unruptured Intracranial Aneurysms in Parent Arteries of <2 mm in Diameter: A Multicenter Experience,2024,2024-07-01,American Journal of Neuroradiology,Li T.,10.3174/ajnr.A8238,2-s2.0-85198671903,SCOPUS_ID:85198671903,8,Article,
"Correspondence on ""Antithrombotic Treatment after Carotid Stenting in Patients with Concomitant Atrial Fibrillation""",2024,2024-07-01,American Journal of Neuroradiology,Zhong H.,10.3174/ajnr.A8130,2-s2.0-85198674603,SCOPUS_ID:85198674603,0,Letter,
Association between CT Perfusion Parameters and Hemorrhagic Transformation after Endovascular Treatment in Acute Ischemic Stroke: Results from the ESCAPE-NA1 Trial,2024,2024-07-01,American Journal of Neuroradiology,McDonough R.V.,10.3174/ajnr.A8227,2-s2.0-85198672765,SCOPUS_ID:85198672765,5,Article,
Shift Volumes,2024,2024-07-01,American Journal of Neuroradiology,Kadom N.,10.3174/ajnr.A8259,2-s2.0-85198671311,SCOPUS_ID:85198671311,0,Letter,
A Comparison of CT Perfusion Output of RapidAI and Viz.ai Software in the Evaluation of Acute Ischemic Stroke,2024,2024-07-01,American Journal of Neuroradiology,Bushnaq S.,10.3174/ajnr.A8196,2-s2.0-85192005946,SCOPUS_ID:85192005946,13,Article,
REPLY,2024,2024-07-01,American Journal of Neuroradiology,Manuel M.R.,10.3174/ajnr.A8341,2-s2.0-85198676015,SCOPUS_ID:85198676015,0,Letter,
REPLY,2024,2024-07-01,American Journal of Neuroradiology,Lasocki A.,10.3174/ajnr.A8347,2-s2.0-85198675844,SCOPUS_ID:85198675844,0,Letter,
Differentiating Low-Grade from High-Grade Intracranial Ependymomas: Comparison of Dynamic Contrast-Enhanced MRI and Diffusion-Weighted Imaging,2024,2024-07-01,American Journal of Neuroradiology,Arevalo-Perez J.,10.3174/ajnr.A8226,2-s2.0-85198676399,SCOPUS_ID:85198676399,3,Article,
Epstein-Barr Virus–Associated Smooth-Muscle Tumor of the Brain,2024,2024-07-01,American Journal of Neuroradiology,Alfalahi A.,10.3174/ajnr.A8258,2-s2.0-85198670446,SCOPUS_ID:85198670446,1,Article,
Hypoperfusion Intensity Ratio Is Associated with Early Neurologic Deficit Severity and Deterioration after Mechanical Thrombectomy in Large-Vessel Occlusion Ischemic Stroke,2024,2024-07-01,American Journal of Neuroradiology,Miller M.M.,10.3174/ajnr.A8234,2-s2.0-85198674290,SCOPUS_ID:85198674290,8,Article,
Improved Cerebral Glymphatic Flow after Transvenous Embolization of CSF-Venous Fistula,2024,2024-07-01,American Journal of Neuroradiology,Schartz D.,10.3174/ajnr.A8229,2-s2.0-85198673695,SCOPUS_ID:85198673695,6,Article,
Predictors of Aneurysm Obliteration in Patients Treated with the WEB Device: Results of aMulticenter Retrospective Study,2024,2024-07-01,American Journal of Neuroradiology,Mastorakos P.,10.3174/ajnr.A8324,2-s2.0-85198291446,SCOPUS_ID:85198291446,5,Article,
REPLY,2024,2024-07-01,American Journal of Neuroradiology,Yoo D.H.,10.3174/ajnr.A8348,2-s2.0-85198671498,SCOPUS_ID:85198671498,0,Letter,
MR Imaging Findings in Anti-Leucine-Rich Glioma Inactivated Protein 1 Encephalitis: A Systematic Review and Meta-analysis,2024,2024-07-01,American Journal of Neuroradiology,Almeida F.C.,10.3174/ajnr.A8256,2-s2.0-85198673166,SCOPUS_ID:85198673166,6,Article,
MR Imaging Features of Critical Spinal Demyelinating Lesions Associated with Progressive Motor Impairment,2024,2024-07-01,American Journal of Neuroradiology,Keegan B.M.,10.3174/ajnr.A8304,2-s2.0-85199488145,SCOPUS_ID:85199488145,10,Article,
Comparison of a Whole-Brain Contrast-Enhanced 3D TSE T1WI versus Orbits Contrast-Enhanced 2D Coronal T1WI at 3T MRI for the Detection of Optic Nerve Enhancement in Patients with Acute Loss of Visual Acuity,2024,2024-07-01,American Journal of Neuroradiology,Prillard D.,10.3174/ajnr.A8233,2-s2.0-85198674735,SCOPUS_ID:85198674735,3,Article,
T2-FLAIR Mismatch: An Imaging Biomarker for Children’s MYB/MYBL1–Altered Diffuse Astrocytoma or Angiocentric Glioma,2024,2024-06-01,American Journal of Neuroradiology,van Maren E.A.,10.3174/ajnr.A8203,2-s2.0-85195621579,SCOPUS_ID:85195621579,11,Article,
DOTATATE PET/MR Imaging Differentiates Secondary-Progressive from de Novo World Health Organization Grade 3 Meningiomas,2024,2024-06-01,American Journal of Neuroradiology,Kim J.T.,10.3174/ajnr.A8219,2-s2.0-85195620210,SCOPUS_ID:85195620210,5,Article,
On Behalf of Serial Imaging in Preterm Infants,2024,2024-06-01,American Journal of Neuroradiology,Saraiva J.,10.3174/ajnr.A8223,2-s2.0-85195620699,SCOPUS_ID:85195620699,0,Letter,
Lesion-Filling Index from Quantitative DSA Correlates with Hemorrhage of Cerebral AVM,2024,2024-06-01,American Journal of Neuroradiology,Li R.,10.3174/ajnr.A8218,2-s2.0-85195620188,SCOPUS_ID:85195620188,3,Article,
Concurrent Moyamoya-like Intracranial Steno-Occlusive Disease and Dural Arteriovenous Fistulas,2024,2024-06-01,American Journal of Neuroradiology,Rao V.L.,10.3174/ajnr.A8197,2-s2.0-85195621048,SCOPUS_ID:85195621048,0,Article,
Structural Brain MR Imaging Alterations in Patients with Systemic Lupus Erythematosus with and without Neuropsychiatric Events,2024,2024-06-01,American Journal of Neuroradiology,Vacca S.,10.3174/ajnr.A8200,2-s2.0-85195621168,SCOPUS_ID:85195621168,3,Article,
Contrast Staining in Noninfarcted Tissue after Endovascular Treatment of Acute Ischemic Stroke,2024,2024-06-01,American Journal of Neuroradiology,Abdalkader M.,10.3174/ajnr.A8222,2-s2.0-85195621623,SCOPUS_ID:85195621623,6,Article,
REPLY:,2024,2024-06-01,American Journal of Neuroradiology,Heitkamp C.,10.3174/ajnr.A8310,2-s2.0-85195621025,SCOPUS_ID:85195621025,0,Letter,
Lateral Compression Manipulation: A Simple Approach for Sizing Taller-Than-Wide Intracranial Aneurysms with the Woven EndoBridge Device,2024,2024-06-01,American Journal of Neuroradiology,Chew H.S.,10.3174/ajnr.A8172,2-s2.0-85195620929,SCOPUS_ID:85195620929,2,Article,
The Clinical Value of Cranial CT Venography for Predicting Fusobacterium necrophorum as the Causative Agent in Children with Complicated Acute Mastoiditis,2024,2024-06-01,American Journal of Neuroradiology,Shiran S.I.,10.3174/ajnr.A8217,2-s2.0-85195620695,SCOPUS_ID:85195620695,0,Article,
Reliability of CTA Alone and in Combination with CTP in the Detection of Cerebral Vasospasm: Methodologic Issues on Reliability to Avoid Misinterpretation,2024,2024-06-01,American Journal of Neuroradiology,Sabour S.,10.3174/ajnr.A8241,2-s2.0-85195620948,SCOPUS_ID:85195620948,0,Letter,
Time-Saving 3D MR Imaging Protocols with Millimeter and Submillimeter Isotropic Spatial Resolution for Face and Neck Imaging as Implemented at a Single-Site Major Referral Center,2024,2024-06-01,American Journal of Neuroradiology,Guenette J.P.,10.3174/ajnr.A8184,2-s2.0-85195621693,SCOPUS_ID:85195621693,4,Article,
Functional Connectivity Changes on Resting-State fMRI after Mild Traumatic Brain Injury: A Systematic Review,2024,2024-06-01,American Journal of Neuroradiology,Dogra S.,10.3174/ajnr.A8204,2-s2.0-85195621120,SCOPUS_ID:85195621120,12,Article,
Imaging Outcomes of Emergency MR Imaging in Dizziness and Vertigo: A Retrospective Cohort Study,2024,2024-06-01,American Journal of Neuroradiology,Happonen T.,10.3174/ajnr.A8202,2-s2.0-85195620422,SCOPUS_ID:85195620422,7,Article,
A Public Health Perspective on Radiologists’ Interpretation Volumes,2024,2024-06-01,American Journal of Neuroradiology,Guenette J.P.,10.3174/ajnr.A8240,2-s2.0-85195621332,SCOPUS_ID:85195621332,0,Letter,
International Consensus Statement on the Radiologic Evaluation of Dysraphic Malformations of the Spine and Spinal Cord,2024,2024-06-01,American Journal of Neuroradiology,Balani A.,10.3174/ajnr.A8117,2-s2.0-85196359180,SCOPUS_ID:85196359180,4,Review,
Cortical Hyperperfusion on MRI Arterial Spin-Labeling during the Interictal Period of Patients with Migraine Headache,2024,2024-06-01,American Journal of Neuroradiology,Shimoda M.,10.3174/ajnr.A8208,2-s2.0-85195534082,SCOPUS_ID:85195534082,2,Article,
"Timing of Spot Sign Appearance, Spot Sign Volume, and Leakage Rate among Phases of Multiphase CTA Predict Intracerebral Hemorrhage Growth",2024,2024-06-01,American Journal of Neuroradiology,Horn M.,10.3174/ajnr.A8254,2-s2.0-85195621397,SCOPUS_ID:85195621397,7,Article,
Peer Learning in Neuroradiology: Easier Than It Sounds,2024,2024-06-01,American Journal of Neuroradiology,Kunst M.M.,10.3174/ajnr.A8263,2-s2.0-85195620629,SCOPUS_ID:85195620629,1,Letter,
Cortical Hyperperfusion on MRI Arterial Spin-Labeling during the Interictal Period of Patients with Migraine Headache,2024,2024-06-01,American Journal of Neuroradiology,Shimoda M.,10.3174/ajnr.A8208,2-s2.0-85195534082,SCOPUS_ID:85195534082,2,Article,
"Timing of Spot Sign Appearance, Spot Sign Volume, and Leakage Rate among Phases of Multiphase CTA Predict Intracerebral Hemorrhage Growth",2024,2024-06-01,American Journal of Neuroradiology,Horn M.,10.3174/ajnr.A8254,2-s2.0-85195621397,SCOPUS_ID:85195621397,7,Article,
Back to the Future: Dynamic Contrast-Enhanced Photon-Counting Detector CT for the Detection of Pituitary Adenoma in Cushing Disease,2024,2024-06-01,American Journal of Neuroradiology,Mark I.T.,10.3174/ajnr.A8171,2-s2.0-85195621126,SCOPUS_ID:85195621126,7,Article,
Perspectives on Remote Robotic-Assisted Stroke Treatment: A Commentary Paper,2024,2024-06-01,American Journal of Neuroradiology,Consoli A.,10.3174/ajnr.A8085,2-s2.0-85193599479,SCOPUS_ID:85193599479,5,Article,
Optimization of [18F]-FDOPA Brain PET Acquisition Times for Assessment of Parkinsonism in the Clinical Setting,2024,2024-06-01,American Journal of Neuroradiology,Keir G.,10.3174/ajnr.A8207,2-s2.0-85195533507,SCOPUS_ID:85195533507,2,Article,
Identification of Multiclass Pediatric Low-Grade Neuroepithelial Tumor Molecular Subtype with ADC MR Imaging and Machine Learning,2024,2024-06-01,American Journal of Neuroradiology,Soldatelli M.D.,10.3174/ajnr.A8199,2-s2.0-85195620282,SCOPUS_ID:85195620282,5,Article,
Evaluating Biases and Quality Issues in Intermodality Image Translation Studies for Neuroradiology: A Systematic Review,2024,2024-06-01,American Journal of Neuroradiology,Walston S.L.,10.3174/ajnr.A8211,2-s2.0-85195621078,SCOPUS_ID:85195621078,0,Article,
Callosal Interhemispheric Communication in Mild Traumatic Brain Injury: A Mediation Analysis on WM Microstructure Effects,2024,2024-06-01,American Journal of Neuroradiology,Chung S.,10.3174/ajnr.A8213,2-s2.0-85195621521,SCOPUS_ID:85195621521,2,Article,
Brainstem Chipmunk Sign: A Diagnostic Imaging Clue across All Subtypes of Alexander Disease,2024,2024-06-01,American Journal of Neuroradiology,Armangue T.,10.3174/ajnr.A8220,2-s2.0-85195620098,SCOPUS_ID:85195620098,4,Article,
Modeling Robotic-Assisted Mechanical Thrombectomy Procedures with the CorPath GRX Robot: The Core-Flow Study,2024,2024-06-01,American Journal of Neuroradiology,Tomasello A.,10.3174/ajnr.A8205,2-s2.0-85195533574,SCOPUS_ID:85195533574,7,Article,
Reply:,2024,2024-06-01,American Journal of Neuroradiology,Inder T.,10.3174/ajnr.A8316,2-s2.0-85195619924,SCOPUS_ID:85195619924,0,Letter,
Wall Enhancement of Coiled Intracranial Aneurysms Is Associated with Aneurysm Recanalization: A Cross-Sectional Study,2024,2024-05-01,American Journal of Neuroradiology,Leber S.L.,10.3174/ajnr.A8174,2-s2.0-85192853443,SCOPUS_ID:85192853443,6,Article,
Large Single-Center Experience with Short-Term Follow-up of Neqstent-Assisted Coiling,2024,2024-05-01,American Journal of Neuroradiology,Islim F.I.,10.3174/ajnr.A8187,2-s2.0-85192853818,SCOPUS_ID:85192853818,1,Article,
From PAJNR to EAJNR,2024,2024-05-01,American Journal of Neuroradiology,Castillo M.,10.3174/ajnr.A8244,2-s2.0-85192855267,SCOPUS_ID:85192855267,0,Editorial,
Brain Arteriovenous Malformation In Vitro Model for Transvenous Embolization Using 3D Printing and Real Patient Data,2024,2024-05-01,American Journal of Neuroradiology,Rivera R.,10.3174/ajnr.A8188,2-s2.0-85192821687,SCOPUS_ID:85192821687,6,Article,
Enlargement of Perivascular Spaces as a Downstream Consequence of Spaceflight Analog-Induced Alterations in Cerebral Venous Hemodynamics,2024,2024-05-01,American Journal of Neuroradiology,Mader T.H.,10.3174/ajnr.A8062,2-s2.0-85192826864,SCOPUS_ID:85192826864,3,Letter,
Prasugrel Single Antiplatelet Therapy versus Aspirin and Clopidogrel Dual Antiplatelet Therapy for Flow Diverter Treatment for Cerebral Aneurysms: A Retrospective Multicenter Study,2024,2024-05-01,American Journal of Neuroradiology,Hohenstatt S.,10.3174/ajnr.A8163,2-s2.0-85192800905,SCOPUS_ID:85192800905,12,Article,
Spaceflight-Associated Neuro-Ocular Syndrome and Idiopathic Intracranial Hypertension: Can Anemia and Hyperemia Underlie Both?,2024,2024-05-01,American Journal of Neuroradiology,Bateman G.A.,10.3174/ajnr.A8025,2-s2.0-85192798780,SCOPUS_ID:85192798780,1,Letter,
Clinical Arterial Spin-Labeling MR Imaging to Screen for Typical and Atypical Neurodegenerative Disease in the New Era of Alzheimer Treatment,2024,2024-05-01,American Journal of Neuroradiology,Lee K.,10.3174/ajnr.A8164,2-s2.0-85192845114,SCOPUS_ID:85192845114,4,Article,
Tumor Embolization via the Meningohypophyseal and Inferolateral Trunk in Patients with Skull Base Tumors Using the Distal Balloon Protection Technique,2024,2024-05-01,American Journal of Neuroradiology,Yamashiro K.,10.3174/ajnr.A8169,2-s2.0-85192858622,SCOPUS_ID:85192858622,7,Article,
Optic Nerve Sheath MR Imaging Measurements in Patients with Orthostatic Headaches and Normal Findings on Conventional Imaging Predict the Presence of an Underlying CSF-Venous Fistula,2024,2024-05-01,American Journal of Neuroradiology,Schievink W.I.,10.3174/ajnr.A8165,2-s2.0-85192834631,SCOPUS_ID:85192834631,15,Article,
Imaging Genomics of Glioma Revisited: Analytic Methods to Understand Spatial and Temporal Heterogeneity,2024,2024-05-01,American Journal of Neuroradiology,Kersch C.N.,10.3174/ajnr.A8148,2-s2.0-85192816299,SCOPUS_ID:85192816299,8,Review,
Introducing the American Society of Neuroradiology PET-Guided Diagnosis and Management in Neuro-Oncology Study Group,2024,2024-05-01,American Journal of Neuroradiology,Nabavizadeh A.,10.3174/ajnr.A8243,2-s2.0-85192848056,SCOPUS_ID:85192848056,1,Editorial,
REPLY,2024,2024-05-01,American Journal of Neuroradiology,Roberts D.R.,10.3174/ajnr.A8278,2-s2.0-85192808556,SCOPUS_ID:85192808556,0,Letter,
REPLY,2024,2024-05-01,American Journal of Neuroradiology,Roberts D.R.,10.3174/ajnr.A8279,2-s2.0-85192827718,SCOPUS_ID:85192827718,0,Letter,
Evaluation of MR Elastography as a Noninvasive Diagnostic Test for Spontaneous Intracranial Hypotension,2024,2024-05-01,American Journal of Neuroradiology,Mark I.T.,10.3174/ajnr.A8162,2-s2.0-85192799262,SCOPUS_ID:85192799262,7,Article,
IV Flat Detector CT Angiography in Flat Detector CT Image-Guided Minimally Invasive Surgery for the Treatment of Intracerebral Hypertensive Hemorrhage,2024,2024-05-01,American Journal of Neuroradiology,Shu Z.,10.3174/ajnr.A8186,2-s2.0-85192838352,SCOPUS_ID:85192838352,1,Article,
Implementation of a Clinical Vessel Wall MR Imaging Program at an Academic Medical Center,2024,2024-05-01,American Journal of Neuroradiology,Song J.W.,10.3174/ajnr.A8191,2-s2.0-85192794069,SCOPUS_ID:85192794069,4,Article,
Mechanical Thrombectomy for Pediatric Arterial Ischemic Stroke from Acute M2 Occlusion,2024,2024-05-01,American Journal of Neuroradiology,Bhatia K.D.,10.3174/ajnr.A8182,2-s2.0-85192855001,SCOPUS_ID:85192855001,7,Article,
Artificial Intelligence in the Future Landscape of Pediatric Neuroradiology: Opportunities and Challenges,2024,2024-05-01,American Journal of Neuroradiology,Bhatia A.,10.3174/ajnr.A8086,2-s2.0-85192795911,SCOPUS_ID:85192795911,8,Article,
A Comprehensive and Broad Approach to Resting-State Functional Connectivity in Adult Patients with Mild Traumatic Brain Injury,2024,2024-05-01,American Journal of Neuroradiology,Arabshahi S.,10.3174/ajnr.A8193,2-s2.0-85192847167,SCOPUS_ID:85192847167,3,Article,
Imaging Features of Primary Intracranial Sarcoma with DICER1 Mutation: A Multicenter Case Series,2024,2024-05-01,American Journal of Neuroradiology,Eldaya R.W.,10.3174/ajnr.A8192,2-s2.0-85192845629,SCOPUS_ID:85192845629,2,Article,
Association of Carotid Artery Disease with Collateralization and Infarct Growth in Patients with Acute Middle Cerebral Artery Occlusion,2024,2024-05-01,American Journal of Neuroradiology,Güney R.,10.3174/ajnr.A8180,2-s2.0-85193090717,SCOPUS_ID:85193090717,2,Article,
Reduced Cortical Thickness Correlates of Cognitive Dysfunction in Post-COVID-19 Condition: Insights from a Long-Term Follow-up,2024,2024-05-01,American Journal of Neuroradiology,Dacosta-Aguayo R.,10.3174/ajnr.A8167,2-s2.0-85192824464,SCOPUS_ID:85192824464,10,Article,
Automated Assessment of the DWI-FLAIR Mismatch in Patients with Acute Ischemic Stroke: Added Value to Routine Clinical Practice,2024,2024-05-01,American Journal of Neuroradiology,Tavakkol E.,10.3174/ajnr.A8170,2-s2.0-85192851669,SCOPUS_ID:85192851669,4,Article,
Lesion Indexes Predict Early Neurologic Deterioration in Lenticulostriate Single Small Subcortical Infarction,2024,2024-05-01,American Journal of Neuroradiology,Gao Y.,10.3174/ajnr.A8176,2-s2.0-85192797258,SCOPUS_ID:85192797258,1,Article,
Benefits of Photon-Counting CT Myelography for Localization of Dural Tears in Spontaneous Intracranial Hypotension,2024,2024-05-01,American Journal of Neuroradiology,Madhavan A.A.,10.3174/ajnr.A8179,2-s2.0-85192837675,SCOPUS_ID:85192837675,11,Article,
Navigating Change: AJNR's Transition to an Electronic Format,2024,2024-04-01,American Journal of Neuroradiology,Wintermark M.,10.3174/ajnr.A8224,2-s2.0-85189987102,SCOPUS_ID:85189987102,0,Editorial,
Expanding the Imaging Spectrum of Polymorphous Low-Grade Neuroepithelial Tumor of the Young in Children,2024,2024-04-01,American Journal of Neuroradiology,Cerron-Vela C.,10.3174/ajnr.A8145,2-s2.0-85189981464,SCOPUS_ID:85189981464,4,Article,
Initial Experiences with the Trenza Embolization Device for the Treatment of Wide-Neck Intracranial Aneurysms: A 12-Patient Case Series,2024,2024-04-01,American Journal of Neuroradiology,Raj R.,10.3174/ajnr.A8153,2-s2.0-85190159771,SCOPUS_ID:85190159771,8,Article,
Imaging Large Ischemic Strokes: Time for New Insight,2024,2024-04-01,American Journal of Neuroradiology,Colasurdo M.,10.3174/ajnr.A8157,2-s2.0-85189899048,SCOPUS_ID:85189899048,9,Editorial,
The Management of Persistent Distal Occlusions after Mechanical Thrombectomy and Thrombolysis: An Inter- and Intrarater Agreement Study,2024,2024-04-01,American Journal of Neuroradiology,Boisseau W.,10.3174/ajnr.A8149,2-s2.0-85189981842,SCOPUS_ID:85189981842,0,Article,
"Introducing Our New AJNR Early Career, Women in Neuroradiology, and Global Neuroradiology Awards",2024,2024-04-01,American Journal of Neuroradiology,Cho N.S.,10.3174/ajnr.A8231,2-s2.0-85189917597,SCOPUS_ID:85189917597,0,Editorial,
Comparison of Volumetric and 2D Measurements and Longitudinal Trajectories in the Response Assessment of BRAF V600E-Mutant Pediatric Gliomas in the Pacific Pediatric Neuro-Oncology Consortium Clinical Trial,2024,2024-04-01,American Journal of Neuroradiology,Ramakrishnan D.,10.3174/ajnr.A8189,2-s2.0-85190090099,SCOPUS_ID:85190090099,5,Article,
"Improved Detection of Target Metabolites in Brain Tumors with Intermediate TE, High SNR, and High Bandwidth Spin-Echo Sequence at 5T",2024,2024-04-01,American Journal of Neuroradiology,Sun W.,10.3174/ajnr.A8150,2-s2.0-85189895856,SCOPUS_ID:85189895856,1,Article,
Sinonasal (Schneiderian) Tumors in the Temporal Bone: Case Series and Systematic Review,2024,2024-04-01,American Journal of Neuroradiology,Deng F.,10.3174/ajnr.A8146,2-s2.0-85189950648,SCOPUS_ID:85189950648,0,Article,
A Clinical and Imaging Fused Deep Learning Model Matches Expert Clinician Prediction of 90-Day Stroke Outcomes,2024,2024-04-01,American Journal of Neuroradiology,Liu Y.,10.3174/ajnr.A8140,2-s2.0-85190161141,SCOPUS_ID:85190161141,13,Article,
Arterial Spin-Labeling and DSC Perfusion Metrics Improve Agreement in Neuroradiologists’ Clinical Interpretations of Posttreatment High-Grade Glioma Surveillance MR Imaging—An Institutional Experience,2024,2024-04-01,American Journal of Neuroradiology,Yamin G.,10.3174/ajnr.A8190,2-s2.0-85189977128,SCOPUS_ID:85189977128,3,Article,
Automated Detection of Cervical Spinal Stenosis and Cord Compression via Vision Transformer and Rules-Based Classification,2024,2024-04-01,American Journal of Neuroradiology,Payne D.L.,10.3174/ajnr.A8141,2-s2.0-85189985461,SCOPUS_ID:85189985461,13,Article,
Compressed Sensitivity Encoding Artificial Intelligence Accelerates Brain Metastasis Imaging by Optimizing Image Quality and Reducing Scan Time,2024,2024-04-01,American Journal of Neuroradiology,Wang M.,10.3174/ajnr.A8161,2-s2.0-85189985964,SCOPUS_ID:85189985964,3,Article,
High-Grade Astrocytoma with Piloid Features: A Dual Institutional Review of Imaging Findings of a Novel Entity,2024,2024-04-01,American Journal of Neuroradiology,Soni N.,10.3174/ajnr.A8166,2-s2.0-85189906332,SCOPUS_ID:85189906332,15,Article,
Neurofilament Light Chain Levels Interact with Neurodegenerative Patterns and Motor Neuron Dysfunction in Amyotrophic Lateral Sclerosis,2024,2024-04-01,American Journal of Neuroradiology,Tilsley P.,10.3174/ajnr.A8154,2-s2.0-85190119487,SCOPUS_ID:85190119487,3,Article,
Visualizing the Habenula Using 3T High-Resolution MP2RAGE and QSM: A Preliminary Study,2024,2024-04-01,American Journal of Neuroradiology,Bian B.Y.,10.3174/ajnr.A8156,2-s2.0-85189991740,SCOPUS_ID:85189991740,3,Article,
Understanding Bias in Artificial Intelligence: A Practice Perspective,2024,2024-04-01,American Journal of Neuroradiology,Davis M.A.,10.3174/ajnr.A8070,2-s2.0-85189974738,SCOPUS_ID:85189974738,3,Article,
Utility of MR Neurography for the Evaluation of Peripheral Trigeminal Neuropathies in the Postoperative Period,2024,2024-04-01,American Journal of Neuroradiology,Thornton T.,10.3174/ajnr.A8152,2-s2.0-85189971937,SCOPUS_ID:85189971937,1,Article,
Predictors of In-Stent Stenosis Following the Implantation of Pipeline Embolization Devices for the Treatment of Aneurysms Located at or beyond the Circle of Willis in the Anterior Circulation,2024,2024-04-01,American Journal of Neuroradiology,Ma Y.,10.3174/ajnr.A8144,2-s2.0-85190161765,SCOPUS_ID:85190161765,2,Article,
Clinical Evaluation of a 2-Minute Ultrafast Brain MR Protocol for Evaluation of Acute Pathology in the Emergency and Inpatient Settings,2024,2024-04-01,American Journal of Neuroradiology,Lang M.,10.3174/ajnr.A8143,2-s2.0-85189976776,SCOPUS_ID:85189976776,7,Article,
Identifying Patients with CSF-Venous Fistula Using Brain MRI: A Deep Learning Approach,2024,2024-04-01,American Journal of Neuroradiology,Faghani S.,10.3174/ajnr.A8173,2-s2.0-85189980932,SCOPUS_ID:85189980932,5,Article,
Prognostic Significance of Central Skull Base Remodeling in Chiari II Malformation,2024,2024-04-01,American Journal of Neuroradiology,Freiling J.T.,10.3174/ajnr.A8142,2-s2.0-85189964259,SCOPUS_ID:85189964259,1,Article,
Intraluminal Flow Diverter Design Primer for Neurointerventionalists,2024,2024-04-01,American Journal of Neuroradiology,Oliver A.A.,10.3174/ajnr.A8076,2-s2.0-85189974575,SCOPUS_ID:85189974575,14,Article,
Increased Intracranial Arterial Pulsatility and Microvascular Brain Damage in Pseudoxanthoma Elasticum,2024,2024-04-01,American Journal of Neuroradiology,Bartstra J.W.,10.3174/ajnr.A8212,2-s2.0-85189969334,SCOPUS_ID:85189969334,8,Article,
Shift Volume Directly Impacts Neuroradiology Error Rate at a Large Academic Medical Center: The Case for Volume Limits,2024,2024-04-01,American Journal of Neuroradiology,Ivanovic V.,10.3174/ajnr.A8119,2-s2.0-85184606752,SCOPUS_ID:85184606752,13,Article,
Hemorrhage Volume Drives Early Brain Injury and Outcome in Poor-Grade Aneurysmal SAH,2024,2024-04-01,American Journal of Neuroradiology,Panni P.,10.3174/ajnr.A8135,2-s2.0-85189980911,SCOPUS_ID:85189980911,6,Article,
Does CISS MRI Reliably Depict the Endolymphatic Duct in Children with and without Vestibular Aqueduct Enlargement?,2024,2024-04-01,American Journal of Neuroradiology,Olubiyi O.I.,10.3174/ajnr.A8158,2-s2.0-85189987714,SCOPUS_ID:85189987714,1,Article,
Evaluation of Conditions for the Development of Cryogenic Spinal Cord Injury Using a Canine Model: An Experimental Study on the Safety of Cryoablation for Metastatic Spinal Tumors,2024,2024-04-01,American Journal of Neuroradiology,Kobayashi M.,10.3174/ajnr.A8151,2-s2.0-85190100450,SCOPUS_ID:85190100450,1,Article,
"Prevalence of ""Ghost Infarct Core"" after Endovascular Thrombectomy",2024,2024-03-01,American Journal of Neuroradiology,Ospel J.M.,10.3174/ajnr.A8113,2-s2.0-85187200505,SCOPUS_ID:85187200505,10,Article,
Reducing False-Positives in CT Perfusion Infarct Core Segmentation Using Contralateral Local Normalization,2024,2024-03-01,American Journal of Neuroradiology,Rau A.,10.3174/ajnr.A8111,2-s2.0-85187198896,SCOPUS_ID:85187198896,2,Article,
Development of Collateral Vessels after Anterior Circulation Large Vessel Occlusion in Pediatric Arterial Ischemic Stroke Relates to Stroke Etiology: A Longitudinal Study,2024,2024-03-01,American Journal of Neuroradiology,Kossorotoff M.,10.3174/ajnr.A8114,2-s2.0-85187493613,SCOPUS_ID:85187493613,2,Article,
Delayed Enhancement of Intracranial Atherosclerotic Plaque Can Better Differentiate Culprit Lesions: A Multiphase Contrast-Enhanced Vessel Wall MRI Study,2024,2024-03-01,American Journal of Neuroradiology,Sun B.,10.3174/ajnr.A8132,2-s2.0-85187539068,SCOPUS_ID:85187539068,5,Article,
Streamlining the Manuscript Submission Process at the American Journal of Neuroradiology: Paving theWay for Efficiency and Reducing Hurdles for Authors,2024,2024-03-01,American Journal of Neuroradiology,Wintermark M.,10.3174/ajnr.A8155,2-s2.0-85187203181,SCOPUS_ID:85187203181,1,Editorial,
Multinodular and Vacuolating Neuronal Tumor-like Lesion of the Spinal Cord: Two Case Reports,2024,2024-03-01,American Journal of Neuroradiology,Schollaert J.,10.3174/ajnr.A8133,2-s2.0-85187201601,SCOPUS_ID:85187201601,1,Article,
MR-Guided Focused Ultrasound Thalamotomy in the Setting of Aneurysm Clip,2024,2024-03-01,American Journal of Neuroradiology,Odéen H.,10.3174/ajnr.A8109,2-s2.0-85187205296,SCOPUS_ID:85187205296,0,Article,
Patient Engagement in Neuroradiology: A Narrative Review and Case Studies,2024,2024-03-01,American Journal of Neuroradiology,Kadom N.,10.3174/ajnr.A8077,2-s2.0-85187201897,SCOPUS_ID:85187201897,2,Article,
CTA Supplemented by CTP Increases Interrater Reliability and Endovascular Treatment Use in Patients with Aneurysmal SAH,2024,2024-03-01,American Journal of Neuroradiology,Heitkamp C.,10.3174/ajnr.A8110,2-s2.0-85187199067,SCOPUS_ID:85187199067,4,Article,
Efficacy of MR Neurography of Peripheral Trigeminal Nerves: Correlation of Sunderland Grade versus Neurosensory Testing,2024,2024-03-01,American Journal of Neuroradiology,Xia S.,10.3174/ajnr.A8120,2-s2.0-85187203220,SCOPUS_ID:85187203220,4,Article,
Application of Spinal Subtraction and Bone Background Fusion CTA in the Accurate Diagnosis and Evaluation of Spinal Vascular Malformations,2024,2024-03-01,American Journal of Neuroradiology,Hu X.,10.3174/ajnr.A8112,2-s2.0-85187515054,SCOPUS_ID:85187515054,4,Article,
Imaging Biomarker for Early-Stage Alzheimer Disease: Utility of Hippocampal Histogram Analysis of Diffusion Metrics,2024,2024-03-01,American Journal of Neuroradiology,Takahashi H.,10.3174/ajnr.A8106,2-s2.0-85187198160,SCOPUS_ID:85187198160,2,Article,
Prediction of Surgical Outcomes in Normal Pressure Hydrocephalus by MR Elastography,2024,2024-03-01,American Journal of Neuroradiology,Karki P.,10.3174/ajnr.A8108,2-s2.0-85187203873,SCOPUS_ID:85187203873,9,Article,
Dynamic Changes in Long-Standing Multiple Sclerosis Revealed by Longitudinal Structural Network Analysis Using Diffusion Tensor Imaging,2024,2024-03-01,American Journal of Neuroradiology,Zhang H.Q.,10.3174/ajnr.A8115,2-s2.0-85187200768,SCOPUS_ID:85187200768,0,Article,
Effect of Clot Burden Score on Safety and Efficacy of Intravenous Alteplase Prior to Mechanical Thrombectomy in Acute Ischemic Stroke: A Subgroup Analysis of a Randomized Phase 3 Trial,2024,2024-03-01,American Journal of Neuroradiology,Li Z.,10.3174/ajnr.A8134,2-s2.0-85187516501,SCOPUS_ID:85187516501,1,Article,
Synthesizing Contrast-Enhanced MR Images from Noncontrast MR Images Using Deep Learning,2024,2024-03-01,American Journal of Neuroradiology,Murugesan G.,10.3174/ajnr.A8107,2-s2.0-85187192732,SCOPUS_ID:85187192732,5,Article,
"Young Professionals in Neuroradiology: Opportunities, Challenges, and Future Directions",2024,2024-03-01,American Journal of Neuroradiology,Trofimova A.V.,10.3174/ajnr.A8147,2-s2.0-85187509632,SCOPUS_ID:85187509632,2,Article,
Diagnostic Performance of Dynamic Contrast-Enhanced 3T MR Imaging for Characterization of Orbital Lesions: Validation in a Large Prospective Study,2024,2024-03-01,American Journal of Neuroradiology,O'Shaughnessy E.,10.3174/ajnr.A8131,2-s2.0-85187167421,SCOPUS_ID:85187167421,2,Article,
Striking a Balance: Global Perspectives on Neuroradiology Workload and Quality of Service,2024,2024-02-10,American Journal of Neuroradiology,Wintermark M.,10.3174/ajnr.A8125,2-s2.0-85184622118,SCOPUS_ID:85184622118,1,Editorial,
Recommended Resting-State fMRI Acquisition and Preprocessing Steps for Preoperative Mapping of Language and Motor and Visual Areas in Adult and Pediatric Patients with Brain Tumors and Epilepsy,2024,2024-02-10,American Journal of Neuroradiology,Kumar V.A.,10.3174/ajnr.A8067,2-s2.0-85184598186,SCOPUS_ID:85184598186,18,Article,
Value of Immediate Flat Panel Perfusion Imaging after Endovascular Therapy (AFTERMATH): A Proof of Concept Study,2024,2024-02-10,American Journal of Neuroradiology,Mujanovic A.,10.3174/ajnr.A8103,2-s2.0-85184569458,SCOPUS_ID:85184569458,24,Article,
A Radiomic “Warning Sign” of Progression on Brain MRI in Individuals with MS,2024,2024-02-10,American Journal of Neuroradiology,Kelly B.S.,10.3174/ajnr.A8104,2-s2.0-85184581743,SCOPUS_ID:85184581743,7,Article,
Diffusion-Weighted Imaging Reveals Impaired Glymphatic Clearance in Idiopathic Intracranial Hypertension,2024,2024-02-10,American Journal of Neuroradiology,Schartz D.,10.3174/ajnr.A8088,2-s2.0-85184588061,SCOPUS_ID:85184588061,21,Article,
Assessment of Collateral Flow in Patients with Carotid Stenosis Using Random Vessel-Encoded Arterial Spin-Labeling: Comparison with Digital Subtraction Angiography,2024,2024-02-10,American Journal of Neuroradiology,Lu S.,10.3174/ajnr.A8100,2-s2.0-85184595788,SCOPUS_ID:85184595788,4,Article,
A Prospective Multi-Institutional Study Comparing the Brain Development in the Third Trimester between Opioid-Exposed and Nonexposed Fetuses Using Advanced Fetal MR Imaging Techniques,2024,2024-02-10,American Journal of Neuroradiology,Yun H.J.,10.3174/ajnr.A8101,2-s2.0-85184597341,SCOPUS_ID:85184597341,6,Article,
"AI-Assisted Summarization of Radiologic Reports: Evaluating GPT3davinci, BARTcnn, LongT5booksum, LEDbooksum, LEDlegal, and LEDclinical",2024,2024-02-10,American Journal of Neuroradiology,Chien A.,10.3174/ajnr.A8102,2-s2.0-85184580682,SCOPUS_ID:85184580682,12,Article,
Incidental Thalamic Lesions Identified on Brain MRI in Pediatric and Young Adult Patients: Imaging Features and Natural History,2024,2024-02-10,American Journal of Neuroradiology,de Padua V.,10.3174/ajnr.A8090,2-s2.0-85184618936,SCOPUS_ID:85184618936,3,Article,
Transarterial Embolization of Anterior Cranial Fossa Dural AVFs as a First-Line Approach: A Single-Center Study,2024,2024-02-10,American Journal of Neuroradiology,Puylaert C.A.J.,10.3174/ajnr.A8092,2-s2.0-85184607159,SCOPUS_ID:85184607159,6,Article,
Newly Recognized Genetic Tumor Syndromes of the CNS in the 5th WHO Classification: Imaging Overview with Genetic Updates,2024,2024-02-10,American Journal of Neuroradiology,Agarwal A.,10.3174/ajnr.A8039,2-s2.0-85184572876,SCOPUS_ID:85184572876,8,Review,
Quantification of T2-FLAIR Mismatch in Nonenhancing Diffuse Gliomas Using Digital Subtraction,2024,2024-02-01,American Journal of Neuroradiology,Cho N.S.,10.3174/ajnr.A8094,2-s2.0-85184657970,SCOPUS_ID:85184657970,9,Article,
Safety and Efficacy of Low-Profile Braided Stents versus Flow Diverters in the Reconstructive Technique in the Treatment of Patients with Vertebrobasilar Dolichoectasia Aneurysms: A Cohort of 47 Patients with Long-Term Follow-Up,2024,2024-02-01,American Journal of Neuroradiology,Ji Z.,10.3174/ajnr.A8091,2-s2.0-85184665440,SCOPUS_ID:85184665440,6,Article,
MRI-Based Brain Volume Scoring in Cerebral Malaria Is Externally Valid and Applicable to Lower-Resolution Images,2024,2024-02-01,American Journal of Neuroradiology,Goyal M.S.,10.3174/ajnr.A8098,2-s2.0-85184659336,SCOPUS_ID:85184659336,2,Article,
Clinical and Imaging Findings in Children with Myelin Oligodendrocyte Glycoprotein Antibody Associated Disease (MOGAD): From Presentation to Relapse,2024,2024-02-01,American Journal of Neuroradiology,George E.,10.3174/ajnr.A8089,2-s2.0-85184665129,SCOPUS_ID:85184665129,7,Article,
Comparison of HASTE versus EPI-Based DWI for Retinoblastoma and Correlation with Prognostic Histopathologic Parameters,2024,2024-02-01,American Journal of Neuroradiology,Sharma M.,10.3174/ajnr.A8084,2-s2.0-85184660844,SCOPUS_ID:85184660844,0,Article,
Setting the Bar: The Japanese College of Radiology's Perspective on Safeguarding Quality in the Interpretation of Cross-Sectional Studies per Day,2024,2024-02-01,American Journal of Neuroradiology,Takahashi S.,10.3174/ajnr.A8037,2-s2.0-85184598232,SCOPUS_ID:85184598232,1,Letter,
White Matter Injury on Early-versus-Term-Equivalent Age Brain MRI in Infants Born Preterm,2024,2024-02-01,American Journal of Neuroradiology,Roychaudhuri S.,10.3174/ajnr.A8105,2-s2.0-85184667722,SCOPUS_ID:85184667722,6,Article,
Discrimination of Hemorrhage and Contrast Media in a Head Phantom on Photon-Counting Detector CT Data,2024,2024-02-01,American Journal of Neuroradiology,Risch F.,10.3174/ajnr.A8093,2-s2.0-85184655298,SCOPUS_ID:85184655298,5,Article,
Central Vein Sign inMultiple Sclerosis: A Comparison Study of the Diagnostic Performance of 3T versus 7T MRI,2024,2024-01-10,American Journal of Neuroradiology,Okromelidze L.,10.3174/ajnr.A8083,2-s2.0-85181487295,SCOPUS_ID:85181487295,24,Article,
Assessing Perfusion in Steno-Occlusive Cerebrovascular Disease Using Transient Hypoxia-Induced Deoxyhemoglobin as a Dynamic Susceptibility Contrast Agent,2024,2024-01-10,American Journal of Neuroradiology,Sayin E.S.,10.3174/ajnr.A8068,2-s2.0-85181466735,SCOPUS_ID:85181466735,3,Article,
Response to Letter Regarding the Article “Automated Segmentation of Intracranial Thrombus on NCCT and CTA in Patients with Acute Ischemic Stroke Using a Coarse-to-Fine Deep Learning Model”,2024,2024-01-10,American Journal of Neuroradiology,Zhu K.,10.3174/ajnr.A8075,2-s2.0-85181798141,SCOPUS_ID:85181798141,0,Letter,
Application of a Denoising High-Resolution Deep Convolutional Neural Network to Improve Conspicuity of CSF-Venous Fistulas on Photon-Counting CT Myelography,2024,2024-01-10,American Journal of Neuroradiology,Madhavan A.A.,10.3174/ajnr.A8097,2-s2.0-85181835091,SCOPUS_ID:85181835091,12,Article,
Cortical Thin Patch Fraction Reflects Disease Burden in MS: The Mosaic Approach,2024,2024-01-10,American Journal of Neuroradiology,Tahedl M.,10.3174/ajnr.A8064,2-s2.0-85181806297,SCOPUS_ID:85181806297,2,Article,
Determinants and Clinical Relevance of Iodine Contrast Extravasation after Endovascular Thrombectomy: A Dual-Energy CT Study,2024,2024-01-10,American Journal of Neuroradiology,Hoche C.,10.3174/ajnr.A8081,2-s2.0-85181456121,SCOPUS_ID:85181456121,6,Article,
The Pediatric Neuroradiologist's Practical Guide to Capture and Evaluate Pre- and Postoperative Velopharyngeal Insufficiency,2024,2024-01-10,American Journal of Neuroradiology,Kuwabara M.S.,10.3174/ajnr.A8055,2-s2.0-85181449746,SCOPUS_ID:85181449746,4,Article,
Lateral Decubitus Dynamic CT Myelography with Real-Time Bolus Tracking (dCTM-BT) for Evaluation of CSF-Venous Fistulas: Diagnostic Yield Stratified by Brain Imaging Findings,2024,2024-01-10,American Journal of Neuroradiology,Huynh T.J.,10.3174/ajnr.A8082,2-s2.0-85181436054,SCOPUS_ID:85181436054,12,Article,
Correlation of Flow Diverter Malapposition at the Aneurysm Neck with Incomplete Aneurysm Occlusion in Patients with Small Intracranial Aneurysms: A Single-Center Experience,2024,2024-01-10,American Journal of Neuroradiology,Long S.,10.3174/ajnr.A8079,2-s2.0-85181814809,SCOPUS_ID:85181814809,17,Article,
Temporal Characteristics of CSF-Venous Fistulas on Dynamic Decubitus CT Myelography: A Retrospective Multi- Institution Cohort Study,2024,2024-01-10,American Journal of Neuroradiology,Callen A.L.,10.3174/ajnr.A8078,2-s2.0-85181515311,SCOPUS_ID:85181515311,17,Article,
Imaging Transcriptomics of Brain Functional Alterations in MS and Neuromyelitis Optica Spectrum Disorder,2024,2024-01-01,American Journal of Neuroradiology,Li Y.,10.3174/ajnr.A8480,2-s2.0-85212456922,SCOPUS_ID:85212456922,2,Article,
Spontaneous Intracranial Hypotension in Children: A Multi-Institutional Review of Spinal CSF Leaks Localized on Advanced Myelography,2024,2024-01-01,American Journal of Neuroradiology,Madhavan A.A.,10.3174/ajnr.A8430,2-s2.0-85212457225,SCOPUS_ID:85212457225,4,Article,
Clinical and Radiologic Findings in Children with Anomalous Pontine Cranial Nerves,2024,2024-01-01,American Journal of Neuroradiology,Moeller K.K.,10.3174/ajnr.A8414,2-s2.0-85212457451,SCOPUS_ID:85212457451,1,Article,
"Differentiation Between Postoperative Scar and Recurrent Disk Herniation: Prospective Comparison of MR, CT, and Contrast-Enhanced CT",2024,2024-01-01,American Journal of Neuroradiology,Sotiropoulos S.,10.3174/ajnr.45-12.S87,2-s2.0-85212245062,SCOPUS_ID:85212245062,0,Article,
"Atypical Parkinsonian Syndromes: Structural, Functional, and Molecular Imaging Features",2024,2024-01-01,American Journal of Neuroradiology,Keir G.,10.3174/ajnr.A8313,2-s2.0-85208646574,SCOPUS_ID:85208646574,13,Review,
Macro- and Microstructural White Matter Differences in Neurologic Postacute Sequelae of SARS-CoV-2 Infection,2024,2024-01-01,American Journal of Neuroradiology,O’Connor E.E.,10.3174/ajnr.A8481,2-s2.0-85212457534,SCOPUS_ID:85212457534,3,Article,
Disconnection-Based Prediction of Poststroke Dysphagia,2024,2024-01-01,American Journal of Neuroradiology,Yoon K.J.,10.3174/ajnr.A8074,2-s2.0-85181841858,SCOPUS_ID:85181841858,3,Article,
Prevalence of Incidental Extraspinal Findings on MR Imaging of the Lumbar Spine in Adults: A Systematic Review and Meta-analysis,2024,2024-01-01,American Journal of Neuroradiology,Broadhurst P.J.,10.3174/ajnr.A8065,2-s2.0-85182356085,SCOPUS_ID:85182356085,2,Article,
Reply:,2024,2024-01-01,American Journal of Neuroradiology,Puylaert C.A.J.,10.3174/ajnr.A8411,2-s2.0-85201133507,SCOPUS_ID:85201133507,0,Letter,
Evidence for a Link of COVID-19-Associated Long-Term Neurologic Symptoms and Altered Brain Integrity,2024,2024-01-01,American Journal of Neuroradiology,Rau A.,10.3174/ajnr.A8433,2-s2.0-85212456754,SCOPUS_ID:85212456754,0,Note,
CTA and CTP for Detecting Distal Medium Vessel Occlusions: A Systematic Review and Meta-analysis,2024,2024-01-01,American Journal of Neuroradiology,Sousa J.A.,10.3174/ajnr.A8080,2-s2.0-85182381676,SCOPUS_ID:85182381676,23,Article,
Comprehensive Review of External and Middle Ear Anatomy on Photon-Counting CT,2024,2024-01-01,American Journal of Neuroradiology,Rao D.,10.3174/ajnr.A8359,2-s2.0-85208914106,SCOPUS_ID:85208914106,7,Review,
The Choroid Plexus as an Alternative Locus for the Identification of the Arterial Input Function for Calculating Cerebral Perfusion Metrics Using MRI,2024,2024-01-01,American Journal of Neuroradiology,Sobczyk O.,10.3174/ajnr.A8099,2-s2.0-85182366912,SCOPUS_ID:85182366912,1,Article,
Frequency of Coexistent Spinal Segment Variants: Retrospective Analysis in Asymptomatic Young Adults,2023,2023-12-10,American Journal of Neuroradiology,Yoon E.S.,10.3174/ajnr.A8071,2-s2.0-85180322802,SCOPUS_ID:85180322802,2,Article,
Prevalence of Developmental Venous Anomalies in Association with Sporadic Cavernous Malformations on 7T MRI,2023,2023-12-10,American Journal of Neuroradiology,Cogswell P.M.,10.3174/ajnr.A8072,2-s2.0-85180281217,SCOPUS_ID:85180281217,10,Article,
Ischemic Stroke Thrombus Perviousness is Associated with Distinguishable Proteomic Features and Susceptibility to ADAMTS13-Augmented Thrombolysis,2023,2023-12-10,American Journal of Neuroradiology,Schartz D.,10.3174/ajnr.A8069,2-s2.0-85180305982,SCOPUS_ID:85180305982,5,Article,
Introducing AJNR SCANtastic and the AJNR Academy of Reviewers,2023,2023-12-10,American Journal of Neuroradiology,Wintermark M.,10.3174/ajnr.A8043,2-s2.0-85180004103,SCOPUS_ID:85180004103,1,Editorial,
Delayed Gadolinium Leakage in Ocular Structures on Brain MR Imaging: Prevalence and Associated Factors,2023,2023-12-10,American Journal of Neuroradiology,Olatunji R.,10.3174/ajnr.A8073,2-s2.0-85180291357,SCOPUS_ID:85180291357,2,Article,
MR Thermometry during Transcranial MR Imaging-Guided Focused Ultrasound Procedures: A Review,2023,2023-12-10,American Journal of Neuroradiology,Mattay R.R.,10.3174/ajnr.A8038,2-s2.0-85180268598,SCOPUS_ID:85180268598,30,Review,
Prevalence and Characteristics of Intracranial Aneurysms in Hereditary Hemorrhagic Telangiectasia,2023,2023-12-10,American Journal of Neuroradiology,Cheng H.C.,10.3174/ajnr.A8058,2-s2.0-85180014437,SCOPUS_ID:85180014437,6,Article,
Glymphatic System Dysfunction in Myelin Oligodendrocyte Glycoprotein Immunoglobulin G Antibody-Associated Disorders: Association with Clinical Disability,2023,2023-12-10,American Journal of Neuroradiology,Hagiwara A.,10.3174/ajnr.A8066,2-s2.0-85180313079,SCOPUS_ID:85180313079,16,Article,
Monoclonal Antibodies: What the Diagnostic Neuroradiologist Needs to Know,2023,2023-12-01,American Journal of Neuroradiology,Alsufayan R.,10.3174/ajnr.A7974,2-s2.0-85179843298,SCOPUS_ID:85179843298,0,Review,
Quantification of Thalamic Atrophy in MS: From the Multicenter Italian Neuroimaging Network Initiative Data Set to Clinical Application,2023,2023-12-01,American Journal of Neuroradiology,Storelli L.,10.3174/ajnr.A8050,2-s2.0-85180009977,SCOPUS_ID:85180009977,1,Article,
Brain Abnormalities in Becker Muscular Dystrophy: Evaluation by Voxel-Based DTI and Morphometric Analysis,2023,2023-12-01,American Journal of Neuroradiology,Maki H.,10.3174/ajnr.A8041,2-s2.0-85180013887,SCOPUS_ID:85180013887,0,Article,
Predicting Antiseizure Medication Treatment in Children with Rare Tuberous Sclerosis C omplex Related Epilepsy Using Deep Learning,2023,2023-12-01,American Journal of Neuroradiology,Wang H.,10.3174/ajnr.A8053,2-s2.0-85179642682,SCOPUS_ID:85179642682,6,Article,
Brain Age Estimation on a Dementia Cohort Using FLAIR MRI Biomarkers,2023,2023-12-01,American Journal of Neuroradiology,Crystal O.,10.3174/ajnr.A8059,2-s2.0-85180007508,SCOPUS_ID:85180007508,5,Article,
Cervical Osteomyelitis and Diskitis as a Complication of Neopharyngeal Breakdown: A Multisite Case Series Review,2023,2023-12-01,American Journal of Neuroradiology,Bhatt A.A.,10.3174/ajnr.A8042,2-s2.0-85180013508,SCOPUS_ID:85180013508,0,Article,
Fetal Brain Growth in the Early Second Trimester,2023,2023-12-01,American Journal of Neuroradiology,Cortes-Albornoz M.C.,10.3174/ajnr.A8051,2-s2.0-85180006760,SCOPUS_ID:85180006760,7,Article,
"T1-Weighted, Dynamic Contrast-Enhanced MR Perfusion Imaging Can Differentiate between Treatment Success and Failure in Spine Metastases Undergoing Radiation Therapy",2023,2023-12-01,American Journal of Neuroradiology,Behar M.,10.3174/ajnr.A8057,2-s2.0-85180013060,SCOPUS_ID:85180013060,1,Article,
Ethical Considerations and Fairness in the Use of Artificial Intelligence for Neuroradiology,2023,2023-11-01,American Journal of Neuroradiology,Filippi C.G.,10.3174/ajnr.A7963,2-s2.0-85176495999,SCOPUS_ID:85176495999,19,Article,
DWI-Detected Ischemic Lesions after Endovascular Treatment for Cerebral Aneurysms: An Updated Systematic Review and Meta-analysis,2023,2023-11-01,American Journal of Neuroradiology,Habtezghi A.B.,10.3174/ajnr.A8024,2-s2.0-85176508305,SCOPUS_ID:85176508305,12,Article,
Likelihood of Discovering a CSF Leak Based on Intracranial MRI Findings in Patients without a Spinal Longitudinal Extradural Collection: A New Probabilistic Scoring System,2023,2023-11-01,American Journal of Neuroradiology,Benson J.C.,10.3174/ajnr.A8030,2-s2.0-85176509779,SCOPUS_ID:85176509779,9,Article,
Impact of Balloon Guide Catheters in Elderly Patients Treated with Mechanical Thrombectomy: Insights from the ROSSETTI Registry,2023,2023-11-01,American Journal of Neuroradiology,Terceño M.,10.3174/ajnr.A8003,2-s2.0-85176508444,SCOPUS_ID:85176508444,4,Article,
Medicare Coverage of Amyloid PET: Implications for Clinical Practice,2023,2023-11-01,American Journal of Neuroradiology,Ivanidze J.,10.3174/ajnr.A8027,2-s2.0-85176508855,SCOPUS_ID:85176508855,4,Letter,
A Novel Patient-Positioning Device for Dynamic CT Myelography,2023,2023-11-01,American Journal of Neuroradiology,Callen A.L.,10.3174/ajnr.A8023,2-s2.0-85176508140,SCOPUS_ID:85176508140,4,Article,
Mesoscopic Assessment of Microstructure in Glioblastomas and Metastases by Merging Advanced Diffusion Imaging with Immunohistopathology,2023,2023-11-01,American Journal of Neuroradiology,Würtemberger U.,10.3174/ajnr.A8022,2-s2.0-85176507905,SCOPUS_ID:85176507905,4,Article,
MR Imaging Appearance of Ruptured Rathke Cleft Cyst and Associated Bone Marrow Enhancement,2023,2023-11-01,American Journal of Neuroradiology,Mark I.T.,10.3174/ajnr.A8009,2-s2.0-85176508923,SCOPUS_ID:85176508923,2,Article,
"Clinical Outcomes and Safety Comparison of Vertebroplasty, Balloon Kyphoplasty, and Vertebral Implant for Treatment of Vertebral Compression Fractures",2023,2023-11-01,American Journal of Neuroradiology,Li T.,10.3174/ajnr.A8031,2-s2.0-85176507942,SCOPUS_ID:85176507942,16,Article,
Perfusion Collateral Index versus Hypoperfusion Intensity Ratio in Assessment of Collaterals in Patients with Acute Ischemic Stroke,2023,2023-11-01,American Journal of Neuroradiology,Tsui B.,10.3174/ajnr.A8002,2-s2.0-85176508548,SCOPUS_ID:85176508548,7,Article,
Specificity of Quantitative Functional Brain Mapping with Arterial Spin-Labeling for Preoperative Assessment,2023,2023-11-01,American Journal of Neuroradiology,Iannotti G.R.,10.3174/ajnr.A8006,2-s2.0-85176509752,SCOPUS_ID:85176509752,1,Article,
Blunt Cerebrovascular Injury: Are We Overscreening Low-Mechanism Trauma?,2023,2023-11-01,American Journal of Neuroradiology,Hiatt K.D.,10.3174/ajnr.A8004,2-s2.0-85176508933,SCOPUS_ID:85176508933,4,Article,
A New Era Dawns at AJNR: Revamping the Editorial Board and Streamlining the Review Process,2023,2023-11-01,American Journal of Neuroradiology,Wintermark M.,10.3174/ajnr.A8028,2-s2.0-85176508141,SCOPUS_ID:85176508141,1,Editorial,
Considering Psychological and Cognitive Factors in Interventional Neuroradiology: A Systematic Literature Review,2023,2023-11-01,American Journal of Neuroradiology,Riccietti C.,10.3174/ajnr.A8007,2-s2.0-85176508479,SCOPUS_ID:85176508479,3,Article,
Prevalence of Cochlear-Facial and Other Non-Superior Semicircular Canal Third Window Dehiscence on High-Resolution Temporal Bone CT,2023,2023-11-01,American Journal of Neuroradiology,Razskazovskiy V.,10.3174/ajnr.A8032,2-s2.0-85176508724,SCOPUS_ID:85176508724,7,Article,
4D-DSA for Assessment of the Angioarchitecture and Grading of Cranial Dural AVF,2023,2023-11-01,American Journal of Neuroradiology,Samp P.F.,10.3174/ajnr.A8008,2-s2.0-85176508896,SCOPUS_ID:85176508896,1,Article,
Fetal MR Imaging Anatomy of the Transverse Temporal Gyrus (Heschl Gyrus),2023,2023-11-01,American Journal of Neuroradiology,Piccirilli E.,10.3174/ajnr.A8026,2-s2.0-85176509568,SCOPUS_ID:85176509568,6,Article,
Factors Predictive of Treatment Success in CT-Guided Fibrin Occlusion of CSF-Venous Fistulas: A Multicenter Retrospective Cross-Sectional Study,2023,2023-11-01,American Journal of Neuroradiology,Callen A.L.,10.3174/ajnr.A8005,2-s2.0-85176509422,SCOPUS_ID:85176509422,33,Article,
The Influence of Nonaerated Paranasal Sinuses on DTI Parameters of the Brain in 6- to 9-Year-Old Children,2023,2023-11-01,American Journal of Neuroradiology,Dremmen M.H.G.,10.3174/ajnr.A8033,2-s2.0-85176508642,SCOPUS_ID:85176508642,0,Article,
Radiogenomics Provides Insights into Gliomas Demonstrating Single-Arm 1p or 19q Deletion,2023,2023-11-01,American Journal of Neuroradiology,Lasocki A.,10.3174/ajnr.A8034,2-s2.0-85176509799,SCOPUS_ID:85176509799,3,Article,
Arterial Spin-Labeling in the Assessment of Pediatric Nontraumatic Orbital Lesions,2023,2023-10-01,American Journal of Neuroradiology,Neumane S.,10.3174/ajnr.A7977,2-s2.0-85173564129,SCOPUS_ID:85173564129,1,Article,
Progressive Changes in Cerebral Apparent Diffusion Values in Fabry Disease: A 5-Year Follow-up MRI Study,2023,2023-10-01,American Journal of Neuroradiology,Baas K.P.A.,10.3174/ajnr.A8001,2-s2.0-85173143648,SCOPUS_ID:85173143648,4,Article,
Dual-Layer Detector Head CT to Maintain Image Quality While Reducing the Radiation Dose in Pediatric Patients,2023,2023-10-01,American Journal of Neuroradiology,Tan Z.,10.3174/ajnr.A7999,2-s2.0-85173565020,SCOPUS_ID:85173565020,4,Article,
Peer Learning in Neuroradiology: Not as Easy as It Sounds,2023,2023-10-01,American Journal of Neuroradiology,Mani K.,10.3174/ajnr.A7973,2-s2.0-85175428226,SCOPUS_ID:85175428226,1,Article,
Differentiation between Chondrosarcoma and Synovial Chondromatosis of the Temporomandibular Joint Using CT and MR Imaging,2023,2023-10-01,American Journal of Neuroradiology,Jang B.G.,10.3174/ajnr.A7980,2-s2.0-85175424680,SCOPUS_ID:85175424680,4,Article,
Neuroimaging Findings in Axenfeld-Rieger Syndrome: A Case Series,2023,2023-10-01,American Journal of Neuroradiology,White S.,10.3174/ajnr.A7995,2-s2.0-85176436527,SCOPUS_ID:85176436527,4,Article,
Venous Sinus Stenosis with Prominent Emissary Veins: A New Common Cranial MRI Finding of Mucopolysaccharidosis I,2023,2023-10-01,American Journal of Neuroradiology,Huang S.,10.3174/ajnr.A7997,2-s2.0-85175453705,SCOPUS_ID:85175453705,0,Article,
Cortical and Subcortical Brain Atrophy Assessment Using Simple Measures on NCCT Compared with MRI in Acute Stroke,2023,2023-10-01,American Journal of Neuroradiology,Jaroenngarmsamer T.,10.3174/ajnr.A7981,2-s2.0-85173564948,SCOPUS_ID:85173564948,8,Article,
"Prospective, Longitudinal Study of Clinical Outcome and Morphometric Posterior Fossa Changes after Craniocervical Decompression for Symptomatic Chiari I Malformation",2023,2023-10-01,American Journal of Neuroradiology,Ibrahimy A.,10.3174/ajnr.A7993,2-s2.0-85173560397,SCOPUS_ID:85173560397,2,Article,
Segmentation of Brain Metastases Using Background Layer Statistics (BLAST),2023,2023-10-01,American Journal of Neuroradiology,Heyn C.,10.3174/ajnr.A7998,2-s2.0-85175424447,SCOPUS_ID:85175424447,1,Article,
Peritumoral Signal on Postcontrast FLAIR Images: Description and Proposed Biomechanism in Vestibular Schwannomas,2023,2023-10-01,American Journal of Neuroradiology,Benson J.C.,10.3174/ajnr.A7979,2-s2.0-85175427613,SCOPUS_ID:85175427613,4,Article,
Performance of Neck Imaging Reporting and Data System (NI-RADS) for Diagnosis of Recurrence of Head and Neck Squamous Cell Carcinoma: A Systematic Review and Meta-analysis,2023,2023-10-01,American Journal of Neuroradiology,Baba A.,10.3174/AJNR.A7992,2-s2.0-85173570023,SCOPUS_ID:85173570023,12,Article,
"Update from the 5th Edition of the WHO Classification of Nasal, Paranasal, and Skull Base Tumors: Imaging Overview with Histopathologic and Genetic Correlation",2023,2023-10-01,American Journal of Neuroradiology,Agarwal A.,10.3174/ajnr.A7960,2-s2.0-85175466143,SCOPUS_ID:85175466143,27,Review,
Utility of Gadolinium-Based Contrast in Initial Evaluation of Seizures in Children Presenting Emergently,2023,2023-10-01,American Journal of Neuroradiology,Andrijauskis D.,10.3174/ajnr.A7976,2-s2.0-85173571839,SCOPUS_ID:85173571839,2,Article,
Dandy-Walker Phenotype with Brainstem Involvement: 2 Distinct Subgroups with Different Prognosis,2023,2023-10-01,American Journal of Neuroradiology,Alves C.A.P.F.,10.3174/ajnr.A7967,2-s2.0-85173557197,SCOPUS_ID:85173557197,4,Article,
Systematic Literature Review of Machine Learning Algorithms Using Pretherapy Radiologic Imaging for Glioma Molecular Subtype Prediction,2023,2023-10-01,American Journal of Neuroradiology,Lost J.,10.3174/ajnr.A8000,2-s2.0-85173174423,SCOPUS_ID:85173174423,7,Article,
Automatic Localization of the Pons and Vermis on Fetal Brain MR Imaging Using a U-Net Deep Learning Model,2023,2023-10-01,American Journal of Neuroradiology,Vahedifard F.,10.3174/ajnr.A7978,2-s2.0-85173566311,SCOPUS_ID:85173566311,8,Article,
Partial (SAVE) versus Complete (Solumbra) Stent Retriever Retraction Technique for Mechanical Thrombectomy: A Randomized In Vitro Study,2023,2023-10-01,American Journal of Neuroradiology,Jablonska M.,10.3174/ajnr.A7996,2-s2.0-85175464179,SCOPUS_ID:85175464179,11,Article,
Contrast Injection from an Intermediate Catheter Placed in an Intradural Artery is Associated with Contrast-Induced Encephalopathy following Neurointervention,2023,2023-09-01,American Journal of Neuroradiology,Fuga M.,10.3174/ajnr.A7944,2-s2.0-85170717230,SCOPUS_ID:85170717230,7,Article,
DTI of Opioid-Exposed Fetuses Using ComBat Harmonization: A Bi-Institutional Study,2023,2023-09-01,American Journal of Neuroradiology,Dudley J.A.,10.3174/ajnr.A7951,2-s2.0-85170717267,SCOPUS_ID:85170717267,9,Article,
Regarding “Automated Segmentation of Intracranial Thrombus on NCCT and CTA in Patients with Acute Ischemic Stroke Using a Coarse-to-Fine Deep Learning Model”,2023,2023-09-01,American Journal of Neuroradiology,Tortora M.,10.3174/ajnr.A7972,2-s2.0-85170717472,SCOPUS_ID:85170717472,1,Letter,
Iterative Denoising Accelerated 3D FLAIR Sequence for Hydrops MR Imaging at 3T,2023,2023-09-01,American Journal of Neuroradiology,Quint R.,10.3174/ajnr.A7953,2-s2.0-85170717464,SCOPUS_ID:85170717464,2,Article,
Benign Enhancing Foramen Magnum Lesions,2023,2023-09-01,American Journal of Neuroradiology,Mark I.T.,10.3174/ajnr.A7955,2-s2.0-85170717528,SCOPUS_ID:85170717528,2,Article,
Contribution of the MP2RAGE 7T Sequence in MS Lesions of the Cervical Spinal Cord,2023,2023-09-01,American Journal of Neuroradiology,Testud B.,10.3174/ajnr.A7964,2-s2.0-85170717286,SCOPUS_ID:85170717286,6,Article,
Intra-Arterial Thrombolysis is Associated with Delayed Reperfusion of Remaining Vessel Occlusions following Incomplete Thrombectomy,2023,2023-09-01,American Journal of Neuroradiology,Mujanovic A.,10.3174/ajnr.A7943,2-s2.0-85170717148,SCOPUS_ID:85170717148,6,Article,
"Longitudinal Changes in Cerebral Perfusion, Perivascular Space Volume, and Ventricular Volume in a Healthy Cohort Undergoing a Spaceflight Analog",2023,2023-09-01,American Journal of Neuroradiology,Tidwell J.B.,10.3174/ajnr.A7949,2-s2.0-85170717192,SCOPUS_ID:85170717192,13,Article,
Acute and Chronic Kernicterus: MR Imaging Evolution of Globus Pallidus Signal Change during Childhood,2023,2023-09-01,American Journal of Neuroradiology,Gburek-Augustat J.,10.3174/ajnr.A7948,2-s2.0-85170717469,SCOPUS_ID:85170717469,7,Article,
Early Diagnosis of Tuberous Sclerosis Complex: Prenatal Diagnosis,2023,2023-09-01,American Journal of Neuroradiology,Bekiesinska-Figatowska M.,10.3174/ajnr.A7952,2-s2.0-85170717168,SCOPUS_ID:85170717168,6,Article,
Long-Term Follow-up of Multinodular and Vacuolating Neuronal Tumors and Implications for Surveillance Imaging,2023,2023-09-01,American Journal of Neuroradiology,Dogra S.,10.3174/ajnr.A7946,2-s2.0-85170717303,SCOPUS_ID:85170717303,8,Article,
Generative Adversarial Network-Enhanced Ultra-Low-Dose [18F]-PI-2620 s PET/MRI in Aging and Neurodegenerative Populations,2023,2023-09-01,American Journal of Neuroradiology,Chen K.T.,10.3174/ajnr.A7961,2-s2.0-85170717137,SCOPUS_ID:85170717137,7,Article,
Deep Learning Segmentation of the Nucleus Basalis of Meynert on 3T MRI,2023,2023-09-01,American Journal of Neuroradiology,Doss D.J.,10.3174/ajnr.A7950,2-s2.0-85170717292,SCOPUS_ID:85170717292,9,Article,
Unpacking the CNS Manifestations of Epstein-Barr Virus: An Imaging Perspective,2023,2023-09-01,American Journal of Neuroradiology,Soni N.,10.3174/ajnr.A7945,2-s2.0-85170717512,SCOPUS_ID:85170717512,13,Review,
Validity of the Bern Score as a Surrogate Marker of Clinical Severity in Patients with Spontaneous Intracranial Hypotension,2023,2023-09-01,American Journal of Neuroradiology,Houk J.L.,10.3174/ajnr.A7962,2-s2.0-85170717180,SCOPUS_ID:85170717180,23,Article,
Brain Maturation Patterns on Normalized FLAIR MR Imaging in Children and Adolescents,2023,2023-09-01,American Journal of Neuroradiology,Chan K.,10.3174/ajnr.A7966,2-s2.0-85170717525,SCOPUS_ID:85170717525,2,Article,
Trends of Diversity in Neuroradiology Trainees in United States 2015–2022,2023,2023-09-01,American Journal of Neuroradiology,Prajapati P.,10.3174/ajnr.A7947,2-s2.0-85170717163,SCOPUS_ID:85170717163,18,Article,
CT Perfusion Does Not Modify the Effect of Reperfusion in Patients with Acute Ischemic Stroke Undergoing Endovascular Treatment in the ESCAPE-NA1 Trial,2023,2023-09-01,American Journal of Neuroradiology,Rex N.B.,10.3174/ajnr.A7954,2-s2.0-85170717531,SCOPUS_ID:85170717531,10,Article,
Prospective Comparison of T1-SPACE and MPRAGE for the Identification of Intrinsic T1 Hyperintensity in Patients with Intracranial Melanoma Metastases,2023,2023-09-01,American Journal of Neuroradiology,Lasocki A.,10.3174/ajnr.A7975,2-s2.0-85170717171,SCOPUS_ID:85170717171,3,Article,
Posterior fossa horns in hurler syndrome: Prevalence and regression,2023,2023-08-01,American Journal of Neuroradiology,Huang S.,10.3174/ajnr.A7931,2-s2.0-85167844078,SCOPUS_ID:85167844078,3,Article,
Reliable Initial Trauma CT Findings of Supraclavicular Brachial Plexus Injury in Patients Sustaining Blunt Injuries,2023,2023-08-01,American Journal of Neuroradiology,Povlow M.R.,10.3174/ajnr.A7919,2-s2.0-85167843288,SCOPUS_ID:85167843288,3,Article,
The Iodinated Contrast Crisis of 2022: A Near Miss or a Missed Opportunity?,2023,2023-08-01,American Journal of Neuroradiology,Amukotuwa S.A.,10.3174/ajnr.A7940,2-s2.0-85167844597,SCOPUS_ID:85167844597,2,Note,
Performance of Automated ASPECTS Software and Value as a Computer-Aided Detection Tool,2023,2023-08-01,American Journal of Neuroradiology,Lambert J.,10.3174/ajnr.A7956,2-s2.0-85167844613,SCOPUS_ID:85167844613,4,Article,
Reply:,2023,2023-08-01,American Journal of Neuroradiology,Raymond J.,10.3174/ajnr.A7958,2-s2.0-85167841795,SCOPUS_ID:85167841795,0,Letter,
Brain parcellation repeatability and reproducibility using conventional and quantitative 3D MR imaging,2023,2023-08-01,American Journal of Neuroradiology,Warntjes J.B.M.,10.3174/ajnr.A7937,2-s2.0-85167843527,SCOPUS_ID:85167843527,5,Article,
Appreciation and Concerns Regarding the Published Study “CURES”,2023,2023-08-01,American Journal of Neuroradiology,Arrese I.,10.3174/ajnr.A7925,2-s2.0-85167844574,SCOPUS_ID:85167844574,1,Letter,
"Deep Learning–Generated Synthetic MR Imaging STIR Spine Images Are Superior in Image Quality and Diagnostically Equivalent to Conventional STIR: A Multicenter, Multireader Trial",2023,2023-08-01,American Journal of Neuroradiology,Tanenbaum L.N.,10.3174/ajnr.A7920,2-s2.0-85167842942,SCOPUS_ID:85167842942,18,Article,
Resisted inspiration improves visualization of CSF-venous fistulas in spontaneous intracranial hypotension,2023,2023-08-01,American Journal of Neuroradiology,Kranz P.G.,10.3174/ajnr.A7927,2-s2.0-85167842691,SCOPUS_ID:85167842691,27,Article,
Epileptogenic tubers are associated with increased kurtosis of susceptibility values: A combined quantitative susceptibility mapping and stereoelectroencephalography pilot study,2023,2023-08-01,American Journal of Neuroradiology,Chari A.,10.3174/ajnr.A7929,2-s2.0-85167844201,SCOPUS_ID:85167844201,2,Article,
"Looking Back, Looking Forward",2023,2023-08-01,American Journal of Neuroradiology,Wintermark M.,10.3174/ajnr.A7968,2-s2.0-85167532347,SCOPUS_ID:85167532347,0,Editorial,
Ecchordosis physaliphora: Does it even exist?,2023,2023-08-01,American Journal of Neuroradiology,Stevens A.R.,10.3174/ajnr.A7932,2-s2.0-85167844392,SCOPUS_ID:85167844392,9,Article,
Somatostatin receptor PET/CT/MRI of head and neck neuroendocrine tumors,2023,2023-08-01,American Journal of Neuroradiology,Rini J.N.,10.3174/ajnr.A7934,2-s2.0-85167842561,SCOPUS_ID:85167842561,7,Article,
Clinical applications of conebeam CTP imaging in cerebral disease: A systematic review,2023,2023-08-01,American Journal of Neuroradiology,Zaid Al-Kaylani A.H.A.,10.3174/ajnr.A7930,2-s2.0-85167843647,SCOPUS_ID:85167843647,3,Article,
Mapping of Anatomic Variants of the Proximal Vertebral Artery in Relation to Embryology,2023,2023-08-01,American Journal of Neuroradiology,Bueno H.F.,10.3174/ajnr.A7942,2-s2.0-85167843682,SCOPUS_ID:85167843682,4,Article,
Effect of Platelet Function Testing Guidance on Clinical Outcomes for Patients with Intracranial Aneurysms Undergoing Endovascular Treatment,2023,2023-08-01,American Journal of Neuroradiology,Wang X.,10.3174/ajnr.A7923,2-s2.0-85167843639,SCOPUS_ID:85167843639,6,Article,
Outcomes of preoperative transophthalmic artery embolization of meningiomas: A systematic review with a focus on embolization agent,2023,2023-08-01,American Journal of Neuroradiology,Essibayi M.A.,10.3174/ajnr.A7935,2-s2.0-85167842857,SCOPUS_ID:85167842857,5,Article,
Glutaric aciduria Type 1: Comparison between diffusional kurtosis imaging and conventional MR imaging,2023,2023-08-01,American Journal of Neuroradiology,Bian B.,10.3174/ajnr.A7928,2-s2.0-85167844391,SCOPUS_ID:85167844391,3,Article,
REPLY:,2023,2023-08-01,American Journal of Neuroradiology,Maier C.,10.3174/ajnr.A7957,2-s2.0-85167844669,SCOPUS_ID:85167844669,0,Letter,
Endovascular treatment of cerebrovascular lesions using nickel-or nitinol-containing devices in patients with nickel allergies,2023,2023-08-01,American Journal of Neuroradiology,Baranoski J.F.,10.3174/ajnr.A7936,2-s2.0-85167844678,SCOPUS_ID:85167844678,7,Article,
Effect of Radiographic Contrast Media Shortage on Stroke Evaluation in the United States,2023,2023-08-01,American Journal of Neuroradiology,Qureshi A.I.,10.3174/ajnr.A7924,2-s2.0-85167843103,SCOPUS_ID:85167843103,3,Article,
The Benefits of Ocular Ultrasound in Emergency Settings for the Evaluation of Orbital Compartment Syndrome,2023,2023-08-01,American Journal of Neuroradiology,Mese I.,10.3174/AJNR.A7904,2-s2.0-85167844654,SCOPUS_ID:85167844654,0,Letter,
Cost-Effectiveness Analysis of 68Ga-DOTATATE PET/MRI in Radiotherapy Planning in Patients with Intermediate-Risk Meningioma,2023,2023-07-10,American Journal of Neuroradiology,Rodriguez J.,10.3174/ajnr.A7901,2-s2.0-85164624361,SCOPUS_ID:85164624361,14,Article,
Long-Term Imaging Follow-up from the Management of Myelomeningocele Study,2023,2023-07-01,American Journal of Neuroradiology,George E.,10.3174/ajnr.a7926,2-s2.0-85164624603,SCOPUS_ID:85164624603,9,Article,
Exploratory Multisite MR Spectroscopic Imaging Shows White Matter Neuroaxonal Loss Associated with Complications of Type 1 Diabetes in Children,2023,2023-07-01,American Journal of Neuroradiology,Cai L.Y.,10.3174/ajnr.A7895,2-s2.0-85164625956,SCOPUS_ID:85164625956,6,Article,
Association of Lower Age and Cardiorespiratory Events during Intra-Arterial Chemotherapy for Retinoblastoma: A Prospective Observational Study,2023,2023-07-01,American Journal of Neuroradiology,Lima M.F.,10.3174/ajnr.A7896,2-s2.0-85164625559,SCOPUS_ID:85164625559,4,Article,
Validation of a New Semiautomated Segmentation Pipeline Based on the Spinal Cord Toolbox DeepSeg Algorithm to Estimate the Cervical Canal Area,2023,2023-07-01,American Journal of Neuroradiology,Mongay-Ochoa N.,10.3174/ajnr.A7899,2-s2.0-85164625990,SCOPUS_ID:85164625990,6,Article,
Perifocal Edema in Patients with Meningioma is Associated with Impaired Whole-Brain Connectivity as Detected by Resting-State fMRI,2023,2023-07-01,American Journal of Neuroradiology,Stoecklein V.M.,10.3174/ajnr.a7915,2-s2.0-85164625994,SCOPUS_ID:85164625994,11,Article,
Realistic Productivity in Academic Neuroradiology: A National Survey of Neuroradiology Division Chiefs,2023,2023-07-01,American Journal of Neuroradiology,Wintermark M.,10.3174/ajnr.A7912,2-s2.0-85164625599,SCOPUS_ID:85164625599,12,Editorial,
Erratum: Dual-Layer Detector Cone-Beam CT Angiography for Stroke Assessment: First-in-Human Results (the Next Generation X-ray Imaging System Trial) (AJNR Am J Neuroradiol (2023) 44 (523–29) DOI: 10.3174/ajnr.A7835),2023,2023-07-01,American Journal of Neuroradiology,,10.3174/ajnr.A7898,2-s2.0-85164625562,SCOPUS_ID:85164625562,0,Erratum,
Correlation between Multiparametric MR Imaging and Molecular Genetics in Pontine Pediatric High-Grade Glioma,2023,2023-07-01,American Journal of Neuroradiology,Rameh V.,10.3174/ajnr.A7910,2-s2.0-85164624849,SCOPUS_ID:85164624849,8,Article,
Crowd-Sourced Deep Learning for Intracranial Hemorrhage Identification: Wisdom of Crowds or Laissez-Faire,2023,2023-07-01,American Journal of Neuroradiology,Hofmeijer E.I.S.,10.3174/ajnr.A7902,2-s2.0-85164624728,SCOPUS_ID:85164624728,5,Article,
Investigation of Brain Iron in Niemann-Pick Type C: A 7T Quantitative Susceptibility Mapping Study,2023,2023-07-01,American Journal of Neuroradiology,Ravanfar P.,10.3174/ajnr.A7894,2-s2.0-85164624890,SCOPUS_ID:85164624890,5,Article,
Early Detection of Underlying Cavernomas in Patients with Spontaneous Acute Intracerebral Hematomas,2023,2023-07-01,American Journal of Neuroradiology,Bani-Sadr A.,10.3174/ajnr.A7914,2-s2.0-85164624285,SCOPUS_ID:85164624285,2,Article,
MR Imaging Findings in a Large Population of Autoimmune Encephalitis,2023,2023-07-01,American Journal of Neuroradiology,Gillon S.,10.3174/ajnr.a7907,2-s2.0-85164626284,SCOPUS_ID:85164626284,12,Article,
The Development and Application of a Cost-Effective Cervical Spine Phantom for Use in Fluoroscopically Guided Lateral C1-C2 Spinal Puncture Training,2023,2023-07-01,American Journal of Neuroradiology,Risner V.,10.3174/ajnr.a7908,2-s2.0-85164625131,SCOPUS_ID:85164625131,0,Article,
MR Imaging of Carotid Artery Atherosclerosis: Updated Evidence on High-Risk Plaque Features and Emerging Trends,2023,2023-07-01,American Journal of Neuroradiology,Benson J.C.,10.3174/ajnr.a7921,2-s2.0-85165329389,SCOPUS_ID:85165329389,33,Review,
T2-FLAIR Mismatch Sign in Pediatric Low-Grade Glioma,2023,2023-07-01,American Journal of Neuroradiology,Wagner M.W.,10.3174/ajnr.A7916,2-s2.0-85164626104,SCOPUS_ID:85164626104,16,Article,
Sex-Specific Patterns of Cerebral Atrophy and Enlarged Perivascular Spaces in Patients with Cerebral Amyloid Angiopathy and Dementia,2023,2023-07-01,American Journal of Neuroradiology,Pinho J.,10.3174/ajnr.A7900,2-s2.0-85164624844,SCOPUS_ID:85164624844,9,Article,
Arterial Spin-Labeling MR Imaging for the Differential Diagnosis of Venous-Predominant AVMs and Developmental Venous Anomalies,2023,2023-07-01,American Journal of Neuroradiology,Yoo D.H.,10.3174/ajnr.A7922,2-s2.0-85166208175,SCOPUS_ID:85166208175,6,Article,
Development of an Ultrasound Scoring System to Describe Brain Maturation in Preterm Infants,2023,2023-07-01,American Journal of Neuroradiology,Stein A.,10.3174/ajnr.a7909,2-s2.0-85164626342,SCOPUS_ID:85164626342,2,Article,
Predicting Drug Treatment Outcomes in Childrens with Tuberous Sclerosis Complex-Related Epilepsy: A Clinical Radiomics Study,2023,2023-07-01,American Journal of Neuroradiology,Hu Z.,10.3174/ajnr.A7911,2-s2.0-85164624467,SCOPUS_ID:85164624467,13,Article,
Advances in Acute Ischemic Stroke Treatment: Current Status and Future Directions,2023,2023-07-01,American Journal of Neuroradiology,Bathla G.,10.3174/ajnr.A7872,2-s2.0-85164625389,SCOPUS_ID:85164625389,47,Review,
"Choroid Plexus Calcification Correlates with Cortical Microglial Activation in Humans: A Multimodal PET, CT, MRI Study",2023,2023-07-01,American Journal of Neuroradiology,Butler T.,10.3174/ajnr.A7903,2-s2.0-85164625103,SCOPUS_ID:85164625103,14,Article,
Ultrasound-Guided Radiofrequency Ablation versus Thyroidectomy for the Treatment of Benign Thyroid Nodules in Elderly Patients: A Propensity-Matched Cohort Study,2023,2023-06-01,American Journal of Neuroradiology,Yan L.,10.3174/ajnr.A7890,2-s2.0-85163907060,SCOPUS_ID:85163907060,6,Article,
Comprehensive Update and Review of Clinical and Imaging Features of SMART Syndrome,2023,2023-06-01,American Journal of Neuroradiology,Ota Y.,10.3174/ajnr.A7859,2-s2.0-85163907962,SCOPUS_ID:85163907962,17,Review,
"Why, How Often, and What Happens When We Fail: A Retrospective Analysis of Failed Fluoroscopically Guided Lumbar Punctures",2023,2023-06-01,American Journal of Neuroradiology,Gerasymchuk M.,10.3174/ajnr.A7867,2-s2.0-85163906074,SCOPUS_ID:85163906074,1,Article,
Revolutionizing MS Monitoring: The Impact of Postprocessing Techniques on Lesion Detection,2023,2023-06-01,American Journal of Neuroradiology,Lecler A.,10.3174/ajnr.A7868,2-s2.0-85163906760,SCOPUS_ID:85163906760,0,Note,
Efficacy of Epidural Blood Patching or Surgery in Spontaneous Intracranial Hypotension: A Systematic Review and Evidence Map,2023,2023-06-01,American Journal of Neuroradiology,Amrhein T.J.,10.3174/ajnr.A7880,2-s2.0-85163907092,SCOPUS_ID:85163907092,21,Review,
Doppler Ultrasound Flow Reversal in the Superior Sagittal Sinus to Detect Cerebral Venous Congestion in Vein of Galen Malformation,2023,2023-06-01,American Journal of Neuroradiology,Schwarz S.,10.3174/ajnr.A7891,2-s2.0-85163907350,SCOPUS_ID:85163907350,9,Article,
NCCT Markers of Intracerebral Hemorrhage Expansion Using Revised Criteria: An External Validation of Their Predictive Accuracy,2023,2023-06-01,American Journal of Neuroradiology,Ducroux C.,10.3174/ajnr.A7871,2-s2.0-85163906670,SCOPUS_ID:85163906670,6,Article,
NCCT Markers of Intracerebral Hemorrhage Expansion Using Revised Criteria: An External Validation of Their Predictive Accuracy,2023,2023-06-01,American Journal of Neuroradiology,Ducroux C.,10.3174/ajnr.A7871,2-s2.0-85163906670,SCOPUS_ID:85163906670,6,Article,
Utility of Photon-Counting Detector CT Myelography for the Detection of CSF-Venous Fistulas,2023,2023-06-01,American Journal of Neuroradiology,Madhavan A.A.,10.3174/ajnr.A7887,2-s2.0-85163908089,SCOPUS_ID:85163908089,38,Article,
Doppler Ultrasound Flow Reversal in the Superior Sagittal Sinus to Detect Cerebral Venous Congestion in Vein of Galen Malformation,2023,2023-06-01,American Journal of Neuroradiology,Schwarz S.,10.3174/ajnr.A7891,2-s2.0-85163907350,SCOPUS_ID:85163907350,9,Article,
"Improved Myelination following Camp Leg Power, a Selective Motor Control Intervention for Children with Spastic Bilateral Cerebral Palsy: A Diffusion Tensor MRI Study",2023,2023-06-01,American Journal of Neuroradiology,Vuong A.,10.3174/ajnr.A7860,2-s2.0-85163907653,SCOPUS_ID:85163907653,6,Article,
Evaluation of Motion-Corrected Multishot Echo-Planar Imaging as an Alternative to Gradient Recalled-Echo for Blood-Sensitive Imaging,2023,2023-06-01,American Journal of Neuroradiology,Murchison J.A.,10.3174/ajnr.A7892,2-s2.0-85163906454,SCOPUS_ID:85163906454,1,Article,
Conebeam CT as an Additional Tool in Digital Subtraction Myelography for the Detection of Spinal Lateral Dural Tears,2023,2023-06-01,American Journal of Neuroradiology,Lützen N.,10.3174/ajnr.A7866,2-s2.0-85163905486,SCOPUS_ID:85163905486,12,Article,
Medical Imaging Compatibility of Magnesium- and Iron-Based Bioresorbable Flow Diverters,2023,2023-06-01,American Journal of Neuroradiology,Oliver A.A.,10.3174/ajnr.A7873,2-s2.0-85163908626,SCOPUS_ID:85163908626,9,Article,
Comprehensive Venous Outflow Predicts Functional Outcomes in Patients with Acute Ischemic Stroke Treated by Thrombectomy,2023,2023-06-01,American Journal of Neuroradiology,Adusumilli G.,10.3174/ajnr.A7879,2-s2.0-85163906780,SCOPUS_ID:85163906780,33,Article,
Femoral Access-Site Complications with Tenecteplase versus Alteplase before Mechanical Thrombectomy for Large-Vessel-Occlusion Stroke,2023,2023-06-01,American Journal of Neuroradiology,Hendrix P.,10.3174/ajnr.A7862,2-s2.0-85163908702,SCOPUS_ID:85163908702,4,Article,
A Pragmatic Randomized Trial Comparing Surgical Clipping and Endovascular Treatment of Unruptured Intracranial Aneurysms,2023,2023-06-01,American Journal of Neuroradiology,Darsaut T.E.,10.3174/ajnr.A7865,2-s2.0-85160678461,SCOPUS_ID:85160678461,52,Article,
Erratum: Surgical or Endovascular Treatment of MCA Aneurysms: An Agreement Study (American Journal of Neuroradiology (2022) 43 (1437-1444) DOI: 10.3174/ajnr.A7648),2023,2023-06-01,American Journal of Neuroradiology,,10.3174/ajnr.A7893,2-s2.0-85163907042,SCOPUS_ID:85163907042,0,Erratum,
Evaluation of the Statistical Detection of Change Algorithm for Screening Patients with MS with New Lesion Activity on Longitudinal Brain MRI,2023,2023-06-01,American Journal of Neuroradiology,Homssi M.,10.3174/ajnr.A7858,2-s2.0-85163905481,SCOPUS_ID:85163905481,4,Article,
Automated Segmentation of Intracranial Thrombus on NCCT and CTA in Patients with Acute Ischemic Stroke Using a Coarse-to-Fine Deep Learning Model,2023,2023-06-01,American Journal of Neuroradiology,Zhu K.,10.3174/ajnr.A7878,2-s2.0-85163907252,SCOPUS_ID:85163907252,13,Article,
Perspectives,2023,2023-05-01,American Journal of Neuroradiology,Ross J.S.,10.3174/ajnr.P0134,2-s2.0-85158816995,SCOPUS_ID:85158816995,0,Note,
Higher Incidence of Unruptured Intracranial Aneurysms among Black and Hispanic Women on Screening MRA in Large Urban Populations,2023,2023-05-01,American Journal of Neuroradiology,Javed K.,10.3174/ajnr.A7856,2-s2.0-85159543453,SCOPUS_ID:85159543453,10,Article,
Critical Appraisal of Artificial Intelligence Enabled Imaging Tools Using the Levels of Evidence System,2023,2023-05-01,American Journal of Neuroradiology,Pham N.,10.3174/ajnr.A7850,2-s2.0-85159542261,SCOPUS_ID:85159542261,17,Article,
Clinical Relevance of Plaque Distribution for Basilar Artery Stenosis,2023,2023-05-01,American Journal of Neuroradiology,Luo J.,10.3174/ajnr.A7839,2-s2.0-85164142613,SCOPUS_ID:85164142613,5,Article,
Reply:,2023,2023-05-01,American Journal of Neuroradiology,White M.,10.3174/ajnr.A7857,2-s2.0-85159543807,SCOPUS_ID:85159543807,0,Letter,
Prevalence of Intracranial Aneurysms with Emphasis on Ethnicity and Race,2023,2023-05-01,American Journal of Neuroradiology,Ben-Arie G.,10.3174/ajnr.A7869,2-s2.0-85159541524,SCOPUS_ID:85159541524,1,Note,
Pituitary MRI to Evaluate Extraocular Muscles: Is That Possible with a Routine Scanning Protocol?,2023,2023-05-01,American Journal of Neuroradiology,Kocak B.,10.3174/ajnr.A7681,2-s2.0-85159544052,SCOPUS_ID:85159544052,0,Letter,
Erdheim-Chester Disease,2023,2023-05-01,American Journal of Neuroradiology,Benson J.C.,10.3174/ajnr.A7832,2-s2.0-85159541708,SCOPUS_ID:85159541708,20,Article,
Intensive Blood Pressure Management Preserves Functional Connectivity in Patients with Hypertension from the Systolic Blood Pressure Intervention Randomized Trial,2023,2023-05-01,American Journal of Neuroradiology,Shah C.,10.3174/ajnr.A7852,2-s2.0-85159542590,SCOPUS_ID:85159542590,1,Article,
Brain Activation Evoked by Motor Imagery in Pediatric Patients with Complete Spinal Cord Injury,2023,2023-05-01,American Journal of Neuroradiology,Wang L.,10.3174/ajnr.A7847,2-s2.0-85159542356,SCOPUS_ID:85159542356,15,Article,
MELAS: Phenotype Classification into Classic-versus-Atypical Presentations,2023,2023-05-01,American Journal of Neuroradiology,Alves C.A.P.F.,10.3174/ajnr.A7837,2-s2.0-85159542674,SCOPUS_ID:85159542674,28,Article,
Deep Learning of Time-Signal Intensity Curves from Dynamic Susceptibility Contrast Imaging Enables Tissue Labeling and Prediction of Survival in Glioblastoma,2023,2023-05-01,American Journal of Neuroradiology,Yun J.,10.3174/ajnr.A7853,2-s2.0-85159544277,SCOPUS_ID:85159544277,7,Article,
Post-COVID-19 Brain [18F] FDG-PET Findings: A Retrospective Single-Center Study in the United States,2023,2023-05-01,American Journal of Neuroradiology,Debs P.,10.3174/ajnr.A7863,2-s2.0-85159543487,SCOPUS_ID:85159543487,15,Article,
3D Capsule Networks for Brain Image Segmentation,2023,2023-05-01,American Journal of Neuroradiology,Avesta A.,10.3174/ajnr.A7845,2-s2.0-85159543007,SCOPUS_ID:85159543007,12,Article,
DWI-Based Radiomics Predicts the Functional Outcome of Endovascular Treatment in Acute Basilar Artery Occlusion,2023,2023-05-01,American Journal of Neuroradiology,Zhang X.,10.3174/ajnr.A7851,2-s2.0-85159541760,SCOPUS_ID:85159541760,5,Article,
Imaging the Tight Orbit: Radiologic Manifestations of Orbital Compartment Syndrome,2023,2023-05-01,American Journal of Neuroradiology,Maier C.,10.3174/ajnr.A7840,2-s2.0-85159543998,SCOPUS_ID:85159543998,8,Article,
Fluoroscopy- and CT-Guided Gold Fiducial Marker Placement for Intraoperative Localization during Spinal Surgery: Review of 179 Cases at a Single Institution Technique and Safety Profile,2023,2023-05-01,American Journal of Neuroradiology,Siminski C.P.,10.3174/ajnr.A7854,2-s2.0-85159542174,SCOPUS_ID:85159542174,4,Article,
Dual-Layer Detector Cone-Beam CT Angiography for Stroke Assessment: First-in-Human Results (the Next Generation X-ray Imaging System Trial),2023,2023-05-01,American Journal of Neuroradiology,Ståhl F.,10.3174/ajnr.A7835,2-s2.0-85159541495,SCOPUS_ID:85159541495,3,Article,
A Novel MR Imaging Sequence of 3D-ZOOMit Real Inversion-Recovery Imaging Improves Endolymphatic Hydrops Detection in Patients with Ménière Disease,2023,2023-05-01,American Journal of Neuroradiology,Li J.,10.3174/ajnr.A7842,2-s2.0-85159541506,SCOPUS_ID:85159541506,12,Article,
Assessing the Equivalence of Brain-Derived Measures from Two 3D T1-Weighted Acquisitions: One Covering the Brain and One Covering the Brain and Spinal Cord,2023,2023-05-01,American Journal of Neuroradiology,Pareto D.,10.3174/ajnr.A7843,2-s2.0-85159542250,SCOPUS_ID:85159542250,0,Article,
"Symptomatic Developmental Venous Anomaly: State-of-the-Art Review on Genetics, Pathophysiology, and Imaging Approach to Diagnosis",2023,2023-05-01,American Journal of Neuroradiology,Hsu C.C.T.,10.3174/ajnr.A7829,2-s2.0-85159542019,SCOPUS_ID:85159542019,15,Conference Paper,
Prospective Safety Study of Intrathecal Gadobutrol in Different Doses,2023,2023-05-01,American Journal of Neuroradiology,Sperre A.,10.3174/ajnr.A7841,2-s2.0-85159544242,SCOPUS_ID:85159544242,17,Article,
Associating IDH and TERT Mutations in Glioma with Diffusion Anisotropy in Normal-Appearing White Matter,2023,2023-05-01,American Journal of Neuroradiology,Halilibrahimoglu H.,10.3174/ajnr.A7855,2-s2.0-85159540917,SCOPUS_ID:85159540917,4,Article,
MR Imaging Signs of Gadolinium Retention Are Not Associated with Long-Term Motor and Cognitive Outcomes in Multiple Sclerosis,2023,2023-04-01,American Journal of Neuroradiology,Scaravilli A.,10.3174/ajnr.A7807,2-s2.0-85152170165,SCOPUS_ID:85152170165,5,Article,
Temporal Characteristics of CSF-Venous Fistulas on Digital Subtraction Myelography,2023,2023-04-01,American Journal of Neuroradiology,Mark I.,10.3174/ajnr.A7809,2-s2.0-85152166504,SCOPUS_ID:85152166504,33,Article,
Stent-Assisted Coiling in the Treatment of Unruptured Intracranial Aneurysms: A Randomized Clinical Trial,2023,2023-04-01,American Journal of Neuroradiology,Boisseau W.,10.3174/ajnr.A7815,2-s2.0-85152170830,SCOPUS_ID:85152170830,31,Article,
Outcomes with Endovascular Treatment of Patients with M2 Segment MCA Occlusion in the Late Time Window,2023,2023-04-01,American Journal of Neuroradiology,Bala F.,10.3174/ajnr.A7833,2-s2.0-85152174700,SCOPUS_ID:85152174700,14,Article,
Imaging of Lymphomas Involving the CNS: An Update-Review of the Full Spectrum of Disease with an Emphasis on the World Health Organization Classifications of CNS Tumors 2021 and Hematolymphoid Tumors 2022,2023,2023-04-01,American Journal of Neuroradiology,Pons-Escoda A.,10.3174/ajnr.A7795,2-s2.0-85152169986,SCOPUS_ID:85152169986,40,Review,
PERSPECTIVES,2023,2023-04-01,American Journal of Neuroradiology,Ross J.S.,10.3174/ajnr.P0133,2-s2.0-85152108272,SCOPUS_ID:85152108272,0,Note,
Application of Automatic Segmentation on Super-Resolution Reconstruction MR Images of the Abnormal Fetal Brain,2023,2023-04-01,American Journal of Neuroradiology,Deprest T.,10.3174/ajnr.A7808,2-s2.0-85152168066,SCOPUS_ID:85152168066,5,Article,
Clinical Profiles and Patterns of Neurodegeneration in Amyotrophic Lateral Sclerosis: A Cluster-Based Approach Based on MR Imaging Metrics,2023,2023-04-01,American Journal of Neuroradiology,Milella G.,10.3174/ajnr.A7823,2-s2.0-85152174970,SCOPUS_ID:85152174970,7,Article,
Direct Aspiration versus Combined Technique for Distal Medium-Vessel Occlusions: Comparison on a Human Placenta Model,2023,2023-04-01,American Journal of Neuroradiology,Burel J.,10.3174/ajnr.A7831,2-s2.0-85152173373,SCOPUS_ID:85152173373,4,Article,
Malpractice Litigation Related to Diagnosis and Treatment of Intracranial Aneurysms,2023,2023-04-01,American Journal of Neuroradiology,Khan A.,10.3174/ajnr.A7828,2-s2.0-85152173655,SCOPUS_ID:85152173655,6,Article,
Newly Recognized CNS Tumors in the 2021 World Health Organization Classification: Imaging Overview with Histopathologic and Genetic Correlation,2023,2023-04-01,American Journal of Neuroradiology,Rigsby R.K.,10.3174/ajnr.A7827,2-s2.0-85152173083,SCOPUS_ID:85152173083,14,Review,
The FRESH Study: Treatment of Intracranial Aneurysms with the New FRED X Flow Diverter with Antithrombotic Surface Treatment Technology—First Multicenter Experience in 161 Patients,2023,2023-04-01,American Journal of Neuroradiology,Vollherbst D.F.,10.3174/ajnr.A7834,2-s2.0-85152165231,SCOPUS_ID:85152165231,45,Article,
Diagnostic Performance of High-Resolution Vessel Wall MR Imaging Combined with TOF-MRA in the Follow-up of Intracranial Vertebrobasilar Dissecting Aneurysms after Reconstructive Endovascular Treatment,2023,2023-04-01,American Journal of Neuroradiology,Tan S.,10.3174/ajnr.A7838,2-s2.0-85152164087,SCOPUS_ID:85152164087,1,Article,
Radiology-Pathology and Surgical Correlation in Astroblastoma,2023,2023-04-01,American Journal of Neuroradiology,Sprenger F.,10.3174/ajnr.A7824,2-s2.0-85152169526,SCOPUS_ID:85152169526,6,Article,
Comparison between Dual-Energy CT and Quantitative Susceptibility Mapping in Assessing Brain Iron Deposition in Parkinson Disease,2023,2023-04-01,American Journal of Neuroradiology,Chen Y.,10.3174/ajnr.A7822,2-s2.0-85152168143,SCOPUS_ID:85152168143,2,Article,
"Aneurysm Treatment with Woven EndoBridge-17: Angiographic and Clinical Results at 12 Months from a Retrospective, 2-Center Series",2023,2023-04-01,American Journal of Neuroradiology,Pagano P.,10.3174/ajnr.A7830,2-s2.0-85152164420,SCOPUS_ID:85152164420,19,Article,
"Incidental Findings from 16,400 Brain MRI Examinations of Research Volunteers",2023,2023-04-01,American Journal of Neuroradiology,Rowley P.A.,10.3174/ajnr.A7821,2-s2.0-85152165141,SCOPUS_ID:85152165141,13,Article,
Infarct Evolution in Patients with Anterior Circulation Large-Vessel Occlusion Randomized to IV Alteplase and Endovascular Treatment versus Endovascular Treatment Alone,2023,2023-04-01,American Journal of Neuroradiology,Hoving J.W.,10.3174/ajnr.A7826,2-s2.0-85152174509,SCOPUS_ID:85152174509,3,Article,
Phenotyping Superagers Using Resting-State fMRI,2023,2023-04-01,American Journal of Neuroradiology,de Godoy L.L.,10.3174/ajnr.A7820,2-s2.0-85152170335,SCOPUS_ID:85152170335,6,Article,
CT and MR Imaging Appearance of the Pedicled Submandibular Gland Flap: A Potential Imaging Pitfall in the Posttreatment Head and Neck,2023,2023-04-01,American Journal of Neuroradiology,Zander D.A.,10.3174/ajnr.A7825,2-s2.0-85152166780,SCOPUS_ID:85152166780,0,Article,
Increased Labyrinthine T1 Postgadolinium Signal Intensity Is Associated with the Degree of Ipsilateral Sensorineural Hearing Loss in Patients with Sporadic Vestibular Schwannoma,2023,2023-03-01,American Journal of Neuroradiology,Welby J.P.,10.3174/ajnr.A7800,2-s2.0-85150001460,SCOPUS_ID:85150001460,5,Article,
Postoperative Lumbar Fusion Bone Morphogenic Protein–Related Epidural Cyst Formation,2023,2023-03-01,American Journal of Neuroradiology,Abel F.,10.3174/ajnr.A7799,2-s2.0-85150001277,SCOPUS_ID:85150001277,6,Article,
Edge-Enhancing Gradient-Echo MP2RAGE for Clinical Epilepsy Imaging at 7T,2023,2023-03-01,American Journal of Neuroradiology,Tao S.,10.3174/ajnr.A7782,2-s2.0-85150001185,SCOPUS_ID:85150001185,14,Article,
REPLY:,2023,2023-03-01,American Journal of Neuroradiology,Branstetter B.F.,10.3174/ajnr.A7802,2-s2.0-85150001009,SCOPUS_ID:85150001009,0,Letter,
Parieto-Occipital Injury on Diffusion MRI Correlates with Poor Neurologic Outcome following Cardiac Arrest,2023,2023-03-01,American Journal of Neuroradiology,Calabrese E.,10.3174/ajnr.A7779,2-s2.0-85150001344,SCOPUS_ID:85150001344,11,Article,
MRI for Cushing Disease: A Systematic Review,2023,2023-03-01,American Journal of Neuroradiology,Castle-Kirszbaum M.,10.3174/ajnr.A7789,2-s2.0-85150001295,SCOPUS_ID:85150001295,24,Article,
Medullary Tegmental Cap Dysplasia: Fetal and Postnatal Presentations of a Unique Brainstem Malformation,2023,2023-03-01,American Journal of Neuroradiology,Gafner M.,10.3174/ajnr.A7805,2-s2.0-85150001367,SCOPUS_ID:85150001367,5,Article,
Endovascular Recanalization of Symptomatic Chronic ICA Occlusion: Procedural Outcomes and Radiologic Predictors,2023,2023-03-01,American Journal of Neuroradiology,Zhou C.,10.3174/ajnr.A7804,2-s2.0-85150001181,SCOPUS_ID:85150001181,20,Article,
REPLY:,2023,2023-03-01,American Journal of Neuroradiology,Huls S.J.,10.3174/ajnr.A7803,2-s2.0-85150001196,SCOPUS_ID:85150001196,0,Letter,
Correlation between Sagittal Angle of the Trigeminal Nerve and the Grade of Neurovascular Conflict,2023,2023-03-01,American Journal of Neuroradiology,Suthar P.P.,10.3174/ajnr.A7751,2-s2.0-85150001307,SCOPUS_ID:85150001307,1,Article,
Reconstruction of the Corticospinal Tract in Patients with Motor-Eloquent High-Grade Gliomas Using Multilevel Fiber Tractography Combined with Functional Motor Cortex Mapping,2023,2023-03-01,American Journal of Neuroradiology,Zhylka A.,10.3174/ajnr.A7793,2-s2.0-85150001464,SCOPUS_ID:85150001464,6,Article,
Validity Assessment of an Automated Brain Morphometry Tool for Patients with De Novo Memory Symptoms,2023,2023-03-01,American Journal of Neuroradiology,Rahmani F.,10.3174/ajnr.A7790,2-s2.0-85150001329,SCOPUS_ID:85150001329,7,Article,
Neuroimaging Features of Biotinidase Deficiency,2023,2023-03-01,American Journal of Neuroradiology,Biswas A.,10.3174/ajnr.A7781,2-s2.0-85150001067,SCOPUS_ID:85150001067,14,Article,
Embolic Agent Choice in Middle Meningeal Artery Embolization as Primary or Adjunct Treatment for Chronic Subdural Hematoma: A Systematic Review and Meta-analysis,2023,2023-03-01,American Journal of Neuroradiology,Ku J.C.,10.3174/ajnr.A7796,2-s2.0-85150001032,SCOPUS_ID:85150001032,50,Review,
Usefulness of a Rim-Enhancing Pattern on the Contrast-Enhanced 3D-FLAIR Sequence and MRI Characteristics for Distinguishing Meningioma and Malignant Dural-Based Tumor,2023,2023-03-01,American Journal of Neuroradiology,Panyaping T.,10.3174/ajnr.A7780,2-s2.0-85150001364,SCOPUS_ID:85150001364,5,Article,
Diagnostic Utility of 3D Gradient-Echo MR Imaging Sequences through the Filum Compared with Spin-Echo T1 in Children with Concern for Tethered Cord,2023,2023-03-01,American Journal of Neuroradiology,Rafiee F.,10.3174/ajnr.A7791,2-s2.0-85150001035,SCOPUS_ID:85150001035,7,Article,
Amino Acid Tracer PET MRI in Glioma Management: What a Neuroradiologist Needs to Know,2023,2023-03-01,American Journal of Neuroradiology,Soni N.,10.3174/ajnr.A7762,2-s2.0-85150001103,SCOPUS_ID:85150001103,15,Review,
Erratum: Multivariate Analysis of MRI Biomarkers for Predicting Neurologic Impairment in Cervical Spinal Cord Injury (American Journal of Neuroradiology (2017) 38 (648–55) DOI: 10.3174/ajnr.A5021),2023,2023-03-01,American Journal of Neuroradiology,,10.3174/ajnr.A7797,2-s2.0-85150001173,SCOPUS_ID:85150001173,0,Erratum,
Leptomeningeal Interfoliar Enhancement on Vessel Wall MR Imaging as a Unique Radiologic Finding of Susac Syndrome,2023,2023-03-01,American Journal of Neuroradiology,Cardozo P.,10.3174/ajnr.A7801,2-s2.0-85150001130,SCOPUS_ID:85150001130,1,Article,
Identification of the Language Network from Resting-State fMRI in Patients with Brain Tumors: How Accurate Are Experts?,2023,2023-03-01,American Journal of Neuroradiology,Gujar S.K.,10.3174/ajnr.A7806,2-s2.0-85150001468,SCOPUS_ID:85150001468,10,Article,
Modified Dynamic CT Myelography for Type 1 and 2 CSF Leaks: A Procedural Approach,2023,2023-03-01,American Journal of Neuroradiology,Mamlouk M.D.,10.3174/ajnr.A7784,2-s2.0-85150001410,SCOPUS_ID:85150001410,27,Article,
Myelographic Timing Matters,2023,2023-03-01,American Journal of Neuroradiology,Mamlouk M.D.,10.3174/ajnr.A7726,2-s2.0-85150000995,SCOPUS_ID:85150000995,4,Letter,
Persistent Opacification of the Woven EndoBridge Device: A Conebeam CT Analysis of the Bicêtre Occlusion Scale Score 1 Phenomenon,2023,2023-03-01,American Journal of Neuroradiology,Caroff J.,10.3174/ajnr.A7783,2-s2.0-85150001047,SCOPUS_ID:85150001047,9,Article,
Conebeam CT as an Adjunct to Digital Subtraction Myelography for Detection of CSF-Venous Fistulas,2023,2023-03-01,American Journal of Neuroradiology,Madhavan A.A.,10.3174/ajnr.A7794,2-s2.0-85150001144,SCOPUS_ID:85150001144,22,Article,
"Ultrasound Fusion–Guided Core Needle Biopsy for Deep Head and Neck Space Lesions: Technical Feasibility, Histopathologic Yield, and Safety",2023,2023-02-01,American Journal of Neuroradiology,Li X.,10.3174/ajnr.A7776,2-s2.0-85147317704,SCOPUS_ID:85147317704,4,Article,
The Impact of Interactive MRI-Based Radiologist Review on Radiotherapy Target Volume Delineation in Head and Neck Cancer,2023,2023-02-01,American Journal of Neuroradiology,Adjogatse D.,10.3174/ajnr.A7773,2-s2.0-85147317482,SCOPUS_ID:85147317482,7,Article,
Early Fetal Corpus Callosum: Demonstrating Normal Growth and Detecting Pathologies in Early Pregnancy,2023,2023-02-01,American Journal of Neuroradiology,Weissbach T.,10.3174/ajnr.A7757,2-s2.0-85147318056,SCOPUS_ID:85147318056,6,Article,
Regarding “Rates of Epidural Blood Patch following Lumbar Puncture Comparing Atraumatic versus Bevel-Tip Needles Stratified for Body Mass Index”,2023,2023-02-01,American Journal of Neuroradiology,Branstetter B.,10.3174/ajnr.A7562,2-s2.0-85147317807,SCOPUS_ID:85147317807,0,Letter,
Evolution of Radiographic Changes of a Vascularized Pedicled Nasoseptal Flap after Endonasal Endoscopic Skull Base Surgery,2023,2023-02-01,American Journal of Neuroradiology,Birkenbeuel J.L.,10.3174/ajnr.A7768,2-s2.0-85147318095,SCOPUS_ID:85147318095,5,Article,
High-Resolution 7T MR Imaging of the Trochlear Nerve,2023,2023-02-01,American Journal of Neuroradiology,Kumar T.,10.3174/ajnr.A7774,2-s2.0-85147318115,SCOPUS_ID:85147318115,6,Article,
Fully Automatic Method for Reliable Spinal Cord Compartment Segmentation in Multiple Sclerosis,2023,2023-02-01,American Journal of Neuroradiology,Tsagkas C.,10.3174/ajnr.A7756,2-s2.0-85147317657,SCOPUS_ID:85147317657,5,Article,
Nonstenotic Carotid Plaques and Embolic Stroke of Undetermined Source: A Multimodality Review,2023,2023-02-01,American Journal of Neuroradiology,Larson A.S.,10.3174/ajnr.A7750,2-s2.0-85147317565,SCOPUS_ID:85147317565,6,Review,
Radiation-Induced Changes Associated with Obliteration of Brain AVMs after Repeat Radiosurgery,2023,2023-02-01,American Journal of Neuroradiology,Sasagasako T.,10.3174/ajnr.A7772,2-s2.0-85147317516,SCOPUS_ID:85147317516,7,Article,
Perspectives,2023,2023-02-01,American Journal of Neuroradiology,Kalelioglu T.,10.3174/ajnr.P0131,2-s2.0-85147235640,SCOPUS_ID:85147235640,0,Note,
CAA-ri and ARIA: Two Faces of the Same Coin?,2023,2023-02-01,American Journal of Neuroradiology,Zedde M.,10.3174/ajnr.A7759,2-s2.0-85147318333,SCOPUS_ID:85147318333,18,Letter,
Longitudinal MRI Evaluation of Brain Development in Fetuses with Congenital Diaphragmatic Hernia around the Time of Fetal Endotracheal Occlusion,2023,2023-02-01,American Journal of Neuroradiology,Emam D.,10.3174/ajnr.A7760,2-s2.0-85147318152,SCOPUS_ID:85147318152,14,Article,
Enhancement in the Round Window Niche: A Potential Pitfall in High-Resolution MR Imaging of the Internal Auditory Canal,2023,2023-02-01,American Journal of Neuroradiology,Brinjikji T.,10.3174/ajnr.A7775,2-s2.0-85147317557,SCOPUS_ID:85147317557,1,Article,
Reliability of Functional and Diffusion MR Imaging near Cerebral Cavernous Malformations,2023,2023-02-01,American Journal of Neuroradiology,Colasurdo M.,10.3174/ajnr.A7765,2-s2.0-85147317849,SCOPUS_ID:85147317849,2,Article,
Connectomic Basis for Tremor Control in Stereotactic Radiosurgical Thalamotomy,2023,2023-02-01,American Journal of Neuroradiology,Middlebrooks E.H.,10.3174/ajnr.A7778,2-s2.0-85147317661,SCOPUS_ID:85147317661,7,Article,
"Diagnostic Accuracy of Arterial Spin-Labeling, Dynamic Contrast-Enhanced, and DSC Perfusion Imaging in the Diagnosis of Recurrent High-Grade Gliomas: A Prospective Study",2023,2023-02-01,American Journal of Neuroradiology,Nguyen T.B.,10.3174/ajnr.A7771,2-s2.0-85147317890,SCOPUS_ID:85147317890,7,Article,
Use of the Woven EndoBridge Device for Sidewall Aneurysms: Systematic Review and Meta-analysis,2023,2023-02-01,American Journal of Neuroradiology,Rodriguez-Calienes A.,10.3174/ajnr.A7766,2-s2.0-85147317522,SCOPUS_ID:85147317522,16,Article,
Clinical Evaluation of Scout Accelerated Motion Estimation and Reduction Technique for 3D MR Imaging in the Inpatient and Emergency Department Settings,2023,2023-02-01,American Journal of Neuroradiology,Lang M.,10.3174/ajnr.A7777,2-s2.0-85147317591,SCOPUS_ID:85147317591,8,Article,
Common Neuroimaging Findings in Bosch-Boonstra-Schaaf Optic Atrophy Syndrome,2023,2023-02-01,American Journal of Neuroradiology,Desai N.K.,10.3174/ajnr.A7758,2-s2.0-85147318223,SCOPUS_ID:85147318223,4,Article,
REPLY,2023,2023-02-01,American Journal of Neuroradiology,Philip J.T.,10.3174/ajnr.A7770,2-s2.0-85147318091,SCOPUS_ID:85147318091,0,Letter,
Patterns of Intrathecal Ossification in Arachnoiditis Ossificans: A Retrospective Case Series,2023,2023-02-01,American Journal of Neuroradiology,Thejeel B.,10.3174/ajnr.A7764,2-s2.0-85147318297,SCOPUS_ID:85147318297,2,Article,
REPLY,2023,2023-01-01,American Journal of Neuroradiology,Darsaut T.E.,10.3174/ajnr.A7732,2-s2.0-85146192954,SCOPUS_ID:85146192954,2,Letter,
Association of Left Vertebral Artery Hypoplasia with Posterior Circulation Stroke and the Functional Outcome of Patients with Atrial Fibrillation-Related Cardioembolic Stroke,2023,2023-01-01,American Journal of Neuroradiology,Bae J.H.,10.3174/ajnr.A7738,2-s2.0-85146193514,SCOPUS_ID:85146193514,4,Article,
"Enhancing Annular Fissures and High-Intensity Zones: Pain, Internal Derangement, and Anesthetic Response at Provocation Lumbar Discography",2023,2023-01-01,American Journal of Neuroradiology,Bartynski W.S.,10.3174/ajnr.A7749,2-s2.0-85146193327,SCOPUS_ID:85146193327,6,Article,
The No Surprises Act: What Neuroradiologists Should Know,2023,2023-01-01,American Journal of Neuroradiology,Nguyen T.H.,10.3174/ajnr.A7739,2-s2.0-85146193323,SCOPUS_ID:85146193323,2,Editorial,
"Spinal Cord Sarcoidosis Occurring at Sites of Spondylotic Stenosis, Mimicking Spondylotic Myelopathy: A Case Series and Review of the Literature",2023,2023-01-01,American Journal of Neuroradiology,Kurtz R.M.,10.3174/ajnr.A7724,2-s2.0-85146193398,SCOPUS_ID:85146193398,6,Review,
"Response to ""FlowDiversion in the Treatment of Intracranial Aneurysms: A Pragmatic Randomized Care Trial""",2023,2023-01-01,American Journal of Neuroradiology,de Winkel J.,10.3174/ajnr.A7718,2-s2.0-85146192989,SCOPUS_ID:85146192989,1,Letter,
Topological Structural Brain Connectivity Alterations in Aspartylglucosaminuria: A Case-Control Study,2023,2023-01-01,American Journal of Neuroradiology,Roine U.,10.3174/ajnr.A7745,2-s2.0-85146193101,SCOPUS_ID:85146193101,0,Article,
Dilated Optic Nerve Sheath in Mucopolysaccharidosis I: Common and Not Necessarily High Intracranial Pressure,2023,2023-01-01,American Journal of Neuroradiology,Huang S.,10.3174/ajnr.A7755,2-s2.0-85146193496,SCOPUS_ID:85146193496,5,Article,
Erratum: MRI-based deep-learning method for determining glioma MGMT promoter methylation status (JNR Am J Neuroradiol (2021) 42 (845–852) DOI: 10.3174/ajnr.A7029),2023,2023-01-01,American Journal of Neuroradiology,Yogananda C.G.,10.3174/ajnr.A7715,2-s2.0-85146493949,SCOPUS_ID:85146493949,1,Erratum,
CT of the Larynx: Is an Additional High-Resolution Acquisition Necessary for Diagnostic Accuracy?,2023,2023-01-01,American Journal of Neuroradiology,Chau E.,10.3174/ajnr.A8048,2-s2.0-85179827551,SCOPUS_ID:85179827551,2,Article,
Artificial Intelligence-Assisted Evaluation of the Spatial Relationship between Brain Arteriovenous Malformations and the Corticospinal Tract to Predict Postsurgical Motor Defects,2023,2023-01-01,American Journal of Neuroradiology,Jiao Y.,10.3174/ajnr.A7735,2-s2.0-85146193427,SCOPUS_ID:85146193427,7,Article,
"Retrospective Analysis of the Association of a Small Vestibular Aqueduct with Cochleovestibular Symptoms in a Large, Single-Center Cohort Undergoing CT",2023,2023-01-01,American Journal of Neuroradiology,Bouhadjer K.,10.3174/ajnr.A7734,2-s2.0-85146193679,SCOPUS_ID:85146193679,1,Article,
The Dominant Anterior Thoracic Artery of the Spinal Cord,2023,2023-01-01,American Journal of Neuroradiology,Small J.E.,10.3174/ajnr.A7737,2-s2.0-85146193695,SCOPUS_ID:85146193695,4,Article,
Diagnostic Performance of Decubitus Photon-Counting Detector CT Myelography for the Detection of CSF-Venous Fistulas,2023,2023-01-01,American Journal of Neuroradiology,Madhavan A.A.,10.3174/ajnr.A8040,2-s2.0-85179812467,SCOPUS_ID:85179812467,36,Article,
REPLY,2023,2023-01-01,American Journal of Neuroradiology,Cogswell P.M.,10.3174/ajnr.A7731,2-s2.0-85146193000,SCOPUS_ID:85146193000,0,Letter,
"Regarding ""Emergency Department Visits for Chronic Subdural Hematomas within 30 Days after Surgical Evacuation with and without Middle Meningeal Artery Embolization""",2023,2023-01-01,American Journal of Neuroradiology,Wang L.,10.3174/ajnr.A7654,2-s2.0-85146193274,SCOPUS_ID:85146193274,0,Letter,
WEB Treatment of Ruptured Intracranial Aneurysms: Long- Term Follow-up of a Single-Center Cohort of 100 Patients,2023,2023-01-01,American Journal of Neuroradiology,Kortman H.,10.3174/ajnr.A7748,2-s2.0-85146193483,SCOPUS_ID:85146193483,11,Article,
Development of Gestational Age-Based Fetal Brain and Intracranial Volume Reference Norms Using Deep Learning,2023,2023-01-01,American Journal of Neuroradiology,Tran C.B.N.,10.3174/ajnr.A7747,2-s2.0-85146193374,SCOPUS_ID:85146193374,11,Article,
"Subtle Malformation of the Cochlear Apex and Genetic Abnormalities: Beyond the ""Thorny"" Cochlea",2023,2023-01-01,American Journal of Neuroradiology,D'Arco F.,10.3174/ajnr.A7746,2-s2.0-85146192956,SCOPUS_ID:85146192956,1,Article,
Automated Determination of the H3 K27-Altered Status in Spinal Cord Diffuse Midline Glioma by Radiomics Based on T2-Weighted MR Images,2023,2023-01-01,American Journal of Neuroradiology,Li J.,10.3174/ajnr.A8056,2-s2.0-85179640625,SCOPUS_ID:85179640625,2,Article,
Association between Infarct Location and Hemorrhagic Transformation of Acute Ischemic Stroke following Successful Recanalization after Mechanical Thrombectomy,2023,2023-01-01,American Journal of Neuroradiology,Ni H.,10.3174/ajnr.A7742,2-s2.0-85146193566,SCOPUS_ID:85146193566,28,Article,
Accuracy of Noncontrast T2 SPACE in Active MS Cord Lesion Detection,2023,2023-01-01,American Journal of Neuroradiology,Sayah A.,10.3174/ajnr.A8060,2-s2.0-85179805744,SCOPUS_ID:85179805744,1,Article,
REPLY,2023,2023-01-01,American Journal of Neuroradiology,Scherschinski L.,10.3174/ajnr.A7754,2-s2.0-85146193495,SCOPUS_ID:85146193495,0,Letter,
Dynamic Contrast-Enhanced MRI Parameters and Normalized ADC Values Could Aid Differentiation of Skull Base Osteomyelitis from Nasopharyngeal Cancer,2023,2023-01-01,American Journal of Neuroradiology,Baba A.,10.3174/ajnr.A7740,2-s2.0-85146193430,SCOPUS_ID:85146193430,16,Article,
“Best of” ASNR 2023 (Chicago) and “Sneak Peek” of ASNR 2024 (Las Vegas),2023,2023-01-01,American Journal of Neuroradiology,Bunch P.M.,10.3174/ajnr.A8061,2-s2.0-85179828761,SCOPUS_ID:85179828761,0,Conference Paper,
FLAIR Vascular Hyperintensities as a Surrogate of Collaterals in Acute Stroke: DWI Matters,2023,2023-01-01,American Journal of Neuroradiology,Legrand L.,10.3174/ajnr.A7733,2-s2.0-85146193266,SCOPUS_ID:85146193266,11,Article,
Automated Determination of the H3 K27-Altered Status in Spinal Cord Diffuse Midline Glioma by Radiomics Based on T2-Weighted MR Images,2023,2023-01-01,American Journal of Neuroradiology,Li J.,10.3174/ajnr.A8056,2-s2.0-85179640625,SCOPUS_ID:85179640625,2,Article,
Association between Infarct Location and Hemorrhagic Transformation of Acute Ischemic Stroke following Successful Recanalization after Mechanical Thrombectomy,2023,2023-01-01,American Journal of Neuroradiology,Ni H.,10.3174/ajnr.A7742,2-s2.0-85146193566,SCOPUS_ID:85146193566,28,Article,
Automatic Quantification of Normal Brain Gyrification Patterns and Changes in Fetuses with Polymicrogyria and Lissencephaly Based on MRI,2023,2023-01-01,American Journal of Neuroradiology,Yehuda B.,10.3174/ajnr.A8046,2-s2.0-85179780143,SCOPUS_ID:85179780143,12,Article,
The Monro-Kellie Doctrine: A Review and Call for Revision,2023,2023-01-01,American Journal of Neuroradiology,Benson J.C.,10.3174/ajnr.A7721,2-s2.0-85146193155,SCOPUS_ID:85146193155,65,Review,
Deep Learning–Based Synthetic TOF-MRA Generation Using Time-Resolved MRA in Fast Stroke Imaging,2023,2023-01-01,American Journal of Neuroradiology,You S.H.,10.3174/ajnr.A8063,2-s2.0-85179809471,SCOPUS_ID:85179809471,6,Article,
Viz.ai Implementation of Stroke Augmented Intelligence and Communications Platform to Improve Indicators and Outcomes for a Comprehensive Stroke Center and Network,2023,2023-01-01,American Journal of Neuroradiology,Figurelle M.E.,10.3174/ajnr.A7716,2-s2.0-85146192969,SCOPUS_ID:85146192969,32,Article,
An Artificial Intelligence Tool for Clinical Decision Support and Protocol Selection for Brain MRI,2023,2023-01-01,American Journal of Neuroradiology,Wong K.A.,10.3174/ajnr.A7736,2-s2.0-85146193201,SCOPUS_ID:85146193201,12,Article,
Diagnostic Value of Multiparameter MRI-Based Radiomics in Pediatric Myelin Oligodendrocyte Glycoprotein Antibody Associated Disorders,2023,2023-01-01,American Journal of Neuroradiology,Ting L.,10.3174/ajnr.A8045,2-s2.0-85179779735,SCOPUS_ID:85179779735,2,Article,
MRI Monitoring of Anti-Alzheimer Therapy Amyloid-Related Imaging Abnormalities: Due Diligence or Overkill?,2023,2023-01-01,American Journal of Neuroradiology,Høilund-Carlsen P.F.,10.3174/ajnr.A7702,2-s2.0-85146193057,SCOPUS_ID:85146193057,1,Letter,
Association between Dural AVFs and Cerebral Venous Thrombosis,2022,2022-12-01,American Journal of Neuroradiology,Kuiper L.,10.3174/ajnr.A7652,2-s2.0-85144635679,SCOPUS_ID:85144635679,16,Article,
ACR White Paper on Magnetoencephalography and Magnetic Source Imaging: A Report from the ACR Commission on Neuroradiology,2022,2022-12-01,American Journal of Neuroradiology,Maldjian J.A.,10.3174/ajnr.A7714,2-s2.0-85144636762,SCOPUS_ID:85144636762,2,Article,
Effects of Arterial Stiffness on CerebralWM Integrity in Older Adults: A Neurite Orientation Dispersion and Density Imaging and Magnetization Transfer Saturation Imaging Study,2022,2022-12-01,American Journal of Neuroradiology,Kikuta J.,10.3174/ajnr.A7709,2-s2.0-85144635478,SCOPUS_ID:85144635478,3,Article,
MRI Detection of Carotid Intraplaque Hemorrhage and Postintervention Cognition,2022,2022-12-01,American Journal of Neuroradiology,Culleton S.,10.3174/ajnr.A7701,2-s2.0-85144637223,SCOPUS_ID:85144637223,2,Article,
Quantitative MRI in Multiple Sclerosis: From Theory to Application,2022,2022-12-01,American Journal of Neuroradiology,Tranfa M.,10.3174/ajnr.A7536,2-s2.0-85144635712,SCOPUS_ID:85144635712,16,Review,
"Regarding ""Altered Blood Flow in the Ophthalmic and Internal Carotid Arteries in Patients with Age-Related Macular Degeneration Measured Using Noncontrast MR Angiography at 7T""",2022,2022-12-01,American Journal of Neuroradiology,Ribarich N.,10.3174/ajnr.A7479,2-s2.0-85144637039,SCOPUS_ID:85144637039,0,Letter,
Survey of the American Society of Neuroradiology Membership on the Use and Value of Extracranial Carotid Vessel Wall MRI,2022,2022-12-01,American Journal of Neuroradiology,Mossa-Basha M.,10.3174/ajnr.A7720,2-s2.0-85144637170,SCOPUS_ID:85144637170,4,Article,
Material-Specific Roadmap Modes Can Improve the Visibility of Liquid Embolic Agents for Endovascular Embolization: A Systematic In Vitro Study,2022,2022-12-01,American Journal of Neuroradiology,Schmitt N.,10.3174/ajnr.A7706,2-s2.0-85144638398,SCOPUS_ID:85144638398,1,Article,
Different Features of a Metabolic Connectivity Map and the Granger Causality Method in Revealing Directed Dopamine Pathways: A Study Based on Integrated PET/MR Imaging,2022,2022-12-01,American Journal of Neuroradiology,Wang L.,10.3174/ajnr.A7707,2-s2.0-85144638592,SCOPUS_ID:85144638592,3,Article,
Automated Detection of Cerebral Aneurysms on TOF-MRA Using a Deep Learning Approach: An External Validation Study,2022,2022-12-01,American Journal of Neuroradiology,Lehnen N.C.,10.3174/ajnr.A7695,2-s2.0-85144637139,SCOPUS_ID:85144637139,17,Article,
Imaging Findings in Children Presenting with CNS Nelarabine Toxicity,2022,2022-12-01,American Journal of Neuroradiology,Serrallach B.L.,10.3174/ajnr.A7692,2-s2.0-85144635649,SCOPUS_ID:85144635649,1,Article,
Mechanical Thrombectomy for the Treatment of Anterior Cerebral Artery Occlusion: A Systematic Review of the Literature,2022,2022-12-01,American Journal of Neuroradiology,Dabhi N.,10.3174/ajnr.A7690,2-s2.0-85144636188,SCOPUS_ID:85144636188,10,Review,
A Gamified Social Media-Based Head andNeck Radiology Education Initiative of the American Society of Head and Neck Radiology: Viewership and Engagement Trends at 3 Years,2022,2022-12-01,American Journal of Neuroradiology,Koontz N.A.,10.3174/ajnr.A7711,2-s2.0-85144637493,SCOPUS_ID:85144637493,6,Article,
Predictors of Endovascular Treatment Procedural Complications in Acute Ischemic Stroke: A Single-Center Cohort Study,2022,2022-12-01,American Journal of Neuroradiology,Maslias E.,10.3174/ajnr.A7705,2-s2.0-85144637018,SCOPUS_ID:85144637018,3,Article,
Intracranial Vessel Segmentation in 3D High-Resolution T1 Black-Blood MRI,2022,2022-12-01,American Journal of Neuroradiology,Elsheikh S.,10.3174/ajnr.A7700,2-s2.0-85144636684,SCOPUS_ID:85144636684,4,Article,
Thrombectomy Using the EmboTrap Clot-Retrieving Device for the Treatment of Acute Ischemic Stroke: A Glimpse of Clinical Evidence,2022,2022-12-01,American Journal of Neuroradiology,Bai X.,10.3174/ajnr.A7708,2-s2.0-85144638525,SCOPUS_ID:85144638525,4,Article,
Fair Performance of CT in Diagnosing Unilateral Vocal Fold Paralysis,2022,2022-12-01,American Journal of Neuroradiology,Deng F.,10.3174/ajnr.A7593,2-s2.0-85144637231,SCOPUS_ID:85144637231,0,Letter,
Accelerated Nonenhanced 3D T1-MPRAGE Using Wave- Controlled Aliasing in Parallel Imaging for Infant Brain Imaging,2022,2022-12-01,American Journal of Neuroradiology,Yun S.Y.,10.3174/ajnr.A7680,2-s2.0-85144638497,SCOPUS_ID:85144638497,0,Article,
How Are We Handling Fluoroscopy-Guided Lumbar Puncture Requests? A Nationwide Survey of Practice Trends,2022,2022-12-01,American Journal of Neuroradiology,Richards T.J.,10.3174/ajnr.A7684,2-s2.0-85144637773,SCOPUS_ID:85144637773,1,Article,
Sacral CSF-Venous Fistulas and Potential Imaging Techniques,2022,2022-12-01,American Journal of Neuroradiology,Mark I.T.,10.3174/ajnr.A7699,2-s2.0-85144635630,SCOPUS_ID:85144635630,16,Article,
Synthetic MR Imaging-BasedWM Signal Suppression Identifies Neonatal Brainstem Pathways in Vivo,2022,2022-12-01,American Journal of Neuroradiology,Schmidbauer V.U.,10.3174/ajnr.A7710,2-s2.0-85144637927,SCOPUS_ID:85144637927,3,Article,
REPLY,2022,2022-12-01,American Journal of Neuroradiology,Hibert M.L.,10.3174/ajnr.A7717,2-s2.0-85144638502,SCOPUS_ID:85144638502,0,Letter,
Malignant Melanotic Nerve Sheath Tumor,2022,2022-12-01,American Journal of Neuroradiology,Benson J.C.,10.3174/ajnr.A7691,2-s2.0-85144637721,SCOPUS_ID:85144637721,11,Article,
Expanding the Spectrum of Early Neuroradiologic Findings in b Propeller Protein-Associated Neurodegeneration,2022,2022-12-01,American Journal of Neuroradiology,Papandreou A.,10.3174/ajnr.A7693,2-s2.0-85144637395,SCOPUS_ID:85144637395,7,Article,
High-Resolution T2-Weighted Imaging for Surveillance in Postoperative Vestibular Schwannoma: Equivalence with Contrast-Enhanced T1WI for Measurement and Surveillance of Residual Tumor,2022,2022-12-01,American Journal of Neuroradiology,Strauss S.B.,10.3174/ajnr.A7685,2-s2.0-85144637606,SCOPUS_ID:85144637606,3,Article,
Effects of COVID-19 on theHuman CentralOlfactory System: A Natural Pre-Post Experiment,2022,2022-12-01,American Journal of Neuroradiology,Thunell E.,10.3174/ajnr.A7713,2-s2.0-85144636591,SCOPUS_ID:85144636591,7,Article,
"A Brief History of Neuroradiology and the 60th Anniversary of the ASNR: ""Through the Decades with ASNR""",2022,2022-12-01,American Journal of Neuroradiology,Lev M.H.,10.3174/ajnr.A7712,2-s2.0-85144636517,SCOPUS_ID:85144636517,2,Article,
Improved Blood Suppression of Motion-Sensitized Driven Equilibrium in High-Resolution Whole-Brain VesselWall Imaging: Comparison of Contrast-Enhanced 3D T1-Weighted FSE with Motion-Sensitized Driven Equilibrium and Delay Alternating with Nutation for Tailored Excitation,2022,2022-12-01,American Journal of Neuroradiology,Kim D.J.,10.3174/ajnr.A7678,2-s2.0-85144637188,SCOPUS_ID:85144637188,8,Article,
REPLY:,2022,2022-11-01,American Journal of Neuroradiology,Rajendran K.,10.3174/ajnr.A7676,2-s2.0-85141891549,SCOPUS_ID:85141891549,1,Letter,
MR Imaging Findings of Carcinoma Ex Pleomorphic Adenoma Related to Extracapsular Invasion and Prognosis,2022,2022-11-01,American Journal of Neuroradiology,Akutsu A.,10.3174/ajnr.A7656,2-s2.0-85141893204,SCOPUS_ID:85141893204,7,Article,
"Cluster Analysis of DSC MRI, Dynamic Contrast-Enhanced MRI, and DWI Parameters Associated with Prognosis in Patients with Glioblastoma after Removal of the Contrast- Enhancing Component: A Preliminary Study",2022,2022-11-01,American Journal of Neuroradiology,Chung H.,10.3174/ajnr.A7655,2-s2.0-85141891352,SCOPUS_ID:85141891352,3,Article,
Accelerated Synthetic MRI with Deep Learning-Based Reconstruction for Pediatric Neuroimaging,2022,2022-11-01,American Journal of Neuroradiology,Kim E.,10.3174/ajnr.A7664,2-s2.0-85141892931,SCOPUS_ID:85141892931,35,Article,
Quantitative Intracerebral Iodine Extravasation in Risk Stratification for Intracranial Hemorrhage in Patients with Acute Ischemic Stroke,2022,2022-11-01,American Journal of Neuroradiology,Ma C.,10.3174/ajnr.A7671,2-s2.0-85141891847,SCOPUS_ID:85141891847,14,Article,
Erratum: MRI-based deep-learning method for determining glioma MGMT promoter methylation status (American Journal of Neuroradiology (2021) 42 (845-852) DOI: 10.3174/AJNR.A7029),2022,2022-11-01,American Journal of Neuroradiology,,10.3174/ajnr.A7029_ERR,2-s2.0-85141525555,SCOPUS_ID:85141525555,0,Erratum,
SWI by 7T MR Imaging for the Microscopic Imaging Diagnosis of Astrocytic and Oligodendroglial Tumors,2022,2022-11-01,American Journal of Neuroradiology,Natsumeda M.,10.3174/ajnr.A7666,2-s2.0-85141892107,SCOPUS_ID:85141892107,9,Article,
Correlation of Collateral Scores Derived from Whole-Brain Time-Resolved Flat Panel Detector Imaging in Acute Ischemic Stroke,2022,2022-11-01,American Journal of Neuroradiology,Kurmann C.C.,10.3174/ajnr.A7657,2-s2.0-85141892532,SCOPUS_ID:85141892532,9,Article,
Diffuse Large B-Cell Epstein-Barr Virus-Positive Primary CNS Lymphoma in Non-AIDS Patients: High Diagnostic Accuracy of DSC Perfusion Metrics,2022,2022-11-01,American Journal of Neuroradiology,Pons-Escoda A.,10.3174/ajnr.A7668,2-s2.0-85141893363,SCOPUS_ID:85141893363,16,Article,
Effective Dose Measurements of the Latest-Generation Angiographic System in Patients with Acute Stroke: A Comparison with the Newest Multidetector CT Generation,2022,2022-11-01,American Journal of Neuroradiology,Brehm A.,10.3174/ajnr.A7658,2-s2.0-85141892167,SCOPUS_ID:85141892167,2,Article,
Delayed CTP-Derived Deep Venous Outflow: A Novel Predictor of Striatocapsular Infarction after M1 Thrombectomy,2022,2022-11-01,American Journal of Neuroradiology,Peretz S.,10.3174/ajnr.A7670,2-s2.0-85141891051,SCOPUS_ID:85141891051,10,Article,
Correlation of Collateral Scores Derived from Whole-Brain Time-Resolved Flat Panel Detector Imaging in Acute Ischemic Stroke,2022,2022-11-01,American Journal of Neuroradiology,Kurmann C.C.,10.3174/ajnr.A7657,2-s2.0-85141892532,SCOPUS_ID:85141892532,9,Article,
Peer Learning Program Metrics: A Pediatric Neuroradiology Example,2022,2022-11-01,American Journal of Neuroradiology,Kadom N.,10.3174/ajnr.A7673,2-s2.0-85141892564,SCOPUS_ID:85141892564,6,Article,
Schizencephaly in Hereditary Hemorrhagic Telangiectasia,2022,2022-11-01,American Journal of Neuroradiology,Gaines J.J.,10.3174/ajnr.A7677,2-s2.0-85141891690,SCOPUS_ID:85141891690,1,Article,
Learning Curve for Flow Diversion of Posterior Circulation Aneurysms: A Long-Term International Multicenter Cohort Study,2022,2022-11-01,American Journal of Neuroradiology,Adeeb N.,10.3174/ajnr.A7679,2-s2.0-85141892869,SCOPUS_ID:85141892869,15,Article,
The Value of Preoperative Phase-Contrast MRI in Predicting the Clinical Outcome of Moyamoya Disease after Encephalo- Duro-Arterial Synangiosis Surgery,2022,2022-11-01,American Journal of Neuroradiology,Liu S.,10.3174/ajnr.A7667,2-s2.0-85141891816,SCOPUS_ID:85141891816,2,Article,
Volumetric Brain MRI Study in Fetuses with Intrauterine Growth Restriction Using a Semiautomated Method,2022,2022-11-01,American Journal of Neuroradiology,Peretz R.,10.3174/ajnr.A7665,2-s2.0-85141892112,SCOPUS_ID:85141892112,11,Article,
Neuroimaging in Pediatric Patients with Juvenile Xanthogranuloma of the CNS,2022,2022-11-01,American Journal of Neuroradiology,Serrallach B.L.,10.3174/ajnr.A7683,2-s2.0-85141893548,SCOPUS_ID:85141893548,3,Article,
The Cochlea in Branchio-Oto-Renal Syndrome: An Objective Method for the Diagnosis of Offset Cochlear Turns,2022,2022-11-01,American Journal of Neuroradiology,Juliano A.F.,10.3174/ajnr.A7653,2-s2.0-85141891122,SCOPUS_ID:85141891122,3,Article,
Radiologic Evaluation Criteria for Chronic Subdural Hematomas: Recommendations for Clinical Trials,2022,2022-11-01,American Journal of Neuroradiology,Mcdonough R.,10.3174/ajnr.A7503,2-s2.0-85141892974,SCOPUS_ID:85141892974,10,Review,
Successful Reperfusion is Associated with Favorable Functional Outcome despite Vessel Perforation during Thrombectomy: A Case Series and Systematic Review,2022,2022-11-01,American Journal of Neuroradiology,Ducroux C.,10.3174/ajnr.A7650,2-s2.0-85141891271,SCOPUS_ID:85141891271,7,Review,
Diagnostic Performance of Whole-Body Ultra-Low-Dose CT for Detection of Mechanical Ventriculoperitoneal Shunt Complications: A Retrospective Analysis,2022,2022-11-01,American Journal of Neuroradiology,Afat S.,10.3174/ajnr.A7672,2-s2.0-85141893271,SCOPUS_ID:85141893271,8,Article,
Recalling the Usefulness of Conebeam CT in Temporal Bone Imaging: Higher Resolution with Lower Radiation Dose,2022,2022-11-01,American Journal of Neuroradiology,Quintas-Neves M.,10.3174/ajnr.A7564,2-s2.0-85141892527,SCOPUS_ID:85141892527,4,Letter,
Exploratory Study of the Brain Response in Facial Synkinesis after Bell Palsy with Systematic Review and Meta-analysis of the Literature,2022,2022-10-01,American Journal of Neuroradiology,Krane N.A.,10.3174/ajnr.A7619,2-s2.0-85142912414,SCOPUS_ID:85142912414,4,Review,
Sagittal Angle of the Trigeminal Nerve at the Porus Trigeminus: A Novel Measurement to Distinguish Different Causes of Classic Trigeminal Neuralgia,2022,2022-10-01,American Journal of Neuroradiology,Branstetter B.F.,10.3174/ajnr.A7634,2-s2.0-85142874066,SCOPUS_ID:85142874066,8,Article,
Neck Imaging Reporting and Data System: More Than Just a Template,2022,2022-10-01,American Journal of Neuroradiology,Rhyner P.A.,10.3174/ajnr.A7627,2-s2.0-85142870264,SCOPUS_ID:85142870264,2,Article,
Surgical or Endovascular Treatment of MCA Aneurysms: An Agreement Study,2022,2022-10-01,American Journal of Neuroradiology,Boisseau W.,10.3174/ajnr.A7648,2-s2.0-85143213079,SCOPUS_ID:85143213079,9,Article,
MR Imaging and Clinical Characteristics of Diffuse Glioneuronal Tumor with Oligodendroglioma-like Features and Nuclear Clusters,2022,2022-10-01,American Journal of Neuroradiology,Benesch M.,10.3174/ajnr.A7647,2-s2.0-85143230874,SCOPUS_ID:85143230874,11,Article,
"Arterial Spin-Labeling Parameters and Their Associations with Risk Factors, Cerebral Small-Vessel Disease, and Etiologic Subtypes of Cognitive Impairment and Dementia",2022,2022-10-01,American Journal of Neuroradiology,Gyanwali B.,10.3174/ajnr.A7630,2-s2.0-85143217186,SCOPUS_ID:85143217186,18,Article,
Testing an Adapted Auditory Verbal Learning Test Paradigm for fMRI to Lateralize Verbal Memory in Patients with Epilepsy,2022,2022-10-01,American Journal of Neuroradiology,Conde-Blanco E.,10.3174/ajnr.A7622,2-s2.0-85142885611,SCOPUS_ID:85142885611,6,Article,
Intracranial Hemorrhage in Term and Late-Preterm Neonates: An Institutional Perspective,2022,2022-10-01,American Journal of Neuroradiology,Karamian A.G.S.,10.3174/ajnr.A7642,2-s2.0-85142910997,SCOPUS_ID:85142910997,15,Article,
"Cellular Density in Adult Glioma, Estimated with MR Imaging Data and a Machine Learning Algorithm, Has Prognostic Power ApproachingWorld Health Organization Histologic Grading in a Cohort of 1181 Patients",2022,2022-10-01,American Journal of Neuroradiology,Gates E.D.H.,10.3174/ajnr.A7620,2-s2.0-85143217265,SCOPUS_ID:85143217265,0,Article,
Does Gadolinium Deposition Lead to Metabolite Alteration in the Dentate Nucleus? An MRS Study in Patients with MS,2022,2022-10-01,American Journal of Neuroradiology,Mohammadzadeh M.,10.3174/ajnr.A7623,2-s2.0-85143229969,SCOPUS_ID:85143229969,1,Article,
Utility of Dual-Energy CT to Improve Diagnosis of CSF Leaks on CT Myelography following Lateral Decubitus Digital Subtraction Myelography with Negative Findings,2022,2022-10-01,American Journal of Neuroradiology,Huls S.J.,10.3174/ajnr.A7628,2-s2.0-85142865128,SCOPUS_ID:85142865128,2,Article,
Evaluation of 2 Novel Ratio-Based Metrics for Lumbar Spinal Stenosis,2022,2022-10-01,American Journal of Neuroradiology,Bharadwaj U.U.,10.3174/ajnr.A7638,2-s2.0-85142886827,SCOPUS_ID:85142886827,5,Article,
Association between Early Ischemic Changes and Collaterals in Acute Stroke: A Retrospective Study,2022,2022-10-01,American Journal of Neuroradiology,Laflamme M.,10.3174/ajnr.A7632,2-s2.0-85142898363,SCOPUS_ID:85142898363,7,Article,
Evaluation of 2 Novel Ratio-Based Metrics for Lumbar Spinal Stenosis,2022,2022-10-01,American Journal of Neuroradiology,Bharadwaj U.U.,10.3174/ajnr.A7638,2-s2.0-85142886827,SCOPUS_ID:85142886827,5,Article,
Imaging Characteristics of CNS Neuroblastoma-FOXR2: A Retrospective and Multi-Institutional Description of 25 Cases,2022,2022-10-01,American Journal of Neuroradiology,Tietze A.,10.3174/ajnr.A7644,2-s2.0-85141945610,SCOPUS_ID:85141945610,23,Article,
"Fine, Vascular Network Formation in Patients with Vein of Galen Aneurysmal Malformation",2022,2022-10-01,American Journal of Neuroradiology,Shigematsu T.,10.3174/ajnr.A7649,2-s2.0-85143116876,SCOPUS_ID:85143116876,5,Article,
Refining the Neuroimaging Definition of the Dandy-Walker Phenotype,2022,2022-10-01,American Journal of Neuroradiology,Whitehead M.T.,10.3174/ajnr.A7659,2-s2.0-85143222544,SCOPUS_ID:85143222544,38,Article,
Arterial Spin-Labeling Perfusion Metrics in Pediatric Posterior Fossa Tumor Surgery,2022,2022-10-01,American Journal of Neuroradiology,Toescu S.M.,10.3174/ajnr.A7637,2-s2.0-85142866076,SCOPUS_ID:85142866076,4,Article,
Association between Early Ischemic Changes and Collaterals in Acute Stroke: A Retrospective Study,2022,2022-10-01,American Journal of Neuroradiology,Laflamme M.,10.3174/ajnr.A7632,2-s2.0-85142898363,SCOPUS_ID:85142898363,7,Article,
Arterial Spin-Labeling Perfusion Imaging in the Early Stage of Sturge-Weber Syndrome,2022,2022-10-01,American Journal of Neuroradiology,Pouliquen G.,10.3174/ajnr.A7643,2-s2.0-85142910339,SCOPUS_ID:85142910339,4,Article,
Correlation between Histopathology and Signal Loss on Spin-Echo T2-Weighted MR Images of the Inner Ear: Distinguishing Artifacts from Anatomy,2022,2022-10-01,American Journal of Neuroradiology,Ward B.K.,10.3174/ajnr.A7625,2-s2.0-85142882914,SCOPUS_ID:85142882914,6,Article,
Erratum: Introduction of ultra-high-field MR imaging in infants: Preparations and feasibility (American Journal of Neuroradiology (2020) 41 (1532-1537) DOI: 10.3174/ajnr.A6702),2022,2022-10-01,American Journal of Neuroradiology,,10.3174/ajnr.A7660,2-s2.0-85143127675,SCOPUS_ID:85143127675,0,Erratum,
"Involvement of the Thalamus, Hippocampus, and Brainstem in Hypsarrhythmia of West Syndrome: Simultaneous Recordings of Electroencephalography and fMRI Study",2022,2022-10-01,American Journal of Neuroradiology,Maki Y.,10.3174/ajnr.A7646,2-s2.0-85143220055,SCOPUS_ID:85143220055,13,Article,
Call to Action: Women in Neuroradiology’s Group (WINNERS) —Is There a Need?,2022,2022-10-01,American Journal of Neuroradiology,Singhal A.,10.3174/ajnr.A7626,2-s2.0-85142915245,SCOPUS_ID:85142915245,1,Review,
Adaptive Language Mapping Paradigms for Presurgical Language Mapping,2022,2022-10-01,American Journal of Neuroradiology,Diachek E.,10.3174/ajnr.A7629,2-s2.0-85141668785,SCOPUS_ID:85141668785,9,Article,
Resisted Inspiration: A New Technique to Aid in the Detection of CSF-Venous Fistulas,2022,2022-10-01,American Journal of Neuroradiology,Mark I.T.,10.3174/ajnr.A7636,2-s2.0-85142877283,SCOPUS_ID:85142877283,27,Article,
Application of 7T MRS to High-Grade Gliomas,2022,2022-10-01,American Journal of Neuroradiology,Mccarthy L.,10.3174/ajnr.A7502,2-s2.0-85143227786,SCOPUS_ID:85143227786,12,Review,
"Clinical Validation and Extension of an Automated, Deep Learning–Based Algorithm for Quantitative Sinus CT Analysis",2022,2022-09-01,American Journal of Neuroradiology,Massey C.J.,10.3174/ajnr.A7616,2-s2.0-85142912132,SCOPUS_ID:85142912132,28,Article,
Flow Diversion in the Treatment of Intracranial Aneurysms: A Pragmatic Randomized Care Trial,2022,2022-09-01,American Journal of Neuroradiology,Raymond J.,10.3174/ajnr.A7597,2-s2.0-85143413438,SCOPUS_ID:85143413438,22,Article,
Normal Enhancement within the Vestibular Aqueduct: An Anatomic Review with High-Resolution MRI,2022,2022-09-01,American Journal of Neuroradiology,Liu G.,10.3174/ajnr.A7615,2-s2.0-85142880059,SCOPUS_ID:85142880059,4,Article,
Multimodality Imaging in Primary Progressive Aphasia,2022,2022-09-01,American Journal of Neuroradiology,Roytman M.,10.3174/ajnr.A7613,2-s2.0-85142902565,SCOPUS_ID:85142902565,16,Review,
Noninvasive Follow-up Imaging of Ruptured Pediatric Brain AVMs Using Arterial Spin-Labeling,2022,2022-09-01,American Journal of Neuroradiology,Hak J.F.,10.3174/ajnr.A7612,2-s2.0-85143827331,SCOPUS_ID:85143827331,3,Article,
"Differentiation of Skull Base Chondrosarcomas, Chordomas, and Metastases: Utility of DWI and Dynamic Contrast-Enhanced Perfusion MR Imaging",2022,2022-09-01,American Journal of Neuroradiology,Ota Y.,10.3174/ajnr.A7607,2-s2.0-85142863736,SCOPUS_ID:85142863736,12,Article,
Comparison of 30-Day Outcomes after Carotid Artery Stenting in Patients with Near-Occlusion and Severe Stenosis: A Propensity Score Matching Analysis,2022,2022-09-01,American Journal of Neuroradiology,Stěchovský C.,10.3174/ajnr.A7598,2-s2.0-85142870199,SCOPUS_ID:85142870199,4,Article,
Regarding “Brain Perfusion Alterations on 3D Pseudocontinuous Arterial Spin-Labeling MR Imaging in Patients with Autoimmune Encephalitis: A Case Series and Literature Review”,2022,2022-09-01,American Journal of Neuroradiology,Zhang X.,10.3174/ajnr.A7563,2-s2.0-85142906194,SCOPUS_ID:85142906194,0,Letter,
"Correlation of Call Burden and Sleep Deprivation with Physician Burnout, Driving Crashes, and Medical Errors among US Neurointerventionalists",2022,2022-09-01,American Journal of Neuroradiology,Abdalla R.N.,10.3174/ajnr.A7606,2-s2.0-85142913283,SCOPUS_ID:85142913283,19,Article,
REPLY:,2022,2022-09-01,American Journal of Neuroradiology,Li R.,10.3174/ajnr.A7621,2-s2.0-85142916557,SCOPUS_ID:85142916557,0,Letter,
3D Enhancement Color Maps in the Characterization of Intracranial Atherosclerotic Plaques,2022,2022-09-01,American Journal of Neuroradiology,Sanchez S.,10.3174/ajnr.A7605,2-s2.0-85142874207,SCOPUS_ID:85142874207,12,Article,
Detection of Early Ischemic Changes with Virtual Noncontrast Dual-Energy CT in Acute Ischemic Stroke: A Noninferiority Analysis,2022,2022-09-01,American Journal of Neuroradiology,Kauw F.,10.3174/ajnr.A7600,2-s2.0-85143122353,SCOPUS_ID:85143122353,9,Article,
MR Imaging Characteristics and ADC Histogram Metrics for Differentiating Molecular Subgroups of Pediatric Low-Grade Gliomas,2022,2022-09-01,American Journal of Neuroradiology,Shrot S.,10.3174/ajnr.A7614,2-s2.0-85142869335,SCOPUS_ID:85142869335,9,Article,
Predictors and Impact of Sulcal SAH after Mechanical Thrombectomy in Patients with Isolated M2 Occlusion,2022,2022-09-01,American Journal of Neuroradiology,Kim D.Y.,10.3174/ajnr.A7594,2-s2.0-85143055353,SCOPUS_ID:85143055353,17,Article,
Duct-like Recess in the Infundibular Portion of Third Ventricle Craniopharyngiomas: An MRI Sign Identifying the Papillary Type,2022,2022-09-01,American Journal of Neuroradiology,Pascual J.M.,10.3174/ajnr.A7602,2-s2.0-85142901833,SCOPUS_ID:85142901833,9,Article,
"Endarterectomy, Stenting, or Medical Treatment for Symptomatic Carotid Near-Occlusion: Results from CAOS, a Multicenter Registry Study",2022,2022-09-01,American Journal of Neuroradiology,Garcia-Pastor A.,10.3174/ajnr.A7617,2-s2.0-85143225763,SCOPUS_ID:85143225763,16,Article,
Larger Posterior Revascularization Associated with Reduction of Choroidal Anastomosis in Moyamoya Disease: A Quantitative Angiographic Analysis,2022,2022-09-01,American Journal of Neuroradiology,Funaki T.,10.3174/ajnr.A7609,2-s2.0-85140073502,SCOPUS_ID:85140073502,12,Article,
Diagnostic Accuracy of MRI for Detection of Meningitis in Infants,2022,2022-09-01,American Journal of Neuroradiology,Kralik S.F.,10.3174/ajnr.A7610,2-s2.0-85142911634,SCOPUS_ID:85142911634,10,Article,
Diagnostic Errors in Cerebrovascular Pathology: Retrospective Analysis of a Neuroradiology Database at a Large Tertiary Academic Medical Center,2022,2022-09-01,American Journal of Neuroradiology,Biddle G.,10.3174/ajnr.A7596,2-s2.0-85142896352,SCOPUS_ID:85142896352,9,Article,
Effect of Normal Breathing on the Movement of CSF in the Spinal Subarachnoid Space,2022,2022-09-01,American Journal of Neuroradiology,Gutiérrez-Montes C.,10.3174/ajnr.A7603,2-s2.0-85142886477,SCOPUS_ID:85142886477,19,Article,
Amyloid-Related Imaging Abnormalities with Emerging Alzheimer Disease Therapeutics: Detection and Reporting Recommendations for Clinical Practice,2022,2022-09-01,American Journal of Neuroradiology,Cogswell P.M.,10.3174/ajnr.A7586,2-s2.0-85140044973,SCOPUS_ID:85140044973,116,Article,
Causes of Death in Endovascularly Treated Patients with Acute Stroke,2022,2022-09-01,American Journal of Neuroradiology,Nagel H.,10.3174/ajnr.A7599,2-s2.0-85142913442,SCOPUS_ID:85142913442,1,Article,
Optimizing the Definition of Ischemic Core in CT Perfusion: Influence of Infarct Growth and Tissue-Specific Thresholds,2022,2022-09-01,American Journal of Neuroradiology,Rodríguez-Vázquez A.,10.3174/ajnr.A7601,2-s2.0-85142863751,SCOPUS_ID:85142863751,10,Article,
Diffuse Basisphenoid Enhancement: Possible Differentiating Feature for Granulomatous Hypophysitis,2022,2022-09-01,American Journal of Neuroradiology,Mark I.T.,10.3174/ajnr.A7618,2-s2.0-85142887166,SCOPUS_ID:85142887166,6,Article,
Deep Learning for Synthetic CT from Bone MRI in the Head and Neck,2022,2022-08-01,American Journal of Neuroradiology,Bambach S.,10.3174/ajnr.A7588,2-s2.0-85136286461,SCOPUS_ID:85136286461,22,Article,
Effect of the Shelving Technique on the Outcome of Embolization in Intracranial Bifurcation Aneurysms,2022,2022-08-01,American Journal of Neuroradiology,Cay F.,10.3174/ajnr.A7583,2-s2.0-85136311729,SCOPUS_ID:85136311729,3,Article,
MR Imaging Detection of CNS Lesions in Tuberous Sclerosis Complex: The Usefulness of T1WI with Chemical Shift Selective Images,2022,2022-08-01,American Journal of Neuroradiology,Fujii H.,10.3174/ajnr.A7573,2-s2.0-85136305652,SCOPUS_ID:85136305652,7,Article,
Validation of a Denoising Method Using Deep Learning- Based Reconstruction to Quantify Multiple Sclerosis Lesion Load on Fast FLAIR Imaging,2022,2022-08-01,American Journal of Neuroradiology,Yamamoto T.,10.3174/ajnr.A7589,2-s2.0-85136247607,SCOPUS_ID:85136247607,12,Article,
DTI of the Olfactory Bulb in COVID-19-Related Anosmia: A Pilot Study,2022,2022-08-01,American Journal of Neuroradiology,Sherif F.,10.3174/ajnr.A7590,2-s2.0-85136311313,SCOPUS_ID:85136311313,11,Article,
Treatment of Proximal Posterior Inferior Cerebellar Artery Aneurysms by Intrasaccular Flow Disruption: A Multicenter Experience,2022,2022-08-01,American Journal of Neuroradiology,Goertz L.,10.3174/ajnr.A7566,2-s2.0-85136292502,SCOPUS_ID:85136292502,6,Article,
Emergency Department Visits for Chronic Subdural Hematomas within 30 Days after Surgical Evacuation with and without Middle Meningeal Artery Embolization,2022,2022-08-01,American Journal of Neuroradiology,Catapano J.S.,10.3174/ajnr.A7572,2-s2.0-85136315025,SCOPUS_ID:85136315025,17,Article,
Normalized Parameters of Dynamic Contrast-Enhanced PerfusionMRI and DWI-ADC for Differentiation between Posttreatment Changes and Recurrence in Head and Neck Cancer,2022,2022-08-01,American Journal of Neuroradiology,Baba A.,10.3174/ajnr.A7567,2-s2.0-85136260009,SCOPUS_ID:85136260009,21,Article,
Tumor Embolization through Meningohypophyseal and Inferolateral Trunks is Safe and Effective,2022,2022-08-01,American Journal of Neuroradiology,Raz E.,10.3174/ajnr.A7579,2-s2.0-85136258931,SCOPUS_ID:85136258931,10,Article,
Evaluation of the Prevalence of PunctateWhite Matter Lesions in a Healthy Volunteer Neonatal Population,2022,2022-08-01,American Journal of Neuroradiology,Kular S.,10.3174/ajnr.A7578,2-s2.0-85136257535,SCOPUS_ID:85136257535,1,Article,
Neuroimaging Findings in CHANTER Syndrome: A Case Series,2022,2022-08-01,American Journal of Neuroradiology,Mallikarjun K.S.,10.3174/ajnr.A7569,2-s2.0-85136277222,SCOPUS_ID:85136277222,15,Article,
High-Resolution MRI for Evaluation of the Possibility of Successful Recanalization in Symptomatic Chronic ICA Occlusion: A Retrospective Study,2022,2022-08-01,American Journal of Neuroradiology,Tang M.,10.3174/ajnr.A7576,2-s2.0-85136256828,SCOPUS_ID:85136256828,14,Article,
Imaging Features of Craniofacial Giant Cell Granulomas: A Large Retrospective Analysis from a Tertiary Care Center,2022,2022-08-01,American Journal of Neuroradiology,Chanda R.,10.3174/ajnr.A7568,2-s2.0-85136241256,SCOPUS_ID:85136241256,2,Article,
2018-2022 Radiology Residency and Neuroradiology Fellowship Match Data: Preferences and Success Rates of Applicants,2022,2022-08-01,American Journal of Neuroradiology,Rafiee F.,10.3174/ajnr.A7565,2-s2.0-85136258799,SCOPUS_ID:85136258799,2,Letter,
Normalized Parameters of Dynamic Contrast-Enhanced PerfusionMRI and DWI-ADC for Differentiation between Posttreatment Changes and Recurrence in Head and Neck Cancer,2022,2022-08-01,American Journal of Neuroradiology,Baba A.,10.3174/ajnr.A7567,2-s2.0-85136260009,SCOPUS_ID:85136260009,21,Article,
The Nosologic Term “Conversive” Disorder Should Be Abandoned,2022,2022-08-01,American Journal of Neuroradiology,Lizarazo D.A.,10.3174/ajnr.A7504,2-s2.0-85148863042,SCOPUS_ID:85148863042,0,Letter,
"MR Imaging of Pediatric Low-Grade Gliomas: Pretherapeutic Differentiation of BRAF V600E Mutation, BRAF Fusion, and Wild-Type Tumors in Patients without Neurofibromatosis-1",2022,2022-08-01,American Journal of Neuroradiology,Trasolini A.,10.3174/ajnr.A7574,2-s2.0-85136302340,SCOPUS_ID:85136302340,13,Article,
Unsupervised Deep Learning for Stroke Lesion Segmentation on Follow-up CT Based on Generative Adversarial Networks,2022,2022-08-01,American Journal of Neuroradiology,Van Voorst H.,10.3174/ajnr.A7582,2-s2.0-85136301527,SCOPUS_ID:85136301527,17,Article,
Characteristics of Radiation-Related Intracranial Aneurysms: A Multicenter Retrospective Study,2022,2022-08-01,American Journal of Neuroradiology,Huang Z.Q.,10.3174/ajnr.A7592,2-s2.0-85136258985,SCOPUS_ID:85136258985,5,Article,
REPLY,2022,2022-08-01,American Journal of Neuroradiology,Prodi E.,10.3174/ajnr.A7584,2-s2.0-85148900764,SCOPUS_ID:85148900764,0,Note,
Percutaneous Sacroplasty with or without Radiofrequency Ablation for Treatment of Painful Sacral Metastases,2022,2022-08-01,American Journal of Neuroradiology,Tian Q.H.,10.3174/ajnr.A7587,2-s2.0-85136279395,SCOPUS_ID:85136279395,9,Article,
Stable and Discriminatory Radiomic Features from the Tumor and Its Habitat Associated with Progression-Free Survival in Glioblastoma: A Multi-Institutional Study,2022,2022-08-01,American Journal of Neuroradiology,Verma R.,10.3174/ajnr.A7591,2-s2.0-85136313191,SCOPUS_ID:85136313191,22,Article,
The Construction of a Predictive Composite Index for Decision-Making of CSF Diversion Surgery in Pediatric Patients following Prenatal Myelomeningocele Repair,2022,2022-08-01,American Journal of Neuroradiology,Mangano F.T.,10.3174/ajnr.A7585,2-s2.0-85136241681,SCOPUS_ID:85136241681,3,Article,
Absence of the Anterior Communicating Artery on Selective MRA is Associated with New Ischemic Lesions on MRI after Carotid Revascularization,2022,2022-08-01,American Journal of Neuroradiology,Yamashita S.,10.3174/ajnr.A7570,2-s2.0-85136314960,SCOPUS_ID:85136314960,5,Article,
Intraosseous Venous Malformations of the Head and Neck,2022,2022-08-01,American Journal of Neuroradiology,Strauss S.B.,10.3174/ajnr.A7575,2-s2.0-85136291951,SCOPUS_ID:85136291951,19,Review,
Diffuse Calvarial Hyperostosis and Spontaneous Intracranial Hypotension: A Case-Control Study,2022,2022-07-01,American Journal of Neuroradiology,Babcock J.C.,10.3174/ajnr.A7557,2-s2.0-85134361086,SCOPUS_ID:85134361086,10,Article,
The Safety and Efficacy of Flow Diversion versus Conventional Endovascular Treatment for Intracranial Aneurysms: A Meta-analysis of Real-world Cohort Studies from the Past 10 Years,2022,2022-07-01,American Journal of Neuroradiology,Li S.,10.3174/ajnr.A7539,2-s2.0-85134360641,SCOPUS_ID:85134360641,23,Article,
Brain Injury in Fetuses with Vein of Galen Malformation and Nongalenic Arteriovenous Fistulas: Static Snapshot or a Portent of More?,2022,2022-07-01,American Journal of Neuroradiology,Jaimes C.,10.3174/ajnr.A7533,2-s2.0-85134361451,SCOPUS_ID:85134361451,15,Article,
"Arterioectatic Spinal Angiopathy of Childhood: Clinical, Imaging, Laboratory, Histologic, and Genetic Description of a Novel CNS Vascular Pathology",2022,2022-07-01,American Journal of Neuroradiology,Abruzzo T.,10.3174/ajnr.A7551,2-s2.0-85134361257,SCOPUS_ID:85134361257,3,Article,
"Flow Diversion for ICA Aneurysms with Compressive Neuro-Ophthalmologic Symptoms: Predictors of Morbidity, Mortality, and Incomplete Aneurysm Occlusion",2022,2022-07-01,American Journal of Neuroradiology,Kaiser D.P.O.,10.3174/ajnr.A7550,2-s2.0-85134361328,SCOPUS_ID:85134361328,6,Article,
Survey of the American Society of Neuroradiology Membership on the Use and Value of Intracranial Vessel Wall MRI,2022,2022-07-01,American Journal of Neuroradiology,Mossa-Basha M.,10.3174/ajnr.A7541,2-s2.0-85134360916,SCOPUS_ID:85134360916,27,Article,
Asymmetry Matters: Diffusion Tensor Tractography of the Uncinate Fasciculus in Children with Verbal Memory Deficits,2022,2022-07-01,American Journal of Neuroradiology,Mohammad S.A.,10.3174/ajnr.A7535,2-s2.0-85134361452,SCOPUS_ID:85134361452,2,Article,
The 2021 World Health Organization Classification of Tumors of the Central Nervous System: What Neuroradiologists Need to Know,2022,2022-07-01,American Journal of Neuroradiology,Osborn A.G.,10.3174/ajnr.A7462,2-s2.0-85134360937,SCOPUS_ID:85134360937,171,Review,
Alterations of Microstructure and Sodium Homeostasis in Fast Amyotrophic Lateral Sclerosis Progressors: A Brain DTI and Sodium MRI Study,2022,2022-07-01,American Journal of Neuroradiology,El Mendili M.M.,10.3174/ajnr.A7559,2-s2.0-85134361141,SCOPUS_ID:85134361141,11,Article,
Surgical Ligation of Spinal CSF-Venous Fistulas after Transvenous Embolization in Patients with Spontaneous Intracranial Hypotension,2022,2022-07-01,American Journal of Neuroradiology,Schievink W.I.,10.3174/ajnr.A7558,2-s2.0-85134360631,SCOPUS_ID:85134360631,16,Article,
Comparison of the Utility of High-Resolution CT-DWI and T2WI-DWI Fusion Images for the Localization of Cholesteatoma,2022,2022-07-01,American Journal of Neuroradiology,Fan X.,10.3174/ajnr.A7538,2-s2.0-85134360538,SCOPUS_ID:85134360538,7,Article,
Navigating Supply Chain Disruptions of Iodinated Contrast Agent for Neuroimaging and How Business Intelligence Can Help the Decision Process,2022,2022-07-01,American Journal of Neuroradiology,Bammer R.,10.3174/ajnr.A7544,2-s2.0-85132190780,SCOPUS_ID:85132190780,18,Article,
Imaging Findings and Clinical Analysis of Primary Intracranial Pure Yolk Sac Tumors in Children and Adolescents: A Retrospective Study from China,2022,2022-07-01,American Journal of Neuroradiology,Dai W.,10.3174/ajnr.A7556,2-s2.0-85133618943,SCOPUS_ID:85133618943,0,Article,
Comparison of the Utility of High-Resolution CT-DWI and T2WI-DWI Fusion Images for the Localization of Cholesteatoma,2022,2022-07-01,American Journal of Neuroradiology,Fan X.,10.3174/ajnr.A7538,2-s2.0-85134360538,SCOPUS_ID:85134360538,7,Article,
Brain Abnormalities in Patients with Germline Variants in H3F3: Novel Imaging Findings and Neurologic Symptoms Beyond Somatic Variants and Brain Tumors,2022,2022-07-01,American Journal of Neuroradiology,Alves C.A.P.F.,10.3174/ajnr.A7555,2-s2.0-85134360954,SCOPUS_ID:85134360954,4,Article,
Commentary on the Survey of the American Society of Neuroradiology Membership on the Use and Value of Intracranial Vessel Wall MRI,2022,2022-07-01,American Journal of Neuroradiology,Becker J.,10.3174/ajnr.A7547,2-s2.0-85134360477,SCOPUS_ID:85134360477,0,Note,
Do We Need Gadolinium-Based Contrast Agents for Routine MRI Surveillance of Unoperated Pituitary Macroadenoma?,2022,2022-07-01,American Journal of Neuroradiology,Alali A.A.,10.3174/ajnr.A7554,2-s2.0-85134360636,SCOPUS_ID:85134360636,9,Article,
Quantifying Brain Iron in Hereditary Hemochromatosis Using R2* and Susceptibility Mapping,2022,2022-07-01,American Journal of Neuroradiology,Sethi S.K.,10.3174/ajnr.A7560,2-s2.0-85133571365,SCOPUS_ID:85133571365,9,Article,
Quantitative Collateral Assessment on CTP in the Prediction of Stroke Etiology,2022,2022-07-01,American Journal of Neuroradiology,Shi F.,10.3174/ajnr.A7549,2-s2.0-85133625327,SCOPUS_ID:85133625327,8,Article,
PET/MRI in Pediatric Neuroimaging: Primer for Clinical Practice,2022,2022-07-01,American Journal of Neuroradiology,Pedersen C.,10.3174/ajnr.A7464,2-s2.0-85134361503,SCOPUS_ID:85134361503,19,Review,
Assessment of Heating on Titanium Alloy Cerebral Aneurysm Clips during 7T MRI,2022,2022-07-01,American Journal of Neuroradiology,Tsutsui S.,10.3174/ajnr.A7561,2-s2.0-85134361146,SCOPUS_ID:85134361146,8,Article,
Adding MR Diffusion Imaging and T2 Signal Intensity to Neck Imaging Reporting and Data System Categories 2 and 3 in Primary Sites of Postsurgical Oral Cavity Carcinoma Provides Incremental Diagnostic Value,2022,2022-07-01,American Journal of Neuroradiology,Jajodia A.,10.3174/ajnr.A7553,2-s2.0-85134361075,SCOPUS_ID:85134361075,11,Article,
"RAPID CT Perfusion–Based Relative CBF Identifies Good Collateral Status Better Than Hypoperfusion Intensity Ratio, CBV-Index, and Time-to-Maximum in Anterior Circulation Stroke",2022,2022-07-01,American Journal of Neuroradiology,Potreck A.,10.3174/ajnr.A7542,2-s2.0-85134361023,SCOPUS_ID:85134361023,32,Article,
Glymphatic System in Ocular Diseases: Evaluation of MRI Findings,2022,2022-07-01,American Journal of Neuroradiology,Manava P.,10.3174/ajnr.A7552,2-s2.0-85134360739,SCOPUS_ID:85134360739,6,Article,
Clinical Significance of Prehospital Telecommunication Defined as the Critical Stroke Call Pathway in Acute Ischemic Stroke Requiring Intra-Arterial Recanalization Therapy,2022,2022-06-01,American Journal of Neuroradiology,Lee H.,10.3174/ajnr.A7516,2-s2.0-85131772084,SCOPUS_ID:85131772084,1,Article,
Nonlesional Sources of Contrast Enhancement on Postgadolinium “Black-Blood” 3D T1-SPACE Images in Patients with Multiple Sclerosis,2022,2022-06-01,American Journal of Neuroradiology,Danieli L.,10.3174/ajnr.A7529,2-s2.0-85131771729,SCOPUS_ID:85131771729,4,Article,
Brain Abnormalities and Epilepsy in Patients with Parry-Romberg Syndrome,2022,2022-06-01,American Journal of Neuroradiology,De la Garza-Ramos C.,10.3174/ajnr.A7517,2-s2.0-85131469868,SCOPUS_ID:85131469868,8,Article,
Differential Subsampling with Cartesian Ordering–MRA for Classifying Residual Treated Aneurysms,2022,2022-06-01,American Journal of Neuroradiology,Shahrouki P.,10.3174/ajnr.A7532,2-s2.0-85131471033,SCOPUS_ID:85131471033,2,Article,
Investigating Brain White Matter in Football Players with and without Concussion Using a Biophysical Model from Multishell Diffusion MRI,2022,2022-06-01,American Journal of Neuroradiology,Chen J.,10.3174/ajnr.A7522,2-s2.0-85131771592,SCOPUS_ID:85131771592,15,Article,
Phosphaturic Mesenchymal Tumor,2022,2022-06-01,American Journal of Neuroradiology,Benson J.C.,10.3174/ajnr.A7513,2-s2.0-85131771627,SCOPUS_ID:85131771627,22,Article,
ADC Level is Related to DWI Reversal in Patients Undergoing Mechanical Thrombectomy: A Retrospective Cohort Study,2022,2022-06-01,American Journal of Neuroradiology,Umemura T.,10.3174/ajnr.A7510,2-s2.0-85131771267,SCOPUS_ID:85131771267,22,Article,
Volumetric Measurement of Relative CBV Using T1-Perfusion-Weighted MRI with High Temporal Resolution Compared with Traditional T2*-Perfusion-Weighted MRI in Postoperative Patients with High-Grade Gliomas,2022,2022-06-01,American Journal of Neuroradiology,Seo M.,10.3174/ajnr.A7527,2-s2.0-85131771887,SCOPUS_ID:85131771887,2,Article,
"Microinfarcts in the Deep Gray Matter on 7T MRI: Risk Factors, MRI Correlates, and Relation to Cognitive Functioning-The SMART-MR Study",2022,2022-06-01,American Journal of Neuroradiology,Ghaznawi R.,10.3174/ajnr.A7512,2-s2.0-85131772503,SCOPUS_ID:85131772503,3,Article,
Usefulness of Wave-CAIPI for Postcontrast 3D T1-SPACE in the Evaluation of Brain Metastases,2022,2022-06-01,American Journal of Neuroradiology,Baek H.J.,10.3174/ajnr.A7520,2-s2.0-85131771898,SCOPUS_ID:85131771898,2,Article,
Perfusion Scotoma: A Potential Core Underestimation in CT Perfusion in the Delayed Time Window in Patients with Acute Ischemic Stroke,2022,2022-06-01,American Journal of Neuroradiology,Abrams K.J.,10.3174/ajnr.A7524,2-s2.0-85131771711,SCOPUS_ID:85131771711,17,Article,
Erratum: Prediction of Wound Failure in Patients with Head and Neck Cancer Treated with Free Flap Reconstruction: Utility of CT Perfusion and MR Perfusion in the Early Postoperative Period (AJNR Am J Neuroradiol (2022) 43 (585-91) DOI: 10.3174/ajnr.A7458),2022,2022-06-01,American Journal of Neuroradiology,,10.3174/ajnr.A7506,2-s2.0-85131770678,SCOPUS_ID:85131770678,1,Erratum,
Diagnostic Accuracy of High-Resolution 3D T2-SPACE in Detecting Cerebral Venous Sinus Thrombosis,2022,2022-06-01,American Journal of Neuroradiology,Kurmann C.,10.3174/ajnr.A7530,2-s2.0-85131771783,SCOPUS_ID:85131771783,10,Article,
Diagnostic Accuracy of High-Resolution 3D T2-SPACE in Detecting Cerebral Venous Sinus Thrombosis,2022,2022-06-01,American Journal of Neuroradiology,Kurmann C.,10.3174/ajnr.A7530,2-s2.0-85131771783,SCOPUS_ID:85131771783,10,Article,
Erratum: Prediction of Wound Failure in Patients with Head and Neck Cancer Treated with Free Flap Reconstruction: Utility of CT Perfusion and MR Perfusion in the Early Postoperative Period (AJNR Am J Neuroradiol (2022) 43 (585-91) DOI: 10.3174/ajnr.A7458),2022,2022-06-01,American Journal of Neuroradiology,,10.3174/ajnr.A7506,2-s2.0-85131770678,SCOPUS_ID:85131770678,1,Erratum,
The Mammillary Bodies: A Review of Causes of Injury in Infants and Children,2022,2022-06-01,American Journal of Neuroradiology,Meys K.M.E.,10.3174/ajnr.A7463,2-s2.0-85131771232,SCOPUS_ID:85131771232,15,Review,
Image-Quality Assessment of 3D Intracranial Vessel Wall MRI Using DANTE or DANTE-CAIPI for Blood Suppression and Imaging Acceleration,2022,2022-06-01,American Journal of Neuroradiology,Sannananja B.,10.3174/ajnr.A7531,2-s2.0-85131772371,SCOPUS_ID:85131772371,21,Article,
"Thalamus L-Sign: A Potential Biomarker of Neonatal Partial, Prolonged Hypoxic-Ischemic Brain Injury or Hypoglycemic Encephalopathy?",2022,2022-06-01,American Journal of Neuroradiology,Lotz J.W.,10.3174/ajnr.A7511,2-s2.0-85131771638,SCOPUS_ID:85131771638,13,Article,
Evolving Role and Translation of Radiomics and Radiogenomics in Adult and Pediatric Neuro-Oncology,2022,2022-06-01,American Journal of Neuroradiology,Ak M.,10.3174/ajnr.A7297,2-s2.0-85131770951,SCOPUS_ID:85131770951,27,Review,
Diffusion-Weighted Imaging to Assess HPV-Positive versus HPV-Negative Oropharyngeal Squamous Cell Carcinoma: The Importance of b-Values,2022,2022-06-01,American Journal of Neuroradiology,Lenoir V.,10.3174/ajnr.A7521,2-s2.0-85131771773,SCOPUS_ID:85131771773,14,Article,
Interobserver Reliability on Intravoxel Incoherent Motion Imaging in Patients with Acute Ischemic Stroke,2022,2022-05-01,American Journal of Neuroradiology,Yamashita K.,10.3174/ajnr.A7486,2-s2.0-85130005460,SCOPUS_ID:85130005460,2,Article,
Implementation of a Low-Field Portable MRI Scanner in a Resource-Constrained Environment: Our Experience in Malawi,2022,2022-05-01,American Journal of Neuroradiology,Chetcuti K.,10.3174/ajnr.A7494,2-s2.0-85130002995,SCOPUS_ID:85130002995,46,Article,
"Normative Data for Brainstem Structures, the Midbrain-to-Pons Ratio, and the Magnetic Resonance Parkinsonism Index",2022,2022-05-01,American Journal of Neuroradiology,Ruiz S.T.,10.3174/ajnr.A7485,2-s2.0-85129998810,SCOPUS_ID:85129998810,4,Article,
Iodine Maps from Dual-Energy CT to Predict Extrathyroidal Extension and Recurrence in Papillary Thyroid Cancer Based on a Radiomics Approach,2022,2022-05-01,American Journal of Neuroradiology,Xu X.Q.,10.3174/ajnr.A7484,2-s2.0-85130000434,SCOPUS_ID:85130000434,23,Article,
Rabbit Elastase Aneurysm Model Mimics the Recurrence Rate of Human Intracranial Aneurysms following Platinum Coil Embolization,2022,2022-05-01,American Journal of Neuroradiology,Ding Y.H.,10.3174/ajnr.A7497,2-s2.0-85130004611,SCOPUS_ID:85130004611,3,Article,
"Small Vessel Disease, a Marker of Brain Health: What the Radiologist Needs to Know",2022,2022-05-01,American Journal of Neuroradiology,Mahammedi A.,10.3174/ajnr.A7302,2-s2.0-85130000606,SCOPUS_ID:85130000606,35,Review,
Antithrombotic Treatment after Carotid Stenting in Patients with Concomitant Atrial Fibrillation,2022,2022-05-01,American Journal of Neuroradiology,Pardo-Galiana B.,10.3174/ajnr.A7482,2-s2.0-85130004348,SCOPUS_ID:85130004348,16,Article,
Microstructural Visual Pathway White Matter Alterations in Primary Open-Angle Glaucoma: A Neurite Orientation Dispersion and Density Imaging Study,2022,2022-05-01,American Journal of Neuroradiology,Haykal S.,10.3174/ajnr.A7495,2-s2.0-85129999654,SCOPUS_ID:85129999654,18,Article,
Labeling Noncontrast Head CT Reports for Common Findings Using Natural Language Processing,2022,2022-05-01,American Journal of Neuroradiology,Iorga M.,10.3174/ajnr.A7500,2-s2.0-85130002101,SCOPUS_ID:85130002101,6,Article,
Radio-Pathomic Maps of Cell Density Identify Brain Tumor Invasion beyond Traditional MRI-Defined Margins,2022,2022-05-01,American Journal of Neuroradiology,Bobholz S.A.,10.3174/ajnr.A7477,2-s2.0-85130001814,SCOPUS_ID:85130001814,25,Article,
Dorsal Root Ganglion Volumetry by MR Gangliography,2022,2022-05-01,American Journal of Neuroradiology,Weiner S.,10.3174/ajnr.A7487,2-s2.0-85129999124,SCOPUS_ID:85129999124,8,Article,
Brain Perfusion Alterations on 3D Pseudocontinuous Arterial Spin-Labeling MR Imaging in Patients with Autoimmune Encephalitis: A Case Series and Literature Review,2022,2022-05-01,American Journal of Neuroradiology,Li R.,10.3174/ajnr.A7478,2-s2.0-85130002808,SCOPUS_ID:85130002808,14,Article,
The Epidermal Growth Factor Domain of the Mutation Does Not Appear to Influence Disease Progression in CADASIL When Brain Volume and Sex Are Taken into Account,2022,2022-05-01,American Journal of Neuroradiology,Lebenberg J.,10.3174/ajnr.A7499,2-s2.0-85129999989,SCOPUS_ID:85129999989,3,Article,
Beyond Diffusion Tensor MRI Methods for Improved Characterization of the Brain after Ischemic Stroke: A Review,2022,2022-05-01,American Journal of Neuroradiology,DiBella E.V.R.,10.3174/ajnr.A7414,2-s2.0-85123609940,SCOPUS_ID:85123609940,22,Review,
MRI Findings after Recent Image-Guided Lumbar Puncture: The Rate of Dural Enhancement and Subdural Collections,2022,2022-05-01,American Journal of Neuroradiology,Mark I.T.,10.3174/ajnr.A7496,2-s2.0-85130003999,SCOPUS_ID:85130003999,7,Article,
DSC Perfusion MRI-Derived Fractional Tumor Burden and Relative CBV Differentiate Tumor Progression and Radiation Necrosis in Brain Metastases Treated with Stereotactic Radiosurgery,2022,2022-05-01,American Journal of Neuroradiology,Kuo F.,10.3174/ajnr.A7501,2-s2.0-85129998753,SCOPUS_ID:85129998753,21,Article,
Minimally Invasive Stent Screw-Assisted Internal Fixation Technique Corrects Kyphosis in Osteoporotic Vertebral Fractures with Severe Collapse: A Pilot “Vertebra Plana” Series,2022,2022-05-01,American Journal of Neuroradiology,Cianfoni A.,10.3174/ajnr.A7493,2-s2.0-85130004888,SCOPUS_ID:85130004888,11,Article,
Recovery from Cranial Nerve Symptoms after Flow Diversion without Coiling for Unruptured Very Large and Giant ICA Aneurysms,2022,2022-05-01,American Journal of Neuroradiology,Lee J.K.,10.3174/ajnr.A7498,2-s2.0-85130002569,SCOPUS_ID:85130002569,6,Article,
"Angiographically Occult Subarachnoid Hemorrhage: Yield of Repeat Angiography, Influence of Initial CT Bleed Pattern, and Sources of Diagnostic Error in 242 Consecutive Patients",2022,2022-05-01,American Journal of Neuroradiology,Nguyen I.,10.3174/ajnr.A7483,2-s2.0-85130000827,SCOPUS_ID:85130000827,14,Article,
Radiomics-Based Machine Learning for Outcome Prediction in a Multicenter Phase II Study of Programmed Death-Ligand 1 Inhibition Immunotherapy for Glioblastoma,2022,2022-05-01,American Journal of Neuroradiology,George E.,10.3174/ajnr.A7488,2-s2.0-85130005529,SCOPUS_ID:85130005529,28,Article,
An In-Depth Analysis of Brain and Spine Neuroimaging in Children with Abusive Head Trauma: Beyond the Classic Imaging Findings,2022,2022-05-01,American Journal of Neuroradiology,Orman G.,10.3174/ajnr.A7492,2-s2.0-85130002224,SCOPUS_ID:85130002224,9,Article,
Different from the Beginning: WM Maturity of Female and Male Extremely Preterm Neonates-A Quantitative MRI Study,2022,2022-04-01,American Journal of Neuroradiology,Schmidbauer V.U.,10.3174/ajnr.A7472,2-s2.0-85128487588,SCOPUS_ID:85128487588,10,Article,
Follow-up of Intracranial Aneurysms Treated by Flow Diverters: Evaluation of Parent Artery Patency Using 3D-T1 Gradient Recalled-Echo Imaging with 2-Point Dixon in Combination with 3D-TOF-MRA with Compressed Sensing,2022,2022-04-01,American Journal of Neuroradiology,Burel J.,10.3174/ajnr.A7448,2-s2.0-85128469214,SCOPUS_ID:85128469214,5,Article,
Third Trimester Structural and Diffusion Brain Imaging after Single Intrauterine Fetal Death in Monochorionic Twins: MRI-Based Cohort Study,2022,2022-04-01,American Journal of Neuroradiology,Segev M.,10.3174/ajnr.A7475,2-s2.0-85128488434,SCOPUS_ID:85128488434,11,Article,
"Safety, Efficacy, and Durability of Stent-Assisted Coiling Treatment of M2 (Insular) Segment MCA Aneurysms",2022,2022-04-01,American Journal of Neuroradiology,Aydin K.,10.3174/ajnr.A7461,2-s2.0-85128445456,SCOPUS_ID:85128445456,5,Article,
Prediction of Wound Failure in Patients with Head and Neck Cancer Treated with Free Flap Reconstruction: Utility of CT Perfusion and MR Perfusion in the Early Postoperative Period,2022,2022-04-01,American Journal of Neuroradiology,Ota Y.,10.3174/ajnr.A7458,2-s2.0-85128487777,SCOPUS_ID:85128487777,14,Article,
Endovascular Management of Intracranial Dural AVFs: Transvenous Approach,2022,2022-04-01,American Journal of Neuroradiology,Bhatia K.D.,10.3174/ajnr.A7300,2-s2.0-85128465300,SCOPUS_ID:85128465300,17,Review,
A Meta-analysis of Combined Aspiration Catheter and Stent Retriever versus Stent Retriever Alone for Large-Vessel Occlusion Ischemic Stroke,2022,2022-04-01,American Journal of Neuroradiology,Schartz D.A.,10.3174/ajnr.A7459,2-s2.0-85128487428,SCOPUS_ID:85128487428,26,Article,
Diagnostic Value of Sylvian Fissure Hyperechogenicity in Fetal SAH,2022,2022-04-01,American Journal of Neuroradiology,Zhang M.,10.3174/ajnr.A7449,2-s2.0-85128488441,SCOPUS_ID:85128488441,1,Article,
"Radiomics Can Distinguish Pediatric Supratentorial Embryonal Tumors, High-Grade Gliomas, and Ependymomas",2022,2022-04-01,American Journal of Neuroradiology,Zhang M.,10.3174/ajnr.A7481,2-s2.0-85128487158,SCOPUS_ID:85128487158,17,Article,
CT-Guided C2 Dorsal Root Ganglion Radiofrequency Ablation for the Treatment of Cervicogenic Headache: Case Series and Clinical Outcomes,2022,2022-04-01,American Journal of Neuroradiology,Chazen J.L.,10.3174/ajnr.A7471,2-s2.0-85128488076,SCOPUS_ID:85128488076,7,Article,
Same-Day Bilateral Decubitus CT Myelography for Detecting CSF-Venous Fistulas in Spontaneous Intracranial Hypotension,2022,2022-04-01,American Journal of Neuroradiology,Jones L.C.,10.3174/ajnr.A7476,2-s2.0-85128487484,SCOPUS_ID:85128487484,32,Article,
Early Ultrasonic Monitoring of Brain Growth and Later Neurodevelopmental Outcome in Very Preterm Infants,2022,2022-04-01,American Journal of Neuroradiology,Beunders V.A.A.,10.3174/ajnr.A7456,2-s2.0-85128488355,SCOPUS_ID:85128488355,14,Article,
Anatomy of Spinal Venous Drainage for the Neurointerventionalist: From Puncture Site to Intervertebral Foramen,2022,2022-04-01,American Journal of Neuroradiology,Borg N.,10.3174/ajnr.A7409,2-s2.0-85128450074,SCOPUS_ID:85128450074,48,Review,
"Machine Learning in Differentiating Gliomas from Primary CNS Lymphomas: A Systematic Review, Reporting Quality, and Risk of Bias Assessment",2022,2022-04-01,American Journal of Neuroradiology,Cassinelli Petersen G.I.,10.3174/ajnr.A7473,2-s2.0-85128485710,SCOPUS_ID:85128485710,21,Article,
Extraocular Muscle Enlargement in Growth Hormone-Secreting Pituitary Adenomas,2022,2022-04-01,American Journal of Neuroradiology,Coutu B.,10.3174/ajnr.A7453,2-s2.0-85128487214,SCOPUS_ID:85128487214,4,Article,
Prenatal MR Imaging Phenotype of Fetuses with Tuberous Sclerosis: An Institutional Case Series and Literature Review,2022,2022-04-01,American Journal of Neuroradiology,Goergen S.K.,10.3174/ajnr.A7455,2-s2.0-85128488387,SCOPUS_ID:85128488387,18,Review,
"Identification of Small, Regularly Shaped Cerebral Aneurysms Prone to Rupture",2022,2022-04-01,American Journal of Neuroradiology,Ashkezari S.F.S.,10.3174/ajnr.A7470,2-s2.0-85128469568,SCOPUS_ID:85128469568,15,Article,
SWI as an Alternative to Contrast-Enhanced Imaging to Detect Acute MS Lesions,2022,2022-04-01,American Journal of Neuroradiology,Caruana G.,10.3174/ajnr.A7474,2-s2.0-85128460397,SCOPUS_ID:85128460397,5,Article,
"Revisiting CT Signs of Unilateral Vocal Fold Paralysis: A Single, Blinded Study",2022,2022-04-01,American Journal of Neuroradiology,Bashir M.H.,10.3174/ajnr.A7451,2-s2.0-85128488222,SCOPUS_ID:85128488222,2,Article,
Pulsatility Index in the Basal Ganglia Arteries Increases with Age in Elderly with and without Cerebral Small Vessel Disease,2022,2022-04-01,American Journal of Neuroradiology,Perosa V.,10.3174/ajnr.A7450,2-s2.0-85128487549,SCOPUS_ID:85128487549,17,Article,
A New Frontier in Temporal Bone Imaging: Photon-Counting Detector CT Demonstrates Superior Visualization of Critical Anatomic Structures at Reduced Radiation Dose,2022,2022-04-01,American Journal of Neuroradiology,Benson J.C.,10.3174/ajnr.A7452,2-s2.0-85128488159,SCOPUS_ID:85128488159,117,Article,
"Weeping Higan Cherry Tree. The weeping Higan cherry tree (Prunus Subhirtella), seen here in early bloom, is head-turning and soothing.",2022,2022-04-01,American Journal of Neuroradiology,Hauben M.,10.3174/ajnr.P0095,2-s2.0-85127928590,SCOPUS_ID:85127928590,0,Note,
Maklakov-Filatov-Kalfa tonometer,2022,2022-03-01,American Journal of Neuroradiology,Fau C.,10.24875/rmoe.m22000207,2-s2.0-85130255542,SCOPUS_ID:85130255542,0,Note,
Prevalence of Intracranial Atherosclerotic Disease in Patients with Low-Risk Transient or Persistent Neurologic Events,2022,2022-03-01,American Journal of Neuroradiology,Bala F.,10.3174/ajnr.A7429,2-s2.0-85126357612,SCOPUS_ID:85126357612,4,Article,
Performance of Pediatric Neuroradiologists Working from Home during a Pandemic at a Quaternary Pediatric Academic Hospital,2022,2022-03-01,American Journal of Neuroradiology,Sher A.C.,10.3174/ajnr.A7411,2-s2.0-85126383590,SCOPUS_ID:85126383590,11,Article,
Ophthalmoplegic migraine with bilateral internal ophthalmoplegia. A case report,2022,2022-03-01,American Journal of Neuroradiology,Sorsby-Vargas A.M.,10.24875/RMO.M22000215,2-s2.0-85130261654,SCOPUS_ID:85130261654,1,Article,
PERSPECTIVES,2022,2022-03-01,American Journal of Neuroradiology,Hauben M.,10.3174/AJNR.P0129,2-s2.0-85144638511,SCOPUS_ID:85144638511,0,Note,
Short-Range Structural Connections Are More Severely Damaged in Early-Stage MS,2022,2022-03-01,American Journal of Neuroradiology,Wu H.,10.3174/ajnr.A7425,2-s2.0-85126361086,SCOPUS_ID:85126361086,7,Article,
Callosal Angle Narrowing in Research Data Bases of the Cognitively Impaired,2022,2022-03-01,American Journal of Neuroradiology,Antonucci M.U.,10.3174/ajnr.A7416,2-s2.0-85126389242,SCOPUS_ID:85126389242,0,Letter,
Changes in central choroidal thickness measured through EDI-OCT in patients on hemodialysis for the first time,2022,2022-03-01,American Journal of Neuroradiology,Escalera-Arroyo P.,10.24875/rmoe.m22000212,2-s2.0-85130234851,SCOPUS_ID:85130234851,0,Article,
Dilator-Dotter Technique for Acute Ischemic Stroke: Further Applications in the Vertebral Arteries,2022,2022-03-01,American Journal of Neuroradiology,Cox M.,10.3174/ajnr.A7438,2-s2.0-85126388668,SCOPUS_ID:85126388668,2,Letter,
Vessel-Selective 4D-MRA Using Superselective Pseudocontinuous Arterial Spin-Labeling with Keyhole and View-Sharing for Visualizing Intracranial Dural AVFs,2022,2022-03-01,American Journal of Neuroradiology,Togao O.,10.3174/ajnr.A7426,2-s2.0-85126388720,SCOPUS_ID:85126388720,10,Article,
"Characteristics and Effectiveness of Interventions That Target the Reporting, Communication, or Clinical Interpretation of Lumbar Imaging Findings: A Systematic Review",2022,2022-03-01,American Journal of Neuroradiology,Witherow J.L.,10.3174/ajnr.A7432,2-s2.0-85126378338,SCOPUS_ID:85126378338,5,Review,
Simultaneously Acquired MRI Arterial Spin-Labeling and Interictal FDG-PET Improves Diagnosis of Pediatric Temporal Lobe Epilepsy,2022,2022-03-01,American Journal of Neuroradiology,Khalaf A.M.,10.3174/ajnr.A7421,2-s2.0-85126353320,SCOPUS_ID:85126353320,14,Article,
The Complementary Role of CT Perfusion and Transcranial Doppler in the Assessment of Delayed Cerebral Ischemia after Aneurysmal SAH,2022,2022-03-01,American Journal of Neuroradiology,Quintas-Neves M.,10.3174/ajnr.A7417,2-s2.0-85126389009,SCOPUS_ID:85126389009,0,Letter,
Cholinergic system and the role it plays in the visual system,2022,2022-03-01,American Journal of Neuroradiology,Durán-Cristiano S.C.,10.24875/rmoe.m22000214,2-s2.0-85130231634,SCOPUS_ID:85130231634,0,Review,
Relationship between 3D Morphologic Change and 2D and 3D Growth of Unruptured Intracranial Aneurysms,2022,2022-03-01,American Journal of Neuroradiology,Timmins K.M.,10.3174/ajnr.A7418,2-s2.0-85126339842,SCOPUS_ID:85126339842,9,Article,
A cross-sectional study on ocular biometrics and parametric changes between identical and non-identical twins,2022,2022-03-01,American Journal of Neuroradiology,Ahalia V.K.,10.24875/RMO.M22000221,2-s2.0-85130266249,SCOPUS_ID:85130266249,0,Article,
Use of CTA Test Dose to Trigger a Low Cardiac Output Protocol Improves Acute Stroke CTP Data Analyzed with RAPID Software,2022,2022-03-01,American Journal of Neuroradiology,Hartman J.B.,10.3174/ajnr.A7428,2-s2.0-85126389062,SCOPUS_ID:85126389062,8,Article,
Prognostic Factors of Stroke-Like Migraine Attacks after Radiation Therapy (SMART) Syndrome,2022,2022-03-01,American Journal of Neuroradiology,Ota Y.,10.3174/ajnr.A7424,2-s2.0-85126389393,SCOPUS_ID:85126389393,11,Article,
REPLY:,2022,2022-03-01,American Journal of Neuroradiology,Raymond J.,10.3174/ajnr.A7454,2-s2.0-85126389092,SCOPUS_ID:85126389092,0,Letter,
"Working from Home: Brave New World, or Best Forgotten?",2022,2022-03-01,American Journal of Neuroradiology,Pruthi S.,10.3174/ajnr.A7442,2-s2.0-85126389447,SCOPUS_ID:85126389447,0,Note,
DWI Hyperintensity in the Fornix Fimbria on MRI in Children,2022,2022-03-01,American Journal of Neuroradiology,Rootman M.S.,10.3174/ajnr.A7437,2-s2.0-85126356601,SCOPUS_ID:85126356601,5,Article,
Reassessing the Carotid Artery Plaque “Rim Sign” on CTA: A New Analysis with Histopathologic Confirmation,2022,2022-03-01,American Journal of Neuroradiology,Benson J.C.,10.3174/ajnr.A7443,2-s2.0-85126388695,SCOPUS_ID:85126388695,19,Article,
Functional and clinical anatomy of the visual system: An update with emphasis on the visual pathway and cortex,2022,2022-03-01,American Journal of Neuroradiology,Neira-Gómez J.P.,10.24875/RMO.M22000218,2-s2.0-85130290198,SCOPUS_ID:85130290198,0,Review,
Effects of Tissue Temperature and Injury on ADC during Therapeutic Hypothermia in Newborn Hypoxic-Ischemic Encephalopathy,2022,2022-03-01,American Journal of Neuroradiology,Zenobi C.,10.3174/ajnr.A7413,2-s2.0-85126378851,SCOPUS_ID:85126378851,3,Article,
Spine Microwave Ablation: Safety and Efficacy for Treatment of Vertebral Metastases,2022,2022-03-01,American Journal of Neuroradiology,Tomasian A.,10.3174/ajnr.A7439,2-s2.0-85126389309,SCOPUS_ID:85126389309,4,Letter,
Endovascular Management of Intracranial Dural Arteriovenous Fistulas: Transarterial Approach,2022,2022-03-01,American Journal of Neuroradiology,Bhatia K.D.,10.3174/ajnr.A7296,2-s2.0-85126377026,SCOPUS_ID:85126377026,22,Review,
Comparison of Papile versus Laterality-Based Al-Abdi System to Predict Neurodevelopmental Impairment in Extreme Preterm Infants after Severe Germinal Matrix Hemorrhage–Intraventricular Hemorrhage: A Retrospective Comparative Observational Study,2022,2022-03-01,American Journal of Neuroradiology,Desai S.,10.3174/ajnr.A7434,2-s2.0-85126389386,SCOPUS_ID:85126389386,3,Article,
Investigating Simultaneity for Deep Learning–Enhanced Actual Ultra-Low-Dose Amyloid PET/MR Imaging,2022,2022-03-01,American Journal of Neuroradiology,Chen K.T.,10.3174/ajnr.A7410,2-s2.0-85126348735,SCOPUS_ID:85126348735,7,Article,
Percutaneous CT-Guided Microwave Ablation Combined with Vertebral Augmentation for Treatment of Painful Spinal Metastases,2022,2022-03-01,American Journal of Neuroradiology,Chen L.,10.3174/ajnr.A7415,2-s2.0-85126389096,SCOPUS_ID:85126389096,18,Article,
REPLY:,2022,2022-03-01,American Journal of Neuroradiology,Zhang K.,10.3174/ajnr.A7440,2-s2.0-85126389928,SCOPUS_ID:85126389928,0,Letter,
The Z-Shift: A Need for Quality Management System Level Testing and Standardization in Neuroimaging Pipelines,2022,2022-03-01,American Journal of Neuroradiology,Dadario N.B.,10.3174/ajnr.A7435,2-s2.0-85126389291,SCOPUS_ID:85126389291,0,Review,
Early Neuroimaging Markers in β Propeller Protein-Associated Neurodegeneration,2022,2022-03-01,American Journal of Neuroradiology,Chiapparini L.,10.3174/ajnr.A7723,2-s2.0-85144637378,SCOPUS_ID:85144637378,0,Note,
Characterization of Restenosis following Carotid Endarterectomy Using Contrast-Enhanced Vessel Wall MR Imaging,2022,2022-03-01,American Journal of Neuroradiology,Yang W.,10.3174/ajnr.A7423,2-s2.0-85126388982,SCOPUS_ID:85126388982,4,Article,
ADC for Differentiation between Posttreatment Changes and Recurrence in Head and Neck Cancer: A Systematic Review and Meta-analysis,2022,2022-03-01,American Journal of Neuroradiology,Baba A.,10.3174/ajnr.A7431,2-s2.0-85126389941,SCOPUS_ID:85126389941,20,Review,
REPLY:,2022,2022-03-01,American Journal of Neuroradiology,Roosendaal S.D.,10.3174/ajnr.A7445,2-s2.0-85126388595,SCOPUS_ID:85126388595,0,Letter,
Analysis of visual and functional results after implantation of toric IOLs using manual and digital VERION™ marker,2022,2022-03-01,American Journal of Neuroradiology,Almasri A.,10.24875/RMO.M22000222,2-s2.0-85130247832,SCOPUS_ID:85130247832,0,Article,
Hemorrhagic Transformation Rates following Contrast Media Administration in Patients Hospitalized with Ischemic Stroke,2022,2022-03-01,American Journal of Neuroradiology,Moser F.G.,10.3174/ajnr.A7412,2-s2.0-85126389274,SCOPUS_ID:85126389274,2,Article,
Health Equity: What the Neuroradiologist Needs to Know,2022,2022-03-01,American Journal of Neuroradiology,Jordan J.E.,10.3174/ajnr.A7420,2-s2.0-85126362632,SCOPUS_ID:85126362632,3,Article,
[18F]FDG-PET Evaluation of Spinal Pathology in Patients in Oncology: Pearls and Pitfalls for the Neuroradiologist,2022,2022-03-01,American Journal of Neuroradiology,Patel P.Y.,10.3174/ajnr.A7308,2-s2.0-85126389711,SCOPUS_ID:85126389711,10,Review,
Acceleration of Brain Susceptibility-Weighted Imaging with Compressed Sensitivity Encoding: A Prospective Multicenter Study,2022,2022-03-01,American Journal of Neuroradiology,Ding J.,10.3174/ajnr.A7441,2-s2.0-85126373485,SCOPUS_ID:85126373485,6,Article,
Pattern Recognition in Mitochondrial Leukodystrophies is Hampered by the Peculiarities of Mitochondrial Genetics,2022,2022-03-01,American Journal of Neuroradiology,Finsterer J.,10.3174/ajnr.A7371,2-s2.0-85126388676,SCOPUS_ID:85126388676,0,Letter,
Neuroanatomic Markers of Posttraumatic Epilepsy Based on MR Imaging and Machine Learning,2022,2022-03-01,American Journal of Neuroradiology,Akrami H.,10.3174/ajnr.A7436,2-s2.0-85126363969,SCOPUS_ID:85126363969,5,Article,
Automated 3D Fetal Brain Segmentation Using an Optimized Deep Learning Approach,2022,2022-03-01,American Journal of Neuroradiology,Zhao L.,10.3174/ajnr.A7419,2-s2.0-85126362950,SCOPUS_ID:85126362950,52,Article,
PET/MR Imaging in Evaluating Treatment Failure of Head and Neck Malignancies: A Neck Imaging Reporting and Data System–Based Study,2022,2022-03-01,American Journal of Neuroradiology,Patel L.D.,10.3174/ajnr.A7427,2-s2.0-85126384576,SCOPUS_ID:85126384576,13,Article,
Acute syphilitic posterior placoid chorioretinitis. A case report,2022,2022-03-01,American Journal of Neuroradiology,Rodríguez-Valdés P.J.,10.24875/RMO.M22000216,2-s2.0-85130300129,SCOPUS_ID:85130300129,1,Article,
Safety and Efficacy of Cangrelor in Acute Stroke Treated with Mechanical Thrombectomy: Endovascular Treatment of Ischemic Stroke Registry and Meta-analysis,2022,2022-03-01,American Journal of Neuroradiology,Marnat G.,10.3174/ajnr.A7430,2-s2.0-85126389872,SCOPUS_ID:85126389872,28,Article,
CTP: Time for Patient-Tailored Acquisition Protocols,2022,2022-03-01,American Journal of Neuroradiology,Molad J.,10.3174/ajnr.A7457,2-s2.0-85126388640,SCOPUS_ID:85126388640,1,Note,
ADC Histogram Analysis of Pediatric Low-Grade Glioma Treated with Selumetinib: A Report from the Pediatric Brain Tumor Consortium,2022,2022-03-01,American Journal of Neuroradiology,Vajapeyam S.,10.3174/ajnr.A7433,2-s2.0-85126374318,SCOPUS_ID:85126374318,5,Article,
Automated Color-Coding of Lesion Changes in Contrast-Enhanced 3D T1-Weighted Sequences for MRI Follow-up of Brain Metastases,2022,2022-02-01,American Journal of Neuroradiology,Zopfs D.,10.3174/ajnr.A7380,2-s2.0-85124172856,SCOPUS_ID:85124172856,5,Article,
Postprocedural Thrombosis following Endovascular Treatment of Intracranial Aneurysm with Flow Diverters or Coiling: A Histologic Study,2022,2022-02-01,American Journal of Neuroradiology,Larco J.A.,10.3174/ajnr.A7369,2-s2.0-85124173728,SCOPUS_ID:85124173728,8,Article,
"Optimizing Small, Low-Risk, Unruptured Intracranial Aneurysm Treatment Using Game Theory",2022,2022-02-01,American Journal of Neuroradiology,Boltyenkov A.T.,10.3174/ajnr.A7392,2-s2.0-85124175266,SCOPUS_ID:85124175266,2,Article,
Pretreatment ADC Histogram Analysis as a Prognostic Imaging Biomarker for Patients with Recurrent Glioblastoma Treated with Bevacizumab: A Systematic Review and Meta-analysis,2022,2022-02-01,American Journal of Neuroradiology,Kurokawa R.,10.3174/ajnr.A7406,2-s2.0-85124172954,SCOPUS_ID:85124172954,14,Article,
Sodium MRI at 7T for Early Response Evaluation of Intracranial Tumors following Stereotactic Radiotherapy Using the CyberKnife,2022,2022-02-01,American Journal of Neuroradiology,Huang L.,10.3174/ajnr.A7404,2-s2.0-85124172852,SCOPUS_ID:85124172852,10,Article,
Arterial Collapse during Thrombectomy for Stroke: Clinical Evidence and Experimental Findings in Human Brains and In Vivo Models,2022,2022-02-01,American Journal of Neuroradiology,Liu Y.,10.3174/ajnr.A7389,2-s2.0-85124173688,SCOPUS_ID:85124173688,21,Article,
Morphologic Variants of the Hand Motor Cortex in Developing Brains from Neonates through Childhood Assessed by MR Imaging,2022,2022-02-01,American Journal of Neuroradiology,Wu F.,10.3174/ajnr.A7386,2-s2.0-85124173034,SCOPUS_ID:85124173034,4,Article,
Re-Examining the Cochlea in Branchio-Oto-Renal Syndrome: Genotype-Phenotype Correlation,2022,2022-02-01,American Journal of Neuroradiology,Pao J.,10.3174/ajnr.A7396,2-s2.0-85124173922,SCOPUS_ID:85124173922,13,Article,
Can Shunt Response in Patients with Idiopathic Normal Pressure Hydrocephalus Be Predicted from Preoperative Brain Imaging? A Retrospective Study of the Diagnostic Use of the Normal Pressure Hydrocephalus Radscale in 119 Patients,2022,2022-02-01,American Journal of Neuroradiology,Carlsen J.F.,10.3174/ajnr.A7378,2-s2.0-85124174722,SCOPUS_ID:85124174722,14,Article,
Decreased Craniocervical CSF Flow in Patients with Normal Pressure Hydrocephalus: A Pilot Study,2022,2022-02-01,American Journal of Neuroradiology,Stöcklein S.M.,10.3174/ajnr.A7385,2-s2.0-85124173078,SCOPUS_ID:85124173078,8,Article,
A Comparison of Global Brain Volumetrics Obtained from CT versus MRI Using 2 Publicly Available Software Packages,2022,2022-02-01,American Journal of Neuroradiology,Fielden S.W.,10.3174/ajnr.A7403,2-s2.0-85124174319,SCOPUS_ID:85124174319,1,Article,
MRI Findings in Acute Tonsillar Infections,2022,2022-02-01,American Journal of Neuroradiology,Heikkinen J.,10.3174/ajnr.A7368,2-s2.0-85124175318,SCOPUS_ID:85124175318,20,Article,
Large Culprit Plaque and More Intracranial Plaques Are Associated with Recurrent Stroke: A Case-Control Study Using Vessel Wall Imaging,2022,2022-02-01,American Journal of Neuroradiology,Wu G.,10.3174/ajnr.A7402,2-s2.0-85124174181,SCOPUS_ID:85124174181,24,Article,
PERSPECTIVES,2022,2022-02-01,American Journal of Neuroradiology,Nickerson J.P.,10.3174/AJNR.P0127,2-s2.0-85124174811,SCOPUS_ID:85124174811,0,Editorial,
Pretreatment Normal WM Magnetization Transfer Ratio Predicts Risk of Radiation Necrosis in Patients with Medulloblastoma,2022,2022-02-01,American Journal of Neuroradiology,Harreld J.H.,10.3174/ajnr.A7393,2-s2.0-85124173576,SCOPUS_ID:85124173576,4,Article,
Arachnoid Membranes: Crawling Back into Radiologic Consciousness,2022,2022-02-01,American Journal of Neuroradiology,Lu S.,10.3174/ajnr.A7309,2-s2.0-85124175368,SCOPUS_ID:85124175368,12,Review,
Endovascular Management of Intracranial Dural AVFs: Principles,2022,2022-02-01,American Journal of Neuroradiology,Bhatia K.D.,10.3174/ajnr.A7304,2-s2.0-85124174800,SCOPUS_ID:85124174800,10,Review,
Clinical Feasibility of Ultrafast Contrast-Enhanced T1-Weighted 3D-EPI for Evaluating Intracranial Enhancing Lesions in Oncology Patients: Comparison with Standard 3D MPRAGE Sequence,2022,2022-02-01,American Journal of Neuroradiology,Ryu K.H.,10.3174/ajnr.A7391,2-s2.0-85124172569,SCOPUS_ID:85124172569,7,Article,
Features of Visually AcceSAble Rembrandt Images: Interrater Reliability in Pediatric Brain Tumors,2022,2022-02-01,American Journal of Neuroradiology,Biswas A.,10.3174/ajnr.A7399,2-s2.0-85124173373,SCOPUS_ID:85124173373,4,Article,
Impact Analysis of Different CT Configurations of Carotid Artery Plaque Calcifications on Cerebrovascular Events,2022,2022-02-01,American Journal of Neuroradiology,Saba L.,10.3174/ajnr.A7401,2-s2.0-85124174626,SCOPUS_ID:85124174626,42,Article,
Stroke Mimics in the Acute Setting: Role of Multimodal CT Protocol,2022,2022-02-01,American Journal of Neuroradiology,Prodi E.,10.3174/ajnr.A7379,2-s2.0-85124175153,SCOPUS_ID:85124175153,18,Article,
Proximal Region of Carotid Atherosclerotic Plaque Shows More Intraplaque Hemorrhage: The Plaque at Risk Study,2022,2022-02-01,American Journal of Neuroradiology,Crombag G.A.J.C.,10.3174/ajnr.A7384,2-s2.0-85124172758,SCOPUS_ID:85124172758,12,Article,
Lesion Volume in Relapsing Multiple Sclerosis is Associated with Perivascular Space Enlargement at the Level of the Basal Ganglia,2022,2022-02-01,American Journal of Neuroradiology,Kolbe S.C.,10.3174/ajnr.A7398,2-s2.0-85124175144,SCOPUS_ID:85124175144,24,Article,
Thin-Slice Pituitary MRI with Deep Learning–Based Reconstruction for Preoperative Prediction of Cavernous Sinus Invasion by Pituitary Adenoma: A Prospective Study,2022,2022-02-01,American Journal of Neuroradiology,Kim M.,10.3174/ajnr.A7387,2-s2.0-85124173374,SCOPUS_ID:85124173374,26,Article,
MRI Shrimp Sign in Sarcoidosis-Associated Cerebellar Progressive Multifocal Leukoencephalopathy,2022,2022-02-01,American Journal of Neuroradiology,Anand P.,10.3174/ajnr.A7407,2-s2.0-85124175294,SCOPUS_ID:85124175294,1,Letter,
Rates of Epidural Blood Patch following Lumbar Puncture Comparing Atraumatic versus Bevel-Tip Needles Stratified for Body Mass Index,2022,2022-02-01,American Journal of Neuroradiology,Philip J.T.,10.3174/ajnr.A7397,2-s2.0-85124173661,SCOPUS_ID:85124173661,9,Article,
Interrater Agreement and Detection Accuracy for Medium-Vessel Occlusions Using Single-Phase and Multiphase CT Angiography,2022,2022-01-01,American Journal of Neuroradiology,Ospel J.M.,10.3174/ajnr.A7361,2-s2.0-85123651406,SCOPUS_ID:85123651406,24,Article,
Regional Differences in Gamma-Aminobutyric Acid and Glutamate Concentrations in the Healthy Newborn Brain,2022,2022-01-01,American Journal of Neuroradiology,Basu S.K.,10.3174/ajnr.A7336,2-s2.0-85123651730,SCOPUS_ID:85123651730,7,Article,
Interrater Agreement and Detection Accuracy for Medium-Vessel Occlusions Using Single-Phase and Multiphase CT Angiography,2022,2022-01-01,American Journal of Neuroradiology,Ospel J.M.,10.3174/ajnr.A7361,2-s2.0-85123651406,SCOPUS_ID:85123651406,24,Article,
Symptomatic and Asymptomatic Chronic Carotid Artery Occlusion on High-Resolution MR Vessel Wall Imaging,2022,2022-01-01,American Journal of Neuroradiology,Wan M.,10.3174/ajnr.A7365,2-s2.0-85123651405,SCOPUS_ID:85123651405,9,Article,
Feasibility and Added Value of Fetal DTI Tractography in the Evaluation of an Isolated Short Corpus Callosum: Preliminary Results,2022,2022-01-01,American Journal of Neuroradiology,Millischer A.E.,10.3174/ajnr.A7383,2-s2.0-85123651270,SCOPUS_ID:85123651270,13,Article,
Imaging Features with Histopathologic Correlation of CNS High-Grade Neuroepithelial Tumors with a BCOR Internal Tandem Duplication,2022,2022-01-01,American Journal of Neuroradiology,Cardoen L.,10.3174/ajnr.A7367,2-s2.0-85123651564,SCOPUS_ID:85123651564,22,Article,
Hypovascular Cellular Tumor in Primary Central Nervous System Lymphoma is Associated with Treatment Resistance: Tumor Habitat Analysis Using Physiologic MRI,2022,2022-01-01,American Journal of Neuroradiology,Jeong S.Y.,10.3174/ajnr.A7351,2-s2.0-85123651926,SCOPUS_ID:85123651926,27,Article,
Cerebral Veins: A New “New Frontier”,2022,2022-01-01,American Journal of Neuroradiology,Hacein-Bey L.,10.3174/ajnr.A7359,2-s2.0-85123651385,SCOPUS_ID:85123651385,1,Note,
Quantitative Diffusion and Spectroscopic Neuroimaging Combined with a Novel Early-Developmental Assessment Improves Models for 1-Year Developmental Outcomes,2022,2022-01-01,American Journal of Neuroradiology,Moss H.G.,10.3174/ajnr.A7370,2-s2.0-85123651190,SCOPUS_ID:85123651190,3,Article,
Spectrum of Neuroradiologic Findings Associated with Monogenic Interferonopathies,2022,2022-01-01,American Journal of Neuroradiology,Benjamin P.,10.3174/ajnr.A7362,2-s2.0-85123651747,SCOPUS_ID:85123651747,13,Review,
Development and Practical Implementation of a Deep Learning-Based Pipeline for Automated Pre- and Postoperative Glioma Segmentation,2022,2022-01-01,American Journal of Neuroradiology,Lotan E.,10.3174/ajnr.A7363,2-s2.0-85123651965,SCOPUS_ID:85123651965,19,Article,
Mechanical Thrombectomy for Treatment of Cerebral Venous Sinus Thrombosis in Vaccine-Induced Immune Thrombotic Thrombocytopenia,2022,2022-01-01,American Journal of Neuroradiology,Chew H.S.,10.3174/ajnr.A7381,2-s2.0-85123651636,SCOPUS_ID:85123651636,7,Article,
An Investigation of Water Diffusivity Changes along the Perivascular Space in Elderly Subjects with Hypertension,2022,2022-01-01,American Journal of Neuroradiology,Kikuta J.,10.3174/ajnr.A7334,2-s2.0-85123651919,SCOPUS_ID:85123651919,53,Article,
Petrobasal Vein: A Previously Unrecognized Vein Directly Connecting the Superior Petrosal Sinus with the Emissary Vein of the Foramen Ovale,2022,2022-01-01,American Journal of Neuroradiology,Ide S.,10.3174/ajnr.A7345,2-s2.0-85123651696,SCOPUS_ID:85123651696,3,Conference Paper,
Glutamine Imaging: A New Avenue for Glioma Management,2022,2022-01-01,American Journal of Neuroradiology,Ekici S.,10.3174/ajnr.A7333,2-s2.0-85123651485,SCOPUS_ID:85123651485,34,Review,
Parent Artery Straightening after Flow-Diverter Stenting Improves the Odds of Aneurysm Occlusion,2022,2022-01-01,American Journal of Neuroradiology,Janot K.,10.3174/ajnr.A7350,2-s2.0-85123651073,SCOPUS_ID:85123651073,17,Conference Paper,
ACTA2-Related Dysgyria: An Under-Recognized Malformation of Cortical Development,2022,2022-01-01,American Journal of Neuroradiology,Subramanian S.,10.3174/ajnr.A7364,2-s2.0-85123651398,SCOPUS_ID:85123651398,7,Article,
4D Flat Panel Conebeam CTA for Analysis of the Angioarchitecture of Cerebral AVMs with a Novel Software Prototype,2022,2022-01-01,American Journal of Neuroradiology,Keil F.,10.3174/ajnr.A7382,2-s2.0-85123461612,SCOPUS_ID:85123461612,7,Article,
"Reduced Leukoaraiosis, Noncardiac Embolic Stroke Etiology, and Shorter Thrombus Length Indicate Good Leptomeningeal Collateral Flow in Embolic Large-Vessel Occlusion",2022,2022-01-01,American Journal of Neuroradiology,Hashimoto T.,10.3174/ajnr.A7360,2-s2.0-85123651239,SCOPUS_ID:85123651239,12,Article,
Quantifying T2-FLAIR Mismatch Using Geographically Weighted Regression and Predicting Molecular Status in Lower-Grade Gliomas,2022,2022-01-01,American Journal of Neuroradiology,Mohammed S.,10.3174/ajnr.A7341,2-s2.0-85123651422,SCOPUS_ID:85123651422,11,Article,
"Percutaneous CT-Guided Core Needle Biopsies of Head and Neck Masses: Review of 184 Cases at a Single Academic Institution, Common and Special Techniques, Diagnostic Yield, and Safety",2022,2022-01-01,American Journal of Neuroradiology,Jordan R.W.,10.3174/ajnr.A7348,2-s2.0-85123651616,SCOPUS_ID:85123651616,8,Conference Paper,
Transcranial Doppler Velocities and Angiographic Vasospasm after SAH: A Diagnostic Accuracy Study,2022,2022-01-01,American Journal of Neuroradiology,Darsaut T.E.,10.3174/ajnr.A7347,2-s2.0-85120350558,SCOPUS_ID:85120350558,16,Article,
White Matter Alterations in Spastic Paraplegia Type 5: A Multiparametric Structural MRI Study and Correlations with Biochemical Measurements,2022,2022-01-01,American Journal of Neuroradiology,Liu Y.,10.3174/ajnr.A7344,2-s2.0-85123651438,SCOPUS_ID:85123651438,6,Article,
Maternal obesity during pregnancy is associated with lower cortical thickness in the neonate brain,2021,2021-12-01,American Journal of Neuroradiology,Na X.,10.3174/ajnr.A7316,2-s2.0-85121279248,SCOPUS_ID:85121279248,22,Article,
Idiopathic intracranial hypertension is associated with a higher burden of visible cerebral perivascular spaces: The glymphatic connection,2021,2021-12-01,American Journal of Neuroradiology,Jones O.,10.3174/ajnr.A7326,2-s2.0-85121212404,SCOPUS_ID:85121212404,24,Article,
Hemodynamic analysis of cerebral AVMs with 3D phase-contrast MR imaging,2021,2021-12-01,American Journal of Neuroradiology,Takeda Y.,10.3174/ajnr.A7314,2-s2.0-85121256977,SCOPUS_ID:85121256977,14,Article,
Vessel Wall Imaging: A Powerful Diagnostic Tool but Not a Substitute for Biopsies,2021,2021-12-01,American Journal of Neuroradiology,Zeiler S.R.,10.3174/ajnr.A7277,2-s2.0-85122456014,SCOPUS_ID:85122456014,1,Letter,
Prenatal evaluation of intracranial hemorrhage on fetal MRI: A retrospective review,2021,2021-12-01,American Journal of Neuroradiology,Epstein K.N.,10.3174/ajnr.A7320,2-s2.0-85121291512,SCOPUS_ID:85121291512,26,Review,
Risks of undersizing stent retriever length relative to thrombus length in patients with acute ischemic stroke,2021,2021-12-01,American Journal of Neuroradiology,Belachew N.F.,10.3174/ajnr.A7313,2-s2.0-85121303863,SCOPUS_ID:85121303863,18,Article,
The American Society of Neuroradiology: Cultivating a diverse and inclusive culture to build a stronger organization,2021,2021-12-01,American Journal of Neuroradiology,Bunch P.M.,10.3174/ajnr.A7310,2-s2.0-85121228990,SCOPUS_ID:85121228990,4,Editorial,
Intracranial hemorrhage on prenatal MR imaging,2021,2021-12-01,American Journal of Neuroradiology,Bekiesinska-Figatowska M.,10.3174/ajnr.A7319,2-s2.0-85121323378,SCOPUS_ID:85121323378,0,Note,
Anatomic neuroimaging characteristics of posterior fossa type A ependymoma subgroups,2021,2021-12-01,American Journal of Neuroradiology,Sabin N.D.,10.3174/ajnr.A7322,2-s2.0-85121298806,SCOPUS_ID:85121298806,9,Article,
"Deep learning enables 60% accelerated volumetric brain MRI while preserving quantitative performance: A prospective, multicenter, multireader trial",2021,2021-12-01,American Journal of Neuroradiology,Bash S.,10.3174/ajnr.A7358,2-s2.0-85121228445,SCOPUS_ID:85121228445,66,Conference Paper,
Perceived limits of endovascular treatment for secondary medium-vessel-occlusion stroke,2021,2021-12-01,American Journal of Neuroradiology,Cimflova P.,10.3174/ajnr.A7327,2-s2.0-85121287791,SCOPUS_ID:85121287791,3,Article,
Quantitative analysis of the olfactory system in COVID-19: An MR imaging study,2021,2021-12-01,American Journal of Neuroradiology,Altunisik E.,10.3174/ajnr.A7278,2-s2.0-85121325622,SCOPUS_ID:85121325622,28,Article,
Decreased CSF dynamics in treatment-naive patients with essential hypertension: A study with phase-contrast cine MR imaging,2021,2021-12-01,American Journal of Neuroradiology,Ma L.,10.3174/ajnr.A7284,2-s2.0-85121260945,SCOPUS_ID:85121260945,4,Article,
Accuracy and clinical utility of reports from outside hospitals for CT of the cervical spine in blunt trauma,2021,2021-12-01,American Journal of Neuroradiology,Rao K.,10.3174/ajnr.A7337,2-s2.0-85121304721,SCOPUS_ID:85121304721,1,Article,
Safety of oral P2Y12 inhibitors in interventional neuroradiology: Current status and perspectives,2021,2021-12-01,American Journal of Neuroradiology,Camargo L.M.,10.3174/ajnr.A7303,2-s2.0-85121232959,SCOPUS_ID:85121232959,5,Review,
Retrospective review of midpoint vestibular aqueduct size in the 45° oblique (Pöschl) plane and correlation with hearing loss in patients with enlarged vestibular aqueduct,2021,2021-12-01,American Journal of Neuroradiology,Bouhadjer K.,10.3174/ajnr.A7339,2-s2.0-85121247984,SCOPUS_ID:85121247984,6,Review,
Can MRI differentiate between infectious and immune-related acute cerebellitis? A retrospective imaging study,2021,2021-12-01,American Journal of Neuroradiology,Orman G.,10.3174/ajnr.A7301,2-s2.0-85121205363,SCOPUS_ID:85121205363,9,Article,
Clinical implementation of 7T MRI for the identification of incidental intracranial aneurysms versus anatomic variants,2021,2021-12-01,American Journal of Neuroradiology,Radojewski P.,10.3174/ajnr.A7331,2-s2.0-85121226480,SCOPUS_ID:85121226480,19,Article,
Changes in ventricular and cortical volumes following shunt placement in patients with idiopathic normal pressure hydrocephalus,2021,2021-12-01,American Journal of Neuroradiology,Cogswell P.M.,10.3174/ajnr.A7323,2-s2.0-85121258656,SCOPUS_ID:85121258656,9,Conference Paper,
Identification of BRAF p. V600E-mutant and wild-type by MR imaging in pleomorphic xanthoastrocytoma and anaplastic pleomorphic xanthoastrocytoma,2021,2021-12-01,American Journal of Neuroradiology,Huang W.,10.3174/ajnr.A7324,2-s2.0-85121205057,SCOPUS_ID:85121205057,4,Article,
Pulsatile tinnitus due to stenosis of the marginal sinus: Diagnosis and endovascular treatment,2021,2021-12-01,American Journal of Neuroradiology,Cortese J.,10.3174/ajnr.A7325,2-s2.0-85121310621,SCOPUS_ID:85121310621,10,Article,
Usefulness of a radial-specific neurointerventional guiding sheath,2021,2021-12-01,American Journal of Neuroradiology,Hanaoka Y.,10.3174/ajnr.A7226,2-s2.0-85121233823,SCOPUS_ID:85121233823,1,Letter,
Disparities in the use of mechanical thrombectomy alone compared with adjunctive intravenous thrombolysis in acute ischemic stroke in the United States,2021,2021-12-01,American Journal of Neuroradiology,Wahood W.,10.3174/ajnr.A7332,2-s2.0-85121243733,SCOPUS_ID:85121243733,4,Article,
Spinal vascular shunts: A patterned approach,2021,2021-12-01,American Journal of Neuroradiology,Kona M.P.,10.3174/ajnr.A7312,2-s2.0-85121260241,SCOPUS_ID:85121260241,20,Conference Paper,
A closer investigation of the synchronous bilateral pattern of MRI lesions in acute necrotizing encephalopathy type 1,2021,2021-12-01,American Journal of Neuroradiology,Horváthy-Szőcs A.,10.3174/ajnr.A7305,2-s2.0-85121318641,SCOPUS_ID:85121318641,4,Conference Paper,
Carotid plaque composition assessed by CT predicts subsequent cardiovascular events among subjects with carotid stenosis,2021,2021-12-01,American Journal of Neuroradiology,Choi E.,10.3174/ajnr.A7338,2-s2.0-85121330730,SCOPUS_ID:85121330730,10,Article,
Filtered diffusion-weighted MRI of the human cervical spinal cord: Feasibility and application to traumatic spinal cord injury,2021,2021-11-01,American Journal of Neuroradiology,Murphy S.A.,10.3174/ajnr.A7295,2-s2.0-85119420507,SCOPUS_ID:85119420507,10,Article,
A combined radiomics and machine learning approach to overcome the clinicoradiologic paradox in multiple sclerosis,2021,2021-11-01,American Journal of Neuroradiology,Pontillo G.,10.3174/ajnr.A7274,2-s2.0-85119491254,SCOPUS_ID:85119491254,32,Article,
DWI in brains of fetuses with congenital heart disease: A case-control MR imaging study,2021,2021-11-01,American Journal of Neuroradiology,Ren J.Y.,10.3174/ajnr.A7267,2-s2.0-85119112372,SCOPUS_ID:85119112372,10,Article,
Local intra-arterial thrombolysis during mechanical thrombectomy for refractory large-vessel occlusion: Adjunctive chemical enhancer of thrombectomy,2021,2021-11-01,American Journal of Neuroradiology,Baik S.H.,10.3174/ajnr.A7264,2-s2.0-85119454262,SCOPUS_ID:85119454262,14,Article,
Heterotopia in individuals with 22q11.2 deletion syndrome,2021,2021-11-01,American Journal of Neuroradiology,Neuhaus E.,10.3174/ajnr.A7283,2-s2.0-85119422729,SCOPUS_ID:85119422729,6,Article,
Dual-energy parathyroid 4D-CT: Improved discrimination of parathyroid lesions from thyroid tissue using noncontrast 40-keV virtual monoenergetic images,2021,2021-11-01,American Journal of Neuroradiology,Bunch P.M.,10.3174/ajnr.A7265,2-s2.0-85119100935,SCOPUS_ID:85119100935,23,Article,
A uniform description of perioperative brain MRI findings in infants with severe congenital heart disease: Results of a European collaboration,2021,2021-11-01,American Journal of Neuroradiology,Stegeman R.,10.3174/ajnr.A7328,2-s2.0-85119410052,SCOPUS_ID:85119410052,38,Article,
Evolution of MRI findings in patients with idiopathic intracranial hypertension after venous sinus stenting,2021,2021-11-01,American Journal of Neuroradiology,Belachew N.F.,10.3174/ajnr.A7311,2-s2.0-85119522717,SCOPUS_ID:85119522717,6,Article,
Imaging features of symptomatic MCA stenosis in patients of different ages: A vessel wall MR imaging study,2021,2021-11-01,American Journal of Neuroradiology,Kang H.,10.3174/ajnr.A7268,2-s2.0-85119452742,SCOPUS_ID:85119452742,4,Article,
Outcomes of mechanical thrombectomy in the early (<6-hour) and extended (‡6-hour) time window based solely on noncontrast CT and CT angiography: A propensity score-matched cohort study,2021,2021-11-01,American Journal of Neuroradiology,Hendrix P.,10.3174/ajnr.A7271,2-s2.0-85119441314,SCOPUS_ID:85119441314,19,Article,
Pulsatility attenuation along the carotid siphon in pseudoxanthoma elasticum,2021,2021-11-01,American Journal of Neuroradiology,Bartstra J.W.,10.3174/ajnr.A7288,2-s2.0-85119113018,SCOPUS_ID:85119113018,4,Article,
MRI patterns in pediatric CNS hemophagocytic lymphohistiocytosis,2021,2021-11-01,American Journal of Neuroradiology,Malik P.,10.3174/ajnr.A7292,2-s2.0-85119415014,SCOPUS_ID:85119415014,25,Article,
Evaluation of outcome prediction of flow diversion for intracranial aneurysms,2021,2021-11-01,American Journal of Neuroradiology,Hadad S.,10.3174/ajnr.A7263,2-s2.0-85119398896,SCOPUS_ID:85119398896,9,Article,
MR imaging differences in the circle of willis between healthy children and adults,2021,2021-11-01,American Journal of Neuroradiology,Guilliams K.P.,10.3174/ajnr.A7290,2-s2.0-85119098749,SCOPUS_ID:85119098749,6,Article,
Selective motor control is a clinical correlate of brain motor tract impairment in children with spastic bilateral cerebral palsy,2021,2021-11-01,American Journal of Neuroradiology,Vuong A.,10.3174/ajnr.A7272,2-s2.0-85119146315,SCOPUS_ID:85119146315,12,Article,
Grading of pediatric intracranial tumors: Are intravoxel incoherent motion and diffusional kurtosis imaging superior to conventional DWI?,2021,2021-11-01,American Journal of Neuroradiology,She D.,10.3174/ajnr.A7270,2-s2.0-85119409645,SCOPUS_ID:85119409645,12,Article,
Prenatal diagnosis of third and fourth branchial apparatus anomalies: Case series and comparison with lymphatic malformation,2021,2021-11-01,American Journal of Neuroradiology,Li Y.,10.3174/ajnr.A7293,2-s2.0-85119140738,SCOPUS_ID:85119140738,10,Article,
Intraindividual comparison between the contrast-enhanced golden-angle radial sparse parallel sequence and the conventional fat-suppressed contrast-enhanced T1-weighted spin-echo sequence for head and neck MRI,2021,2021-11-01,American Journal of Neuroradiology,Hur S.J.,10.3174/ajnr.A7285,2-s2.0-85119493626,SCOPUS_ID:85119493626,9,Article,
A thrombectomy model based on Ex vivo whole human brains,2021,2021-11-01,American Journal of Neuroradiology,Liu Y.,10.3174/ajnr.A7291,2-s2.0-85119429007,SCOPUS_ID:85119429007,4,Article,
Measuring 3D cochlear duct length on MRI: Is it accurate and reliable?,2021,2021-11-01,American Journal of Neuroradiology,Eser M.B.,10.3174/ajnr.A7287,2-s2.0-85119151405,SCOPUS_ID:85119151405,4,Article,
Impact of implementing an elaborated CT perfusion protocol for aneurysmal SAH on functional outcome: CTP protocol for SAH,2021,2021-11-01,American Journal of Neuroradiology,Malinova V.,10.3174/ajnr.A7279,2-s2.0-85119404979,SCOPUS_ID:85119404979,8,Article,
Mapping human fetal brain maturation in vivo using quantitative MRI,2021,2021-11-01,American Journal of Neuroradiology,Schmidbauer V.U.,10.3174/ajnr.A7286,2-s2.0-85119430742,SCOPUS_ID:85119430742,15,Article,
Protuberant fibro-osseous lesion of the temporal bone: “Bullough bump”—multimodality imaging case series and literature review,2021,2021-11-01,American Journal of Neuroradiology,Shekhrajka N.,10.3174/ajnr.A7298,2-s2.0-85119417734,SCOPUS_ID:85119417734,1,Article,
Spiral 2D T2-weighted TSE brain MR imaging: Initial clinical experience,2021,2021-11-01,American Journal of Neuroradiology,Sartoretti E.,10.3174/ajnr.A7299,2-s2.0-85119140547,SCOPUS_ID:85119140547,2,Article,
The first examination of diagnostic performance of automated measurement of the callosal angle in 1856 elderly patients and volunteers indicates that 12.4% of exams met the criteria for possible normal pressure hydrocephalus,2021,2021-11-01,American Journal of Neuroradiology,Borzage M.,10.3174/ajnr.A7294,2-s2.0-85119128526,SCOPUS_ID:85119128526,16,Article,
SWI susceptibility vessel sign in patients undergoing mechanical thrombectomy for acute ischemic stroke,2021,2021-11-01,American Journal of Neuroradiology,Belachew N.F.,10.3174/ajnr.A7281,2-s2.0-85119434725,SCOPUS_ID:85119434725,16,Article,
"From dysembryoplastic neuroepithelial tumors to myxoid glioneuronal tumors, a new entity",2021,2021-11-01,American Journal of Neuroradiology,Zamora C.,10.3174/ajnr.A7273,2-s2.0-85119519108,SCOPUS_ID:85119519108,9,Letter,
Sodium MR neuroimaging,2021,2021-11-01,American Journal of Neuroradiology,Hagiwara A.,10.3174/ajnr.A7261,2-s2.0-85119401006,SCOPUS_ID:85119401006,20,Review,
MRI evaluation of the normal and abnormal endolymphatic duct in the pediatric population: A comparison with high-resolution CT,2021,2021-10-01,American Journal of Neuroradiology,Clarke R.L.,10.3174/ajnr.A7224,2-s2.0-85117024951,SCOPUS_ID:85117024951,8,Article,
Contrast bolus interference in a multimodal CT stroke protocol,2021,2021-10-01,American Journal of Neuroradiology,Kellner E.,10.3174/ajnr.A7247,2-s2.0-85117003946,SCOPUS_ID:85117003946,10,Article,
Comparison of hippocampal subfield segmentation agreement between 2 automated protocols across the adult life span,2021,2021-10-01,American Journal of Neuroradiology,Samara A.,10.3174/ajnr.A7244,2-s2.0-85116991242,SCOPUS_ID:85116991242,12,Article,
Flow diversion of posterior circulation aneurysms: Systematic review of disaggregated individual patient data,2021,2021-10-01,American Journal of Neuroradiology,Alwakeal A.,10.3174/ajnr.A7220,2-s2.0-85116992861,SCOPUS_ID:85116992861,35,Article,
Diagnostic role of diffusion-weighted and dynamic contrast-enhanced perfusion mr imaging in paragangliomas and schwannomas in the head and neck,2021,2021-10-01,American Journal of Neuroradiology,Ota Y.,10.3174/ajnr.A7266,2-s2.0-85116998158,SCOPUS_ID:85116998158,34,Article,
Persistent trigeminal artery: A novel imaging finding in charge syndrome,2021,2021-10-01,American Journal of Neuroradiology,Siddiqui A.,10.3174/ajnr.A7240,2-s2.0-85116963777,SCOPUS_ID:85116963777,4,Article,
Differentiation of jugular foramen paragangliomas versus schwannomas using golden-angle radial sparse parallel dynamic contrast-enhanced MRI,2021,2021-10-01,American Journal of Neuroradiology,Pires A.,10.3174/ajnr.A7243,2-s2.0-85116963625,SCOPUS_ID:85116963625,6,Article,
COVID-19-associated myelitis involving the dorsal and lateral white matter tracts: A case series and review of the literature,2021,2021-10-01,American Journal of Neuroradiology,Huang H.Y.,10.3174/ajnr.A7256,2-s2.0-85116999119,SCOPUS_ID:85116999119,17,Article,
Transmantle pressure computed from MR imaging measurements of aqueduct flow and dimensions,2021,2021-10-01,American Journal of Neuroradiology,Sincomb S.J.,10.3174/ajnr.A7246,2-s2.0-85117020986,SCOPUS_ID:85117020986,8,Article,
Correlation between cranial nerve microstructural characteristics and vestibular schwannoma tumor volume,2021,2021-10-01,American Journal of Neuroradiology,Halawani A.M.,10.3174/ajnr.A7257,2-s2.0-85117246060,SCOPUS_ID:85117246060,2,Article,
Alterations in the magnetoencephalography default mode effective connectivity following concussion,2021,2021-10-01,American Journal of Neuroradiology,Reddy D.D.,10.3174/ajnr.A7232,2-s2.0-85117043716,SCOPUS_ID:85117043716,6,Article,
Brazilian FRED registry: A prospective multicenter study for brain aneurysm treatment-the BRED study,2021,2021-10-01,American Journal of Neuroradiology,Manzato L.B.,10.3174/ajnr.A7258,2-s2.0-85117039449,SCOPUS_ID:85117039449,8,Article,
Automating quantitative measures of an established conventional MRI scoring system for preterm-born infants scanned between 29 and 47 weeks' postmenstrual age,2021,2021-10-01,American Journal of Neuroradiology,van Eijk L.,10.3174/ajnr.A7230,2-s2.0-85117050338,SCOPUS_ID:85117050338,1,Article,
Rescan time delays in ischemic stroke imaging: A retrospective observation and analysis of causes and clinical impact,2021,2021-10-01,American Journal of Neuroradiology,Katz J.M.,10.3174/ajnr.A7227,2-s2.0-85117039775,SCOPUS_ID:85117039775,9,Article,
Correlation between 2D and 3D fetal brain MRI biometry and neurodevelopmental outcomes in fetuses with suspected microcephaly and macrocephaly,2021,2021-10-01,American Journal of Neuroradiology,Fried S.,10.3174/ajnr.A7225,2-s2.0-85117050819,SCOPUS_ID:85117050819,3,Article,
Calcified pseudoneoplasm of the neuraxis,2021,2021-10-01,American Journal of Neuroradiology,Benson J.C.,10.3174/ajnr.A7237,2-s2.0-85117021329,SCOPUS_ID:85117021329,3,Article,
Imaging of neuromodulation and surgical interventions for epilepsy,2021,2021-10-01,American Journal of Neuroradiology,Adin M.E.,10.3174/ajnr.A7222,2-s2.0-85117024842,SCOPUS_ID:85117024842,13,Review,
Reply,2021,2021-10-01,American Journal of Neuroradiology,Kuo J.H.,10.3174/ajnr.A7282,2-s2.0-85117063197,SCOPUS_ID:85117063197,0,Letter,
Growth curves of subependymal giant cell tumors in tuberous sclerosis complex,2021,2021-10-01,American Journal of Neuroradiology,Barnett J.R.,10.3174/ajnr.A7231,2-s2.0-85117036106,SCOPUS_ID:85117036106,0,Article,
Erratum: Antiplatelet management for stent-assisted coiling and flow diversion of ruptured intracranial aneurysms: A delphi consensus statement (AJNR Am J Neuroradiol (2020) 41 (1856-1862) DOI: 10.3174/ajnr.A6814),2021,2021-10-01,American Journal of Neuroradiology,,10.3174/ajnr.A7238,2-s2.0-85117184467,SCOPUS_ID:85117184467,0,Erratum,
A radiologic grading system for assessing the radiographic outcome of treatment in lymphatic and lymphatic-venous malformations of the head and neck,2021,2021-10-01,American Journal of Neuroradiology,de Leacy R.,10.3174/ajnr.A7260,2-s2.0-85117030229,SCOPUS_ID:85117030229,8,Article,
Are retropharyngeal parathyroid adenomas associated with retropharyngeal carotid arteries?,2021,2021-10-01,American Journal of Neuroradiology,Kadam G.H.,10.3174/ajnr.A7248,2-s2.0-85116968780,SCOPUS_ID:85116968780,0,Letter,
Noncontrast MRI protocol for selected pediatric pituitary endocrinopathies: A procedure with high diagnostic yield and potential to reduce anesthesia and gadolinium-based contrast exposure,2021,2021-10-01,American Journal of Neuroradiology,Huang J.,10.3174/ajnr.A7228,2-s2.0-85117026798,SCOPUS_ID:85117026798,4,Article,
Deep learning-based software improves clinicians' detection sensitivity of aneurysms on brain TOF-MRA,2021,2021-10-01,American Journal of Neuroradiology,Sohn B.,10.3174/ajnr.A7242,2-s2.0-85116980736,SCOPUS_ID:85116980736,24,Article,
Artificial intelligence-based 3D angiography for visualization of complex cerebrovascular pathologies,2021,2021-10-01,American Journal of Neuroradiology,Lang S.,10.3174/ajnr.A7252,2-s2.0-85116970694,SCOPUS_ID:85116970694,11,Article,
A longitudinal analysis of early lesion growth in presymptomatic patients with cerebral adrenoleukodystrophy,2021,2021-10-01,American Journal of Neuroradiology,Mallack E.J.,10.3174/ajnr.A7250,2-s2.0-85117047020,SCOPUS_ID:85117047020,11,Article,
Patient-relevant deficits dictate endovascular thrombectomy decision-making in patients with low nihss scores with medium-vessel occlusion stroke,2021,2021-10-01,American Journal of Neuroradiology,McDonough R.,10.3174/ajnr.A7253,2-s2.0-85117038706,SCOPUS_ID:85117038706,9,Article,
Qualifying certainty in radiology reports through deep learning-based natural language processing,2021,2021-10-01,American Journal of Neuroradiology,Liu F.,10.3174/ajnr.A7241,2-s2.0-85117004415,SCOPUS_ID:85117004415,18,Article,
The brain metabolic signature in superagers using in vivo 1H-MRS: A pilot study,2021,2021-10-01,American Journal of Neuroradiology,de Godoy L.L.,10.3174/ajnr.A7262,2-s2.0-85117214940,SCOPUS_ID:85117214940,16,Article,
Evaluation of posterior fossa biometric measurements on fetal mri in the evaluation of dandy-walker continuum,2021,2021-09-01,American Journal of Neuroradiology,Nagaraj U.D.,10.3174/ajnr.A7215,2-s2.0-85114852307,SCOPUS_ID:85114852307,16,Article,
Diagnostic performance of conebeam ct pixel values in active fenestral otosclerosis,2021,2021-09-01,American Journal of Neuroradiology,Deng F.,10.3174/ajnr.A7192,2-s2.0-85114884193,SCOPUS_ID:85114884193,4,Article,
Reliability and agreement of 2d and 3d measurements on mras for growth assessment of unruptured intracranial aneurysms,2021,2021-09-01,American Journal of Neuroradiology,Timmins K.M.,10.3174/ajnr.A7186,2-s2.0-85113399713,SCOPUS_ID:85113399713,15,Article,
Safety and efficacy of stent-assisted coiling of unruptured intracranial aneurysms using low-profile stents in small parent arteries,2021,2021-09-01,American Journal of Neuroradiology,Kim J.,10.3174/ajnr.A7196,2-s2.0-85114872553,SCOPUS_ID:85114872553,19,Article,
Preoperative mri evaluation of thyroid cartilage invasion in patients with laryngohypopharyngeal cancer: Comparison of contrast-enhanced 2d spin-echo and 3d t1-weighted radial gradient recalled-echo techniques,2021,2021-09-01,American Journal of Neuroradiology,Park C.J.,10.3174/ajnr.A7213,2-s2.0-85114869965,SCOPUS_ID:85114869965,8,Article,
Time course and clinical correlates of retinal diffusion restrictions in acute central retinal artery occlusion,2021,2021-09-01,American Journal of Neuroradiology,Danyel L.A.,10.3174/ajnr.A7201,2-s2.0-85114877601,SCOPUS_ID:85114877601,11,Article,
Cervical spinal cord degeneration in spinocerebellar ataxia type 7,2021,2021-09-01,American Journal of Neuroradiology,Hernandez-Castillo C.R.,10.3174/ajnr.A7202,2-s2.0-85114876965,SCOPUS_ID:85114876965,4,Article,
Evaluation of ultrafastwave-controlled aliasing in parallel imaging 3d-flair in the visualization and volumetric estimation of cerebralwhite matter lesions,2021,2021-09-01,American Journal of Neuroradiology,Ngamsombat C.,10.3174/ajnr.A7191,2-s2.0-85114868507,SCOPUS_ID:85114868507,15,Article,
Noninvasive angiographic results of clipped or coiled intracranial aneurysms: An inter- And intraobserver reliability study,2021,2021-09-01,American Journal of Neuroradiology,Benomar A.,10.3174/ajnr.A7236,2-s2.0-85114900288,SCOPUS_ID:85114900288,12,Article,
"Recommendations in second opinion reports of neurologic head and neck imaging: Frequency, referring clinicians' compliance, and diagnostic yield",2021,2021-09-01,American Journal of Neuroradiology,Heinz S.A.,10.3174/ajnr.A7197,2-s2.0-85114896015,SCOPUS_ID:85114896015,1,Article,
Safety and efficacy of the woven endobridge device for treatment of ruptured intracranial aneurysms: A systematic review and meta-analysis,2021,2021-09-01,American Journal of Neuroradiology,Essibayi M.A.,10.3174/ajnr.A7174,2-s2.0-85114874219,SCOPUS_ID:85114874219,45,Review,
The safety of intra-arterial tirofiban during endovascular therapy after intravenous thrombolysis,2021,2021-09-01,American Journal of Neuroradiology,Jang S.H.,10.3174/ajnr.A7203,2-s2.0-85114867860,SCOPUS_ID:85114867860,22,Article,
More on exploiting the t1 shinethrough and T2∗ effects using multiecho susceptibility-weighted imaging,2021,2021-09-01,American Journal of Neuroradiology,Hsu C.C.T.,10.3174/ajnr.A7175,2-s2.0-85114891509,SCOPUS_ID:85114891509,3,Letter,
Neuroimaging findings in retinal vasculopathy with cerebral leukoencephalopathy and systemic manifestations,2021,2021-09-01,American Journal of Neuroradiology,Hoogeveen E.S.,10.3174/ajnr.A7194,2-s2.0-85114887285,SCOPUS_ID:85114887285,11,Article,
Absence of meckel cave: A rare cause of trigeminal neuralgia,2021,2021-09-01,American Journal of Neuroradiology,Jain A.,10.3174/ajnr.A7205,2-s2.0-85114860163,SCOPUS_ID:85114860163,10,Article,
Susceptibility artifacts in the anterior cranial fossa mimicking hemorrhage in patients with anosmia,2021,2021-09-01,American Journal of Neuroradiology,Manov J.J.,10.3174/ajnr.A7184,2-s2.0-85114896254,SCOPUS_ID:85114896254,1,Letter,
Ct-guided caudal epidural infiltrations: A technical note,2021,2021-09-01,American Journal of Neuroradiology,Gossner J.,10.3174/ajnr.A7178,2-s2.0-85114864147,SCOPUS_ID:85114864147,1,Letter,
Altered blood flow in the ophthalmic and internal carotid arteries in patients with age-related macular degeneration measured using noncontrast mr angiography at 7t,2021,2021-09-01,American Journal of Neuroradiology,Hibert M.L.,10.3174/ajnr.A7187,2-s2.0-85114883671,SCOPUS_ID:85114883671,22,Article,
Dual-layer spectral ct imaging of upper aerodigestive tract cancer: Analysis of spectral imaging parameters and impact on tumor staging,2021,2021-09-01,American Journal of Neuroradiology,Hsu C.C.T.,10.3174/ajnr.A7239,2-s2.0-85114870129,SCOPUS_ID:85114870129,7,Article,
"Radiology-pathology correlations of intracranial clots: Current theories, clinical applications, and future directions",2021,2021-09-01,American Journal of Neuroradiology,Benson J.C.,10.3174/ajnr.A7249,2-s2.0-85114884879,SCOPUS_ID:85114884879,17,Review,
When should a brain mri be performed in children with new-onset seizures? results of a large prospective trial,2021,2021-09-01,American Journal of Neuroradiology,Hourani R.,10.3174/ajnr.A7193,2-s2.0-85114868537,SCOPUS_ID:85114868537,12,Article,
Radiomic phenotypes distinguish atypical teratoid/rhabdoid tumors from medulloblastoma,2021,2021-09-01,American Journal of Neuroradiology,Zhang M.,10.3174/ajnr.A7200,2-s2.0-85114855457,SCOPUS_ID:85114855457,21,Article,
Can assessment of the tongue on brain mri aid differentiation of seizure from alternative causes of transient loss of consciousness?,2021,2021-09-01,American Journal of Neuroradiology,Erickson J.A.,10.3174/ajnr.A7188,2-s2.0-85114891144,SCOPUS_ID:85114891144,0,Conference Paper,
Nonstenotic carotid plaques in ischemic stroke: Analysis of the stratis registry,2021,2021-09-01,American Journal of Neuroradiology,Singh N.,10.3174/ajnr.A7218,2-s2.0-85114887128,SCOPUS_ID:85114887128,13,Article,
Enlargement of the optic chiasm: A novel imaging finding in glutaric aciduria type 1,2021,2021-09-01,American Journal of Neuroradiology,Ntorkou A.A.,10.3174/ajnr.A7199,2-s2.0-85114852060,SCOPUS_ID:85114852060,5,Article,
Ticagrelor versus clopidogrel in the dual antiplatelet regimen for intracranial stenting or flow-diverter treatment for unruptured cerebral aneurysms: A single-center cohort study,2021,2021-09-01,American Journal of Neuroradiology,Park K.Y.,10.3174/ajnr.A7216,2-s2.0-85114867347,SCOPUS_ID:85114867347,41,Article,
Reply,2021,2021-09-01,American Journal of Neuroradiology,Wang L.X.,10.3174/ajnr.A7233,2-s2.0-85114888186,SCOPUS_ID:85114888186,0,Letter,
"Roadmap consensus on carotid artery plaque imaging and impact on therapy strategies and guidelines: An international, multispecialty, expert review and position statement",2021,2021-09-01,American Journal of Neuroradiology,Saba L.,10.3174/ajnr.A7223,2-s2.0-85114870956,SCOPUS_ID:85114870956,49,Review,
Atlas-based quantification of dti measures in a typically developing pediatric spinal cord,2021,2021-09-01,American Journal of Neuroradiology,Shahrampour S.,10.3174/ajnr.A7221,2-s2.0-85114879549,SCOPUS_ID:85114879549,5,Article,
"The possible difference ofunderlying pathophysiologies between ""ivy sign"" on contrast-enhanced mri and flair",2021,2021-09-01,American Journal of Neuroradiology,Mori N.,10.3174/ajnr.A7176,2-s2.0-85114886177,SCOPUS_ID:85114886177,1,Letter,
"Regarding ""cta evaluation of basilar septations: An entity better characterized as aberrant basilar fenestrations""",2021,2021-09-01,American Journal of Neuroradiology,Hynes J.,10.3174/ajnr.A7206,2-s2.0-85114879281,SCOPUS_ID:85114879281,1,Letter,
Synthetic mri in neurofibromatosis type 1,2021,2021-09-01,American Journal of Neuroradiology,Coban G.,10.3174/ajnr.A7214,2-s2.0-85114873724,SCOPUS_ID:85114873724,2,Article,
Racial and socioeconomic disparities in the use and outcomes of endovascular thrombectomy for acute ischemic stroke,2021,2021-09-01,American Journal of Neuroradiology,Mehta A.M.,10.3174/ajnr.A7217,2-s2.0-85114875430,SCOPUS_ID:85114875430,28,Review,
A volumetric metric for monitoring intracranial aneurysms: Repeatability and growth criteria in a longitudinal mr imaging study,2021,2021-09-01,American Journal of Neuroradiology,Liu X.,10.3174/ajnr.A7190,2-s2.0-85113394096,SCOPUS_ID:85113394096,13,Article,
Reply: Susceptibility Artifacts in the Anterior Cranial Fossa Mimicking Hemorrhage in Patients with Anosmia,2021,2021-09-01,American Journal of Neuroradiology,Aragao M.F.V.V.,10.3174/ajnr.A7234,2-s2.0-85114895590,SCOPUS_ID:85114895590,0,Letter,
Infarct growth despite successful endovascular reperfusion in acute ischemic stroke: A meta-analysis,2021,2021-08-01,American Journal of Neuroradiology,Bala F.,10.3174/ajnr.A7177,2-s2.0-85114132172,SCOPUS_ID:85114132172,34,Review,
COVID-19 stroke apical lung exam study: Is it really an accurate diagnostic method?,2021,2021-08-01,American Journal of Neuroradiology,Marquez S.,10.3174/ajnr.A7141,2-s2.0-85114130064,SCOPUS_ID:85114130064,0,Letter,
"Prevalence of cervical artery abnormalities on CTA in patients with spontaneous coronary artery dissection: Fibromuscular dysplasia, dissection, aneurysm, and tortuosity",2021,2021-08-01,American Journal of Neuroradiology,Benson J.C.,10.3174/ajnr.A7151,2-s2.0-85114121641,SCOPUS_ID:85114121641,11,Article,
The fetus with ganglionic eminence abnormality: Head size and extracranial sonographic findings predict genetic diagnoses and postnatal outcomes,2021,2021-08-01,American Journal of Neuroradiology,Goergen S.K.,10.3174/ajnr.A7131,2-s2.0-85112780628,SCOPUS_ID:85112780628,17,Review,
Clinical and procedural outcomes with or without balloon guide catheters during endovascular thrombectomy in acute ischemic stroke: A systematic review and meta-analysis with first-line technique subgroup analysis,2021,2021-08-01,American Journal of Neuroradiology,Podlasek A.,10.3174/ajnr.A7164,2-s2.0-85112780870,SCOPUS_ID:85112780870,28,Review,
Interobserver agreement in scoring angiographic results of basilar artery occlusion stroke therapy,2021,2021-08-01,American Journal of Neuroradiology,Findler M.,10.3174/ajnr.A7182,2-s2.0-85112769809,SCOPUS_ID:85112769809,4,Article,
Diffusion MRI microstructural abnormalities at term-equivalent age are associated with neurodevelopmental outcomes at 3 years of age in very preterm infants,2021,2021-08-01,American Journal of Neuroradiology,Parikh M.N.,10.3174/ajnr.A7135,2-s2.0-85114123073,SCOPUS_ID:85114123073,11,Review,
Hypothalamic pilomyxoid astrocytoma in a child with lipodystrophy,2021,2021-08-01,American Journal of Neuroradiology,Benson J.C.,10.3174/ajnr.A7136,2-s2.0-85114131273,SCOPUS_ID:85114131273,5,Article,
MTT and blood-brain barrier disruption within asymptomatic vascular WM lesions,2021,2021-08-01,American Journal of Neuroradiology,Dewey B.E.,10.3174/ajnr.A7165,2-s2.0-85112738623,SCOPUS_ID:85112738623,12,Article,
Simultaneous multislice for accelerating diffusion MRI in clinical neuroradiology protocols,2021,2021-08-01,American Journal of Neuroradiology,Hoch M.J.,10.3174/ajnr.A7140,2-s2.0-85114128375,SCOPUS_ID:85114128375,8,Article,
Convolutional neural network to stratify the malignancy risk of Thyroid nodules: Diagnostic performance compared with the American college of radiology Thyroid imaging reporting and data system implemented by experienced radiologists,2021,2021-08-01,American Journal of Neuroradiology,Kim G.R.,10.3174/ajnr.A7149,2-s2.0-85114122140,SCOPUS_ID:85114122140,15,Article,
Neuroaxial infantile hemangiomas: Imaging manifestations and association with hemangioma syndromes,2021,2021-08-01,American Journal of Neuroradiology,Feygin T.,10.3174/ajnr.A7204,2-s2.0-85114119980,SCOPUS_ID:85114119980,6,Review,
Linking stage-specific plasma biomarkers to gray matter atrophy in Parkinson disease,2021,2021-08-01,American Journal of Neuroradiology,Lin W.C.,10.3174/ajnr.A7171,2-s2.0-85112778820,SCOPUS_ID:85112778820,8,Article,
Reply,2021,2021-08-01,American Journal of Neuroradiology,Bala F.,10.3174/ajnr.A7161,2-s2.0-85112777130,SCOPUS_ID:85112777130,0,Letter,
Prognostic utility of disproportionately enlarged subarachnoid space hydrocephalus in idiopathic normal pressure hydrocephalus treated with ventriculoperitoneal shunt surgery: A systematic review and meta-analysis,2021,2021-08-01,American Journal of Neuroradiology,Park H.Y.,10.3174/ajnr.A7168,2-s2.0-85114123627,SCOPUS_ID:85114123627,24,Review,
MTT heterogeneity in perfusion CT imaging as a predictor of outcome after aneurysmal SAH,2021,2021-08-01,American Journal of Neuroradiology,Hofmann B.B.,10.3174/ajnr.A7169,2-s2.0-85114123088,SCOPUS_ID:85114123088,17,Article,
Is contrast medium really needed for follow-up MRI of untreated intracranial meningiomas?,2021,2021-08-01,American Journal of Neuroradiology,Boto J.,10.3174/ajnr.A7170,2-s2.0-85114119814,SCOPUS_ID:85114119814,18,Review,
Head CT: Toward making full use of the information the X-Rays give,2021,2021-08-01,American Journal of Neuroradiology,Cauley K.A.,10.3174/ajnr.A7153,2-s2.0-85112765907,SCOPUS_ID:85112765907,12,Review,
Transradial neuroendovascular procedures in adolescents: Initial single-center experience,2021,2021-08-01,American Journal of Neuroradiology,Alshehri H.,10.3174/ajnr.A7142,2-s2.0-85114128348,SCOPUS_ID:85114128348,10,Article,
Do prior iodine contrast injections affect cerebral blood flow measurement on CT perfusion studies of patients with large-vessel occlusions?,2021,2021-08-01,American Journal of Neuroradiology,Amukotuwa S.A.,10.3174/ajnr.A7139,2-s2.0-85114124730,SCOPUS_ID:85114124730,0,Letter,
Diagnostic accuracy and failure mode analysis of a deep learning algorithm for the detection of cervical spine fractures,2021,2021-08-01,American Journal of Neuroradiology,Voter A.F.,10.3174/ajnr.A7179,2-s2.0-85114119918,SCOPUS_ID:85114119918,79,Article,
Impact of A1 asymmetry on the woven EndoBridge device in anterior communicating artery aneurysms,2021,2021-08-01,American Journal of Neuroradiology,Cortese J.,10.3174/ajnr.A7189,2-s2.0-85112766399,SCOPUS_ID:85112766399,9,Article,
Comparison of measurement techniques and response criteria for MR imaging follow-up in adult primary central nervous system lymphoma,2021,2021-08-01,American Journal of Neuroradiology,Massicotte-Tisluck K.,10.3174/ajnr.A7132,2-s2.0-85114131213,SCOPUS_ID:85114131213,4,Article,
Collicular hyperactivation in patients with COVID-19: A new finding on brain MRI and PET/CT,2021,2021-08-01,American Journal of Neuroradiology,Chammas A.,10.3174/ajnr.A7158,2-s2.0-85114127195,SCOPUS_ID:85114127195,11,Article,
Strength of association between infarct volume and clinical outcome depends on the magnitude of infarct size: Results from the ESCAPE-NA1 trial,2021,2021-08-01,American Journal of Neuroradiology,Ospel J.M.,10.3174/ajnr.A7183,2-s2.0-85112847248,SCOPUS_ID:85112847248,54,Article,
Functional MRI shows altered deactivation and a corresponding decrease in functional connectivity of the default mode network in patients with gliomas,2021,2021-08-01,American Journal of Neuroradiology,Maniar Y.M.,10.3174/ajnr.A7138,2-s2.0-85114128801,SCOPUS_ID:85114128801,14,Article,
Dural arteriovenous fistulas of the foramen magnum region: Clinical features and angioarchitectural phenotypes,2021,2021-08-01,American Journal of Neuroradiology,Caton M.T.,10.3174/ajnr.A7152,2-s2.0-85113318991,SCOPUS_ID:85113318991,20,Article,
Hypoperfusion intensity ratio correlates with CTA collateral status in large-vessel occlusion acute Ischemic stroke,2021,2021-08-01,American Journal of Neuroradiology,Lyndon D.,10.3174/ajnr.A7181,2-s2.0-85114119811,SCOPUS_ID:85114119811,49,Article,
Diagnostic accuracy of screening arterial spin-labeling MRI using hadamard encoding for the detection of reduced CBF in adult patients with Ischemic Moyamoya disease,2021,2021-08-01,American Journal of Neuroradiology,Setta K.,10.3174/ajnr.A7167,2-s2.0-85114128113,SCOPUS_ID:85114128113,11,Article,
The updated neuroradiology milestones: Synapsing from 1.0 to 2.0,2021,2021-08-01,American Journal of Neuroradiology,Bhatt A.A.,10.3174/ajnr.A7123,2-s2.0-85114127742,SCOPUS_ID:85114127742,2,Article,
Cystlike lesions as a late sequela of radiotherapy in pediatric patients,2021,2021-08-01,American Journal of Neuroradiology,Veiga M.G.D.,10.3174/ajnr.A7156,2-s2.0-85114119912,SCOPUS_ID:85114119912,4,Article,
Digital didactics: Introducing the new ASNR neuroradiology fellowship curriculum,2021,2021-08-01,American Journal of Neuroradiology,Bunch P.M.,10.3174/ajnr.A7150,2-s2.0-85114131522,SCOPUS_ID:85114131522,1,Editorial,
A multicenter preliminary study of cangrelor following thrombectomy failure for refractory proximal intracranial occlusions,2021,2021-08-01,American Journal of Neuroradiology,Marnat G.,10.3174/ajnr.A7180,2-s2.0-85109286850,SCOPUS_ID:85109286850,21,Article,
Reply,2021,2021-08-01,American Journal of Neuroradiology,Amans M.R.,10.3174/ajnr.A7160,2-s2.0-85112784101,SCOPUS_ID:85112784101,0,Letter,
Look beyond the Heart: Extracoronary vascular manifestations of spontaneous coronary artery dissection,2021,2021-08-01,American Journal of Neuroradiology,Ramcharitar R.,10.3174/ajnr.A7212,2-s2.0-85114119948,SCOPUS_ID:85114119948,2,Note,
Reply:,2021,2021-07-01,American Journal of Neuroradiology,Gulko E.,10.3174/ajnr.A7159,2-s2.0-85110625842,SCOPUS_ID:85110625842,0,Letter,
Leptomeningeal enhancement due to covid-19 on 3d-flair and t1 black-blood mr imaging sequences,2021,2021-07-01,American Journal of Neuroradiology,Velonakis G.,10.3174/ajnr.A7104,2-s2.0-85110639311,SCOPUS_ID:85110639311,1,Letter,
Reply:,2021,2021-07-01,American Journal of Neuroradiology,Shlapak D.,10.3174/ajnr.A7126,2-s2.0-85110571619,SCOPUS_ID:85110571619,0,Letter,
Relationship between shear stiffness measured by mr elastography and perfusion metrics measured by perfusion ct of meningiomas,2021,2021-07-01,American Journal of Neuroradiology,Takamura T.,10.3174/ajnr.A7117,2-s2.0-85110694413,SCOPUS_ID:85110694413,11,Article,
Quantitative susceptibility mapping of venous vessels in neonates with perinatal asphyxia,2021,2021-07-01,American Journal of Neuroradiology,Weber A.M.,10.3174/ajnr.A7086,2-s2.0-85110652514,SCOPUS_ID:85110652514,2,Article,
Cerebral venous thrombosis in covid-19: A new york metropolitan cohort study,2021,2021-07-01,American Journal of Neuroradiology,Al-Mufti F.,10.3174/ajnr.A7134,2-s2.0-85107737144,SCOPUS_ID:85107737144,49,Article,
Resting-state functional mri for determining language lateralization in children with drug-resistant epilepsy,2021,2021-07-01,American Journal of Neuroradiology,Phillips N.L.,10.3174/ajnr.A7110,2-s2.0-85110674929,SCOPUS_ID:85110674929,13,Article,
Imaging patterns characterizing mitochondrial leukodystrophies,2021,2021-07-01,American Journal of Neuroradiology,Roosendaal S.D.,10.3174/ajnr.A7097,2-s2.0-85110583300,SCOPUS_ID:85110583300,51,Article,
Asynchrony in peritumoral resting-state blood oxygen level-dependent fmri predicts meningioma grade and invasion,2021,2021-07-01,American Journal of Neuroradiology,Wu P.B.,10.3174/ajnr.A7154,2-s2.0-85110623844,SCOPUS_ID:85110623844,2,Article,
Variability of normal pressure hydrocephalus imaging biomarkers with respect to section plane angulation: Howwrong a radiologist can be?,2021,2021-07-01,American Journal of Neuroradiology,Ryska P.,10.3174/ajnr.A7095,2-s2.0-85110491641,SCOPUS_ID:85110491641,14,Article,
Endovascular treatment of small and very small intracranial aneurysms with the woven endobridge device,2021,2021-07-01,American Journal of Neuroradiology,Girot J.B.,10.3174/ajnr.A7115,2-s2.0-85110575751,SCOPUS_ID:85110575751,5,Article,
Expediting care and improving patient experience: Imaging after subdural contrast injection during myelography,2021,2021-07-01,American Journal of Neuroradiology,Antonucci M.U.,10.3174/ajnr.A7114,2-s2.0-85110671700,SCOPUS_ID:85110671700,1,Letter,
Unraveling deep gray matter atrophy and iron and myelin changes in multiple sclerosis,2021,2021-07-01,American Journal of Neuroradiology,Pontillo G.,10.3174/ajnr.A7093,2-s2.0-85102994027,SCOPUS_ID:85102994027,44,Article,
"Refractory stroke thrombectomy: Prevalence, etiology, and adjunctive treatment in anorth american cohort",2021,2021-07-01,American Journal of Neuroradiology,Abdalla R.N.,10.3174/ajnr.A7124,2-s2.0-85110673743,SCOPUS_ID:85110673743,20,Article,
Pressure cooker technique for endovascular treatment of spinal arteriovenous fistulas: Experience in 15 cases,2021,2021-07-01,American Journal of Neuroradiology,Clarençon F.,10.3174/ajnr.A7078,2-s2.0-85110572554,SCOPUS_ID:85110572554,15,Article,
Comparison of readout-segmented echo-planar imaging and single-shot tse dwi for cholesteatoma diagnostics,2021,2021-07-01,American Journal of Neuroradiology,Wiesmueller M.,10.3174/ajnr.A7112,2-s2.0-85110571254,SCOPUS_ID:85110571254,13,Review,
Carotid stenting without embolic protection increases major adverse events: Analysis of the national surgical quality improvement program,2021,2021-07-01,American Journal of Neuroradiology,Nazari P.,10.3174/ajnr.A7108,2-s2.0-85110714932,SCOPUS_ID:85110714932,21,Article,
"Carotid intraplaque hemorrhage and stenosis: At what stage of plaque progression does intraplaque hemorrhage occur, and when is it most likely to be associated with symptoms?",2021,2021-07-01,American Journal of Neuroradiology,Larson A.S.,10.3174/ajnr.A7133,2-s2.0-85110777274,SCOPUS_ID:85110777274,23,Article,
"Mr-eye: High-resolution microscopy coil mri for the assessment of the orbit and periorbital structures, part 2: Clinical applications",2021,2021-07-01,American Journal of Neuroradiology,Dobbs N.W.,10.3174/ajnr.A7080,2-s2.0-85110421681,SCOPUS_ID:85110421681,7,Review,
Acceleration of brain tof-mra with compressed sensitivity encoding: A multicenter clinical study,2021,2021-07-01,American Journal of Neuroradiology,Ding J.,10.3174/ajnr.A7091,2-s2.0-85110618893,SCOPUS_ID:85110618893,23,Conference Paper,
Mri-visible perivascular spaces in the centrum semiovale are associated with brain amyloid deposition in patients with alzheimer disease-related cognitive impairment,2021,2021-07-01,American Journal of Neuroradiology,Kim H.J.,10.3174/ajnr.A7155,2-s2.0-85110595824,SCOPUS_ID:85110595824,30,Article,
Iatrogenic foreign materials associated with retrieved clot tissue via mechanical thrombectomy,2021,2021-07-01,American Journal of Neuroradiology,Abbasi M.,10.3174/ajnr.A7106,2-s2.0-85110752519,SCOPUS_ID:85110752519,9,Article,
Modelling the anatomic distribution of neurologic events in patients with covid-19: A systematic review of mri findings,2021,2021-07-01,American Journal of Neuroradiology,Parsons N.,10.3174/ajnr.A7113,2-s2.0-85110672554,SCOPUS_ID:85110672554,34,Article,
Another step toward theunderstanding of carotid artery pathology,2021,2021-07-01,American Journal of Neuroradiology,Podlasek A.,10.3174/ajnr.A7137,2-s2.0-85110640945,SCOPUS_ID:85110640945,1,Note,
Arterial and venous 3d fusion av-3d-dsa: A novel approach to cerebrovascular neuroimaging,2021,2021-07-01,American Journal of Neuroradiology,Raz E.,10.3174/ajnr.A7103,2-s2.0-85105732321,SCOPUS_ID:85105732321,11,Article,
Novel human acute ischemic stroke blood clot analogs for in vitro thrombectomy testing,2021,2021-07-01,American Journal of Neuroradiology,Fitzgerald S.T.,10.3174/ajnr.A7102,2-s2.0-85110588902,SCOPUS_ID:85110588902,23,Conference Paper,
Ct cervical spine fracture detection using a convolutional neural network,2021,2021-07-01,American Journal of Neuroradiology,Small J.E.,10.3174/ajnr.A7094,2-s2.0-85110635773,SCOPUS_ID:85110635773,90,Article,
Optimal duration of mri follow-up to safely identify middle ear residual cholesteatoma,2021,2021-07-01,American Journal of Neuroradiology,Fourez A.L.,10.3174/ajnr.A7116,2-s2.0-85110448429,SCOPUS_ID:85110448429,7,Article,
The true potential of artificial intelligence for detection of large-vessel occlusion: The role of M2 occlusions,2021,2021-07-01,American Journal of Neuroradiology,Luijten S.P.R.,10.3174/ajnr.A7111,2-s2.0-85110653341,SCOPUS_ID:85110653341,1,Letter,
Assessment of mr imaging and ct in differentiating hereditary and nonhereditary paragangliomas,2021,2021-07-01,American Journal of Neuroradiology,Ota Y.,10.3174/ajnr.A7166,2-s2.0-85110659317,SCOPUS_ID:85110659317,13,Article,
Virtual biopsy: A reality thanks to advances in radiology,2021,2021-07-01,American Journal of Neuroradiology,Aragao M.F.V.V.,10.3174/ajnr.A7092,2-s2.0-85106158816,SCOPUS_ID:85106158816,2,Letter,
Reply:,2021,2021-07-01,American Journal of Neuroradiology,Yahav-Dovrat A.,10.3174/ajnr.A7146,2-s2.0-85110443572,SCOPUS_ID:85110443572,0,Letter,
T1 mapping for microstructural assessment of the cervical spinal cord in the evaluation of patients with degenerative cervical myelopathy,2021,2021-07-01,American Journal of Neuroradiology,Baucher G.,10.3174/ajnr.A7157,2-s2.0-85110659540,SCOPUS_ID:85110659540,9,Article,
Vessel wall enhancement on black-blood MRI predicts acute and future stroke in cerebral amyloid angiopathy,2021,2021-06-01,American Journal of Neuroradiology,McNally J.S.,10.3174/ajnr.A7047,2-s2.0-85108358453,SCOPUS_ID:85108358453,14,Article,
Notification of a voluntary product recall for software used in a prior published article,2021,2021-06-01,American Journal of Neuroradiology,Mettenburg J.M.,10.3174/ajnr.A7063,2-s2.0-85108343163,SCOPUS_ID:85108343163,0,Letter,
MRI shrimp sign in cerebellar progressive multifocal leukoencephalopathy: Description and validation of a novel observation,2021,2021-06-01,American Journal of Neuroradiology,Adra N.,10.3174/ajnr.A7145,2-s2.0-85108363132,SCOPUS_ID:85108363132,36,Review,
A novel method to measure venular perivascular spaces in patients with MS on 7T MRI,2021,2021-06-01,American Journal of Neuroradiology,George I.C.,10.3174/ajnr.A7144,2-s2.0-85108367433,SCOPUS_ID:85108367433,20,Article,
Ganglionic eminence anomalies and coexisting cerebral developmental anomalies on fetal mr imaging: Multicenter-based review of 60 cases,2021,2021-06-01,American Journal of Neuroradiology,Scarabello M.,10.3174/ajnr.A7062,2-s2.0-85108378723,SCOPUS_ID:85108378723,20,Review,
MRI posttreatment surveillance for head and neck squamous cell carcinoma: Proposed MR NI-RADS criteria,2021,2021-06-01,American Journal of Neuroradiology,Ashour M.M.,10.3174/ajnr.A7058,2-s2.0-85107498108,SCOPUS_ID:85107498108,24,Article,
Flow-diversion treatment for unruptured ICA bifurcation aneurysms with unfavorable morphology for coiling,2021,2021-06-01,American Journal of Neuroradiology,Cagnazzo F.,10.3174/ajnr.A7125,2-s2.0-85108354368,SCOPUS_ID:85108354368,11,Article,
"Impact of SARS-CoV-2 pandemic on ""stroke code"" imaging utilization and yield",2021,2021-06-01,American Journal of Neuroradiology,Shatzkes D.R.,10.3174/ajnr.A7038,2-s2.0-85108349501,SCOPUS_ID:85108349501,2,Article,
Congenital nasal pyriform aperture stenosis: Evidence of premature fusion of the midline palatal suture,2021,2021-06-01,American Journal of Neuroradiology,Wine T.M.,10.3174/ajnr.A7056,2-s2.0-85108535550,SCOPUS_ID:85108535550,5,Conference Paper,
Brain and lung imaging correlation in patients with COVID-19: Could the severity of lung disease reflect the prevalence of acute abnormalities on neuroimaging? A global multicenter observational study,2021,2021-06-01,American Journal of Neuroradiology,Mahammedi A.,10.3174/ajnr.A7072,2-s2.0-85108309740,SCOPUS_ID:85108309740,28,Article,
Accumulation of brain hypointense foci on susceptibility-weighted imaging in childhood ataxia telangiectasia,2021,2021-06-01,American Journal of Neuroradiology,Dineen R.A.,10.3174/ajnr.A7107,2-s2.0-85108334077,SCOPUS_ID:85108334077,6,Article,
Detection of optic neuritis on routine brain MRI without and with the assistance of an image postprocessing algorithm,2021,2021-06-01,American Journal of Neuroradiology,Schroeder A.,10.3174/ajnr.A7068,2-s2.0-85108332540,SCOPUS_ID:85108332540,8,Conference Paper,
"Teleproctoring for neurovascular procedures: Demonstration of concept using optical see-through head-mounted display, interactive mixed reality, and virtual space sharing-A critical need highlighted by the COVID-19 pandemic",2021,2021-06-01,American Journal of Neuroradiology,Rai A.T.,10.3174/ajnr.A7066,2-s2.0-85108329463,SCOPUS_ID:85108329463,15,Review,
Complete evaluation of dementia: PET and MRI correlation and diagnosis for the neuroradiologist,2021,2021-06-01,American Journal of Neuroradiology,Oldan J.D.,10.3174/ajnr.A7079,2-s2.0-85108330487,SCOPUS_ID:85108330487,33,Conference Paper,
Neuroimaging features of ectopic cerebellar tissue: A case series study of a rare entity,2021,2021-06-01,American Journal of Neuroradiology,Orman G.,10.3174/ajnr.A7105,2-s2.0-85108348877,SCOPUS_ID:85108348877,1,Article,
Repeatability of automated image segmentation with BraTumIA in patients with recurrent glioblastoma,2021,2021-06-01,American Journal of Neuroradiology,Abu Khalaf N.,10.3174/ajnr.A7071,2-s2.0-85108351727,SCOPUS_ID:85108351727,3,Article,
Anatomic variation of the superficial temporal artery and posterior auricular artery in a pediatric moyamoya disease population,2021,2021-06-01,American Journal of Neuroradiology,Lee S.,10.3174/ajnr.A7059,2-s2.0-85108353954,SCOPUS_ID:85108353954,6,Article,
Anatomic variation of the superficial temporal artery and posterior auricular artery in a pediatric moyamoya disease population,2021,2021-06-01,American Journal of Neuroradiology,Lee S.,10.3174/ajnr.A7059,2-s2.0-85108353954,SCOPUS_ID:85108353954,6,Article,
Tissue at risk and ischemic core estimation using deep learning in acute stroke,2021,2021-06-01,American Journal of Neuroradiology,Yu Y.,10.3174/ajnr.A7081,2-s2.0-85108376433,SCOPUS_ID:85108376433,28,Conference Paper,
Dedicated 3D-T2-STIR-ZOOMit imaging improves demyelinating lesion detection in the anterior visual pathways of patients with multiple sclerosis,2021,2021-06-01,American Journal of Neuroradiology,Pravatà E.,10.3174/ajnr.A7082,2-s2.0-85108339099,SCOPUS_ID:85108339099,11,Article,
Insights into the AJNR review process,2021,2021-06-01,American Journal of Neuroradiology,Alvin M.D.,10.3174/ajnr.A7090,2-s2.0-85108359127,SCOPUS_ID:85108359127,0,Editorial,
Differential contribution of ASPECTS regions to clinical outcome after thrombectomy for acute ischemic stroke,2021,2021-06-01,American Journal of Neuroradiology,Seyedsaadat S.M.,10.3174/ajnr.A7096,2-s2.0-85108352301,SCOPUS_ID:85108352301,19,Article,
"Delayed contrast-enhanced MR angiography for the assessment of internal carotid bulb patency in the context of acute ischemic stroke: An accuracy, interrater, and intrarater agreement study",2021,2021-06-01,American Journal of Neuroradiology,Boisseau W.,10.3174/ajnr.A7054,2-s2.0-85108305401,SCOPUS_ID:85108305401,2,Article,
Diagnostic accuracy of arterial spin-labeling MR imaging in detecting the epileptogenic zone: Systematic review and meta-analysis,2021,2021-06-01,American Journal of Neuroradiology,Zeng J.Y.,10.3174/ajnr.A7061,2-s2.0-85108347357,SCOPUS_ID:85108347357,18,Review,
Absent cortical venous filling is associated with aggravated brain edema in acute ischemic strok,2021,2021-06-01,American Journal of Neuroradiology,Xia H.,10.3174/ajnr.A7039,2-s2.0-85108338586,SCOPUS_ID:85108338586,36,Article,
Comparison of radiologists and other specialists in the performance of lumbar puncture procedures over time,2021,2021-06-01,American Journal of Neuroradiology,Johnson D.R.,10.3174/ajnr.A7049,2-s2.0-85108323175,SCOPUS_ID:85108323175,14,Conference Paper,
Clinical features of cytotoxic lesions of the corpus callosum associated with aneurysmal subarachnoid hemorrhage,2021,2021-06-01,American Journal of Neuroradiology,Toi H.,10.3174/ajnr.A7055,2-s2.0-85108317627,SCOPUS_ID:85108317627,6,Article,
Propensity score analysis of flow diverters placed in scaffolding stents,2021,2021-06-01,American Journal of Neuroradiology,Poker A.,10.3174/ajnr.A7040,2-s2.0-85108376869,SCOPUS_ID:85108376869,1,Article,
Improving access to fast mri for emergent shunt evaluation,2021,2021-06-01,American Journal of Neuroradiology,Pfeifer C.M.,10.3174/ajnr.A7065,2-s2.0-85108349103,SCOPUS_ID:85108349103,0,Letter,
Susceptibility-weighted imaging of the pediatric brain after repeat doses of gadolinium-based contrast agent,2021,2021-06-01,American Journal of Neuroradiology,Ozturk K.,10.3174/ajnr.A7143,2-s2.0-85108350895,SCOPUS_ID:85108350895,1,Article,
Acute stroke imaging in transfer patients who received recent intravenous iodinated contrast at an outside facility: An unrecognized problem that deserves more attention,2021,2021-06-01,American Journal of Neuroradiology,Gulko E.,10.3174/ajnr.A7041,2-s2.0-85108367608,SCOPUS_ID:85108367608,1,Letter,
Widening the neuroimaging features of adenosine deaminase 2 deficiency,2021,2021-05-01,American Journal of Neuroradiology,Geraldo A.F.,10.3174/AJNR.A7019,2-s2.0-85106362536,SCOPUS_ID:85106362536,22,Conference Paper,
A novel endovascular therapy for CSF hypotension secondary to CSF-venous fistulas,2021,2021-05-01,American Journal of Neuroradiology,Brinjikji W.,10.3174/AJNR.A7014,2-s2.0-85106532649,SCOPUS_ID:85106532649,97,Article,
"Improved lesion conspicuity with contrast-enhanced 3D T1 TSE black-blood imaging in cranial neuritis: A comparative study of contrast-enhanced 3D T1 TSE, 3D T1 fast-spoiled gradient echo, and 3D T2 FLAIR",2021,2021-05-01,American Journal of Neuroradiology,Baek T.W.,10.3174/AJNR.A7025,2-s2.0-85106384228,SCOPUS_ID:85106384228,12,Article,
Impact of kidney function on CNS gadolinium deposition in patients receiving repeated doses of gadobutrol,2021,2021-05-01,American Journal of Neuroradiology,Dogra S.,10.3174/AJNR.A7031,2-s2.0-85106364778,SCOPUS_ID:85106364778,5,Article,
Interobserver reliability of an MR imaging scoring system in infants with hypoxic-ischemic encephalopathy,2021,2021-05-01,American Journal of Neuroradiology,Szakmar E.,10.3174/AJNR.A7048,2-s2.0-85106506765,SCOPUS_ID:85106506765,8,Article,
The challenge of an acute antithrombotic regimen for treatment of tandem lesions stroke,2021,2021-05-01,American Journal of Neuroradiology,Papanagiotou P.,10.3174/AJNR.A7122,2-s2.0-85106504170,SCOPUS_ID:85106504170,5,Note,
Altered processing of complex visual stimuli in patients with postconcussive visual motion sensitivity,2021,2021-05-01,American Journal of Neuroradiology,Allen J.W.,10.3174/AJNR.A7007,2-s2.0-85106458643,SCOPUS_ID:85106458643,14,Conference Paper,
Early postmarket results with embotrap II stent retriever for mechanical thrombectomy: a multicenter experience,2021,2021-05-01,American Journal of Neuroradiology,Srivatsan A.,10.3174/AJNR.A7067,2-s2.0-85106380414,SCOPUS_ID:85106380414,12,Conference Paper,
Postprocedural antiplatelet treatment after emergent carotid stenting in tandem lesions stroke: Impact on stent patency beyond day 1,2021,2021-05-01,American Journal of Neuroradiology,Pop R.,10.3174/AJNR.A6993,2-s2.0-85106361086,SCOPUS_ID:85106361086,17,Article,
MRI-based deep-learning method for determining glioma MGMT promoter methylation status,2021,2021-05-01,American Journal of Neuroradiology,Yogananda C.G.B.,10.3174/AJNR.A7029,2-s2.0-85106362470,SCOPUS_ID:85106362470,94,Article,
Distal transradial access for diagnostic cerebral angiography and neurointervention: Systematic review and meta-analysis,2021,2021-05-01,American Journal of Neuroradiology,Hoffman H.,10.3174/AJNR.A7074,2-s2.0-85106454580,SCOPUS_ID:85106454580,38,Article,
The pharyngolaryngeal venous plexus: A potential pitfall in surveillance imaging of the neck,2021,2021-05-01,American Journal of Neuroradiology,Bunch P.M.,10.3174/AJNR.A7033,2-s2.0-85106502502,SCOPUS_ID:85106502502,3,Article,
Do outcomes between women and men differ after endovascular thrombectomy? a meta-analysis,2021,2021-05-01,American Journal of Neuroradiology,Dmytriw A.A.,10.3174/AJNR.A7075,2-s2.0-85106353753,SCOPUS_ID:85106353753,23,Article,
Middle meningeal artery embolization using combined particle embolization and n-BCA with the dextrose 5% in water push technique for chronic subdural hematomas: a prospective safety and feasibility study,2021,2021-05-01,American Journal of Neuroradiology,Al-Mufti F.,10.3174/AJNR.A7077,2-s2.0-85106380656,SCOPUS_ID:85106380656,28,Article,
Inversion recovery ultrashort TE MR imaging of myelin is significantly correlated with disability in patients with multiple sclerosis,2021,2021-05-01,American Journal of Neuroradiology,Jang H.,10.3174/AJNR.A7006,2-s2.0-85106394951,SCOPUS_ID:85106394951,18,Article,
MGMT promoter methylation status in initial and recurrent glioblastoma: Correlation study with DWI and DSC PWI features,2021,2021-05-01,American Journal of Neuroradiology,Choi H.J.,10.3174/AJNR.A7004,2-s2.0-85106467365,SCOPUS_ID:85106467365,26,Article,
Neuroimaging offers low yield in children positive for SARS-CoV-2,2021,2021-05-01,American Journal of Neuroradiology,Orman G.,10.3174/AJNR.A7022,2-s2.0-85106360189,SCOPUS_ID:85106360189,12,Article,
Distal transradial access for diagnostic cerebral angiography and neurointervention: Systematic review and meta-analysis,2021,2021-05-01,American Journal of Neuroradiology,Hoffman H.,10.3174/AJNR.A7074,2-s2.0-85106454580,SCOPUS_ID:85106454580,38,Article,
MRI-based deep-learning method for determining glioma MGMT promoter methylation status,2021,2021-05-01,American Journal of Neuroradiology,Yogananda C.G.B.,10.3174/AJNR.A7029,2-s2.0-85106362470,SCOPUS_ID:85106362470,94,Article,
Severity of chest imaging is correlated with risk of acute neuroimaging findings among patients with COVID-19,2021,2021-05-01,American Journal of Neuroradiology,Lang M.,10.3174/AJNR.A7032,2-s2.0-85106380469,SCOPUS_ID:85106380469,10,Article,
Spinal compliance curves: Preliminary experience with a new tool for evaluating suspected CSF venous fistulas on CT myelography in patients with spontaneous intracranial hypotension,2021,2021-05-01,American Journal of Neuroradiology,Caton M.T.,10.3174/AJNR.A7018,2-s2.0-85105446078,SCOPUS_ID:85105446078,20,Conference Paper,
Am I ready to be an independent neuroradiologist? objective trends in neuroradiology fellows⇔ performance during the fellowship year,2021,2021-05-01,American Journal of Neuroradiology,Masur J.H.,10.3174/AJNR.A7030,2-s2.0-85106487001,SCOPUS_ID:85106487001,4,Conference Paper,
Posterior circulation endovascular thrombectomy for large-vessel occlusion: Predictors of favorable clinical outcome and analysis of first-pass effect,2021,2021-05-01,American Journal of Neuroradiology,Alexandre A.M.,10.3174/AJNR.A7023,2-s2.0-85104952641,SCOPUS_ID:85104952641,48,Article,
A diagnostic algorithm for posterior fossa tumors in children: A validation study,2021,2021-05-01,American Journal of Neuroradiology,Alves C.A.P.F.,10.3174/AJNR.A7057,2-s2.0-85106249398,SCOPUS_ID:85106249398,13,Article,
"Transient hyperintensity of the infant thyroid gland on T1-weighted MR imaging: Correlation with postnatal age, gestational age, and signal intensity of the pituitary gland",2021,2021-05-01,American Journal of Neuroradiology,Maki H.,10.3174/AJNR.A7024,2-s2.0-85106353724,SCOPUS_ID:85106353724,0,Article,
Peak width of skeletonized mean diffusivity as neuroimaging biomarker in cerebral amyloid angiopathy,2021,2021-05-01,American Journal of Neuroradiology,Raposo N.,10.3174/AJNR.A7042,2-s2.0-85106354957,SCOPUS_ID:85106354957,39,Article,
A review of robotic interventional neuroradiology,2021,2021-05-01,American Journal of Neuroradiology,Beaman C.B.,10.3174/AJNR.A6976,2-s2.0-85106355590,SCOPUS_ID:85106355590,64,Review,
Diagnosing carotid near-occlusion with phase-contrast MRI,2021,2021-05-01,American Journal of Neuroradiology,Johansson E.,10.3174/AJNR.A7076,2-s2.0-85105281935,SCOPUS_ID:85105281935,16,Article,
A systematic review of procedural complications from transforaminal lumbar puncture for intrathecal nusinersen administration in patients with spinal muscular atrophy,2021,2021-05-01,American Journal of Neuroradiology,Grayev A.,10.3174/AJNR.A7009,2-s2.0-85106360445,SCOPUS_ID:85106360445,10,Review,
A stacked generalization of 3d orthogonal deep learning convolutional neural networks for improved detection of white matter hyperintensities in 3D FLAIR images,2021,2021-04-01,American Journal of Neuroradiology,Umapathy L.,10.3174/AJNR.A6970,2-s2.0-85100617635,SCOPUS_ID:85100617635,7,Article,
Ruptured intracranial aneurysms treated with the pipeline embolization device: A systematic review and pooled analysis of individual patient data,2021,2021-04-01,American Journal of Neuroradiology,Foreman P.M.,10.3174/AJNR.A7002,2-s2.0-85105142327,SCOPUS_ID:85105142327,16,Article,
Are dynamic arterial spin-labeling MRA and time-resolved contrast-enhanced MRA suited for confirmation of obliteration following gamma knife radiosurgery of brain arteriovenous malformations?,2021,2021-04-01,American Journal of Neuroradiology,Rojas-Villabona A.,10.3174/AJNR.A6990,2-s2.0-85105318835,SCOPUS_ID:85105318835,22,Article,
Longitudinal assessment of enhancing foci of abnormal signal intensity in neurofibromatosis type 1,2021,2021-04-01,American Journal of Neuroradiology,Hainc N.,10.3174/AJNR.A6974,2-s2.0-85105240202,SCOPUS_ID:85105240202,3,Article,
COVID-19-associated acute disseminated encephalomyelitis-like disease,2021,2021-04-01,American Journal of Neuroradiology,Assunção F.B.,10.3174/AJNR.A6967,2-s2.0-85105310663,SCOPUS_ID:85105310663,14,Letter,
Postoperative imaging appearance of iliac crest free flaps used for palatomaxillary reconstructions,2021,2021-04-01,American Journal of Neuroradiology,Sandler M.L.,10.3174/AJNR.A7005,2-s2.0-85105141434,SCOPUS_ID:85105141434,3,Article,
Determining the degree of dopaminergic denervation based on the loss of nigral hyperintensity on SMWI in parkinsonism,2021,2021-04-01,American Journal of Neuroradiology,Bae Y.J.,10.3174/AJNR.A6960,2-s2.0-85105290105,SCOPUS_ID:85105290105,8,Article,
Radiomics of pediatric low-grade gliomas: Toward a pretherapeutic differentiation of BRAF-mutated and BRAF-fused tumors,2021,2021-04-01,American Journal of Neuroradiology,Wagner M.W.,10.3174/AJNR.A6998,2-s2.0-85105186449,SCOPUS_ID:85105186449,59,Article,
Evaluation of DISORDER: Retrospective image motion correction for volumetric brain MRI in a pediatric setting,2021,2021-04-01,American Journal of Neuroradiology,Vecchiato K.,10.3174/AJNR.A7001,2-s2.0-85105178476,SCOPUS_ID:85105178476,14,Article,
Variations in the course of the carotid arteries in patients with retropharyngeal parathyroid adenomas,2021,2021-04-01,American Journal of Neuroradiology,Steinl G.K.,10.3174/AJNR.A6995,2-s2.0-85105265211,SCOPUS_ID:85105265211,1,Article,
CTA evaluation of basilar septations: An entity better characterized as aberrant basilar fenestrations,2021,2021-04-01,American Journal of Neuroradiology,Small J.E.,10.3174/AJNR.A7008,2-s2.0-85105350257,SCOPUS_ID:85105350257,7,Article,
Is catheter angiography still necessary to evaluate obliteration of brain arteriovenous malformations treated with stereotactic radiosurgery?,2021,2021-04-01,American Journal of Neuroradiology,Chen C.J.,10.3174/AJNR.A6954,2-s2.0-85105197126,SCOPUS_ID:85105197126,1,Note,
MRI T2-hyperintense signal structures in the cervical spinal cord: Anterior median fissure versus central canal in Chiari and control-An exploratory pilot analysis,2021,2021-04-01,American Journal of Neuroradiology,Tomsick T.A.,10.3174/AJNR.A7046,2-s2.0-85105183951,SCOPUS_ID:85105183951,1,Article,
Reply,2021,2021-04-01,American Journal of Neuroradiology,Shapiro M.,10.3174/AJNR.A7098,2-s2.0-85105189806,SCOPUS_ID:85105189806,0,Letter,
Machine learning-based prediction of small intracranial aneurysm rupture status using CTA-derived hemodynamics: A multicenter study,2021,2021-04-01,American Journal of Neuroradiology,Shi Z.,10.3174/AJNR.A7034,2-s2.0-85105310852,SCOPUS_ID:85105310852,56,Article,
Clot meniscus sign: An angiographic clue for choosing between stent retriever and contact aspiration in acute basilar artery occlusion,2021,2021-04-01,American Journal of Neuroradiology,Baik S.H.,10.3174/AJNR.A6988,2-s2.0-85105198746,SCOPUS_ID:85105198746,22,Article,
Value of emergent neurovascular imaging for “seat belt injury”: A multi-institutional study,2021,2021-04-01,American Journal of Neuroradiology,Sherbaf F.G.,10.3174/AJNR.A6992,2-s2.0-85105332212,SCOPUS_ID:85105332212,3,Article,
Ivy sign in moyamoya disease: A comparative study of the FLAIR vascular hyperintensity sign against contrast-enhanced MRI,2021,2021-04-01,American Journal of Neuroradiology,Wang L.X.,10.3174/AJNR.A7010,2-s2.0-85105332021,SCOPUS_ID:85105332021,13,Article,
The prophylactic use of tirofiban versus oral antiplatelet medications in stent-assisted coiling of intracranial aneurysms: A meta-analysis,2021,2021-04-01,American Journal of Neuroradiology,Xiang Y.,10.3174/AJNR.A6996,2-s2.0-85105187475,SCOPUS_ID:85105187475,16,Article,
Fast stent retrieval during mechanical thrombectomy improves recanalization in patients with the negative susceptibility vessel sign,2021,2021-04-01,American Journal of Neuroradiology,Soize S.,10.3174/AJNR.A6989,2-s2.0-85105290223,SCOPUS_ID:85105290223,4,Article,
The so-called cranial dural channels and their relationship with the bridging veins,2021,2021-04-01,American Journal of Neuroradiology,Baltsavias G.,10.3174/AJNR.A6972,2-s2.0-85105286266,SCOPUS_ID:85105286266,1,Letter,
Intra-arterial thrombolysis after unsuccessful mechanical thrombectomy in the STRATIS registry,2021,2021-04-01,American Journal of Neuroradiology,Zaidi S.F.,10.3174/AJNR.A6962,2-s2.0-85105283202,SCOPUS_ID:85105283202,20,Article,
Reply,2021,2021-04-01,American Journal of Neuroradiology,Larson A.S.,10.3174/AJNR.A6986,2-s2.0-85105321617,SCOPUS_ID:85105321617,0,Letter,
Validation of the national institute of neurological disorders and stroke spinal cord injury MRI common data elements instrument,2021,2021-04-01,American Journal of Neuroradiology,Fisher J.,10.3174/AJNR.A7000,2-s2.0-85103650199,SCOPUS_ID:85103650199,5,Article,
Beyond isolated and associated: A novel fetal MR imaging-based scoring system helps in the prenatal prognostication of callosal agenesis,2021,2021-04-01,American Journal of Neuroradiology,Glatter S.,10.3174/AJNR.A7064,2-s2.0-85105278041,SCOPUS_ID:85105278041,11,Article,
Vessel type determined by vessel architectural imaging improves differentiation between early tumor progression and pseudoprogression in glioblastoma,2021,2021-04-01,American Journal of Neuroradiology,Kim M.,10.3174/AJNR.A6984,2-s2.0-85105140292,SCOPUS_ID:85105140292,12,Article,
Cervical cordotomy for intractable pain: Do postoperative imaging features correlate with pain outcomes and mirror pain?,2021,2021-04-01,American Journal of Neuroradiology,Berger A.,10.3174/AJNR.A6999,2-s2.0-85105188428,SCOPUS_ID:85105188428,6,Article,
Retinoblastoma: What the neuroradiologist needs to know,2021,2021-04-01,American Journal of Neuroradiology,Silvera V.M.,10.3174/AJNR.A6949,2-s2.0-85105306804,SCOPUS_ID:85105306804,42,Review,
Time to reconsider routine percutaneous biopsy in spondylodiscitis?,2021,2021-04-01,American Journal of Neuroradiology,Kasalak ,10.3174/AJNR.A6994,2-s2.0-85105290699,SCOPUS_ID:85105290699,5,Review,
"Clinical, imaging, and lab correlates of severe COVID-19 leukoencephalopathy",2021,2021-04-01,American Journal of Neuroradiology,Rapalino O.,10.3174/AJNR.A6966,2-s2.0-85102201648,SCOPUS_ID:85102201648,19,Article,
Inconsistencies between radiologic and cadaveric studies of the occipital sinus,2021,2021-04-01,American Journal of Neuroradiology,Balak N.,10.3174/AJNR.A6977,2-s2.0-85105277005,SCOPUS_ID:85105277005,1,Letter,
Microstructural tissue changes in Alzheimer disease brains: Insights from magnetization transfer imaging,2021,2021-04-01,American Journal of Neuroradiology,Colonna I.,10.3174/AJNR.A6975,2-s2.0-85105211580,SCOPUS_ID:85105211580,10,Article,
Primary angiitis of the CNS with unremarkable vessel wall MR imaging: How the “T1 shinethrough” effect on SWI adds to the detection of gadolinium enhancement of small intraparenchymal brain vessels,2021,2021-04-01,American Journal of Neuroradiology,Fonseca A.P.A.,10.3174/AJNR.A6973,2-s2.0-85105220462,SCOPUS_ID:85105220462,7,Letter,
Automated detection and segmentation of brain metastases in malignant melanoma: Evaluation of a dedicated deep learning model,2021,2021-04-01,American Journal of Neuroradiology,Pennig L.,10.3174/AJNR.A6982,2-s2.0-85104111654,SCOPUS_ID:85104111654,38,Article,
Evolution of radial access in neurointerventional surgery,2021,2021-04-01,American Journal of Neuroradiology,Dornbos D.,10.3174/AJNR.A7060,2-s2.0-85105276378,SCOPUS_ID:85105276378,2,Letter,
Low-dose eptifibatide for tandem occlusion in stroke: Safety and carotid artery patency,2021,2021-04-01,American Journal of Neuroradiology,Jost A.,10.3174/AJNR.A6985,2-s2.0-85105136128,SCOPUS_ID:85105136128,13,Article,
Glioma-induced disruption of resting-state functional connectivity and amplitude of low-frequency fluctuations in the salience network,2021,2021-03-01,American Journal of Neuroradiology,Yang J.,10.3174/AJNR.A6929,2-s2.0-85102965224,SCOPUS_ID:85102965224,17,Article,
Impact of prematurity on the tissue properties of the neonatal brain stem: A quantitative MR approach,2021,2021-03-01,American Journal of Neuroradiology,Schmidbauer V.,10.3174/AJNR.A6945,2-s2.0-85102964934,SCOPUS_ID:85102964934,11,Article,
Utility of contrast-enhanced T2 FLAIR for imaging brain metastases using a half-dose high-relaxivity contrast agent,2021,2021-03-01,American Journal of Neuroradiology,Jin T.,10.3174/AJNR.A6931,2-s2.0-85102964900,SCOPUS_ID:85102964900,11,Article,
Real-time ultrasound image fusion with FDG-PET/CT to perform fused image-guided fine-needle aspiration in neck nodes: Feasibility and diagnostic value,2021,2021-03-01,American Journal of Neuroradiology,de Koekkoek-Doll P.K.,10.3174/AJNR.A6938,2-s2.0-85102964183,SCOPUS_ID:85102964183,8,Article,
"3D cranial nerve imaging, a novel MR neurography technique using black-blood STIR TSE with a pseudo steady-state sweep and motion-sensitized driven equilibrium pulse for the visualization of the extraforaminal cranial nerve branches",2021,2021-03-01,American Journal of Neuroradiology,van der Cruyssen F.,10.3174/AJNR.A6904,2-s2.0-85102964165,SCOPUS_ID:85102964165,27,Article,
Is transradial access a replacement technique for transfemoral access in neurointervention?,2021,2021-03-01,American Journal of Neuroradiology,Chiu A.H.,10.3174/AJNR.A6935,2-s2.0-85102963876,SCOPUS_ID:85102963876,4,Note,
Tailored vessel-catheter diameter ratio in a direct aspiration first-pass technique: Is it a matter of caliber?,2021,2021-03-01,American Journal of Neuroradiology,Pampana E.,10.3174/AJNR.A6987,2-s2.0-85101994434,SCOPUS_ID:85101994434,13,Article,
CTA protocols in a Telestroke network improve efficiency for both spoke and hub hospitals,2021,2021-03-01,American Journal of Neuroradiology,Yu A.T.,10.3174/AJNR.A6950,2-s2.0-85102964265,SCOPUS_ID:85102964265,25,Conference Paper,
Reply,2021,2021-03-01,American Journal of Neuroradiology,Benson J.C.,10.3174/AJNR.A6963,2-s2.0-85102965445,SCOPUS_ID:85102965445,0,Note,
Anatomic snuffbox (distal radial artery) and radial artery access for treatment of intracranial aneurysms with FDA-approved flow diverters,2021,2021-03-01,American Journal of Neuroradiology,Kühn A.L.,10.3174/AJNR.A6953,2-s2.0-85102964465,SCOPUS_ID:85102964465,15,Article,
Neuroradiologic phenotyping of galactosemia: From the neonatal form to the chronic stage,2021,2021-03-01,American Journal of Neuroradiology,Rossi-Espagnet M.C.,10.3174/AJNR.A7016,2-s2.0-85102965281,SCOPUS_ID:85102965281,11,Article,
Regional aneurysm wall enhancement is affected by local hemodynamics: A 7T MRI study,2021,2021-03-01,American Journal of Neuroradiology,Hadad S.,10.3174/AJNR.A6927,2-s2.0-85102965330,SCOPUS_ID:85102965330,26,Article,
The restless spinal cord in degenerative cervical myelopathy,2021,2021-03-01,American Journal of Neuroradiology,Hupp M.,10.3174/AJNR.A6958,2-s2.0-85102964529,SCOPUS_ID:85102964529,26,Article,
A comparison of chest radiograph and CTA apical pulmonary findings in patients presenting with suspected acute stroke during the COVID-19 pandemic,2021,2021-03-01,American Journal of Neuroradiology,Siddiqui J.,10.3174/AJNR.A6940,2-s2.0-85102964814,SCOPUS_ID:85102964814,1,Letter,
Widening the indications for intrasaccular flow disruption: WEB 17 in the treatment of aneurysm locations different from those in the good clinical practice trials,2021,2021-03-01,American Journal of Neuroradiology,Zimmer S.,10.3174/AJNR.A6946,2-s2.0-85102964093,SCOPUS_ID:85102964093,22,Article,
Correlation between ASPECTS and core volume on CT perfusion: Impact of time since stroke onset and presence of large-vessel occlusion,2021,2021-03-01,American Journal of Neuroradiology,Nannoni S.,10.3174/AJNR.A6959,2-s2.0-85102963885,SCOPUS_ID:85102963885,43,Conference Paper,
Aneurysm treatment in acute SAH with hydrophilic-coated flow diverters under single-antiplatelet therapy: A 3-center experience,2021,2021-03-01,American Journal of Neuroradiology,Lobsien D.,10.3174/AJNR.A6942,2-s2.0-85102965103,SCOPUS_ID:85102965103,48,Article,
Recommendations for neuroradiology training during radiology residency by the American society of neuroradiology section chiefs leadership group,2021,2021-03-01,American Journal of Neuroradiology,Wintermark M.,10.3174/AJNR.A6968,2-s2.0-85102964169,SCOPUS_ID:85102964169,3,Short Survey,
MR imaging of the olfactory bulbs in patients with COVID-19 and anosmia: How to avoid misinterpretation,2021,2021-03-01,American Journal of Neuroradiology,Shor N.,10.3174/AJNR.A6921,2-s2.0-85101673978,SCOPUS_ID:85101673978,14,Letter,
Non-EPI versus multishot EPI DWI in cholesteatoma detection: Correlation with operative findings,2021,2021-03-01,American Journal of Neuroradiology,Benson J.C.,10.3174/AJNR.A6911,2-s2.0-85102965346,SCOPUS_ID:85102965346,23,Article,
Spinal cord gray and white matter damage in different hereditary spastic paraplegia subtypes,2021,2021-03-01,American Journal of Neuroradiology,Servelhere K.R.,10.3174/AJNR.A7017,2-s2.0-85102963968,SCOPUS_ID:85102963968,14,Article,
MR imaging of the olfactory bulbs in patients with COVID-19 and anosmia: How to avoid misinterpretation,2021,2021-03-01,American Journal of Neuroradiology,Shor N.,10.3174/AJNR.A6921,2-s2.0-85101673978,SCOPUS_ID:85101673978,14,Letter,
3D quantitative synthetic MRI in the evaluation of multiple sclerosis lesions,2021,2021-03-01,American Journal of Neuroradiology,Fujita S.,10.3174/AJNR.A6930,2-s2.0-85102964019,SCOPUS_ID:85102964019,28,Article,
Regional and volumetric parameters for diffusion-weighted WHO grade II and III glioma genotyping: A method comparison,2021,2021-03-01,American Journal of Neuroradiology,Thust S.C.,10.3174/AJNR.A6965,2-s2.0-85102965116,SCOPUS_ID:85102965116,16,Article,
Reply,2021,2021-03-01,American Journal of Neuroradiology,Strauss S.B.,10.3174/AJNR.A6932,2-s2.0-85102965334,SCOPUS_ID:85102965334,0,Letter,
Skull base osteomyelitis: A comprehensive imaging review,2021,2021-03-01,American Journal of Neuroradiology,Chapman P.R.,10.3174/AJNR.A7015,2-s2.0-85102964949,SCOPUS_ID:85102964949,75,Review,
Analysis of stroke detection during the COVID-19 pandemic using natural language processing of radiology reports,2021,2021-03-01,American Journal of Neuroradiology,Li M.D.,10.3174/AJNR.A6961,2-s2.0-85100685134,SCOPUS_ID:85100685134,31,Article,
Computer-aided diagnostic system for thyroid nodules on ultrasonography: Diagnostic performance based on the thyroid imaging reporting and data system classification and dichotomous outcomes,2021,2021-03-01,American Journal of Neuroradiology,Han M.,10.3174/AJNR.A6922,2-s2.0-85102964279,SCOPUS_ID:85102964279,40,Article,
Reliability of the diagnosis of cerebral vasospasm using catheter cerebral angiography: A systematic review and inter- And intraobserver study,2021,2021-03-01,American Journal of Neuroradiology,Darsaut T.E.,10.3174/AJNR.A7021,2-s2.0-85102964518,SCOPUS_ID:85102964518,23,Article,
MRI features may predict molecular features of glioblastoma in isocitrate dehydrogenase wild-type lower-grade gliomas,2021,2021-03-01,American Journal of Neuroradiology,Park C.J.,10.3174/AJNR.A6983,2-s2.0-85102964036,SCOPUS_ID:85102964036,45,Article,
Quantification of oscillatory shear stress from reciprocating CSF motion on 4D flow imaging,2021,2021-03-01,American Journal of Neuroradiology,Yamada S.,10.3174/AJNR.A6941,2-s2.0-85102964110,SCOPUS_ID:85102964110,25,Article,
Pediatric head CT: Automated quantitative analysis with quantile regression,2021,2021-02-01,American Journal of Neuroradiology,Cauley K.A.,10.3174/ajnr.A6885,2-s2.0-85101034369,SCOPUS_ID:85101034369,6,Article,
MR imaging characteristics of intraocular perfluoro-n-octane,2021,2021-02-01,American Journal of Neuroradiology,Williams M.T.,10.3174/ajnr.A6901,2-s2.0-85101042264,SCOPUS_ID:85101042264,1,Review,
COVID-19 Related Central Nervous System Vasculopathy: Beyond Vasculitis,2021,2021-02-01,American Journal of Neuroradiology,Quintas-Neves M.,10.3174/ajnr.A6913,2-s2.0-85100986675,SCOPUS_ID:85100986675,1,Letter,
Endovascular recanalization of symptomatic nonacute intracranial internal carotid artery occlusion: proposal of a new angiographic classification,2021,2021-02-01,American Journal of Neuroradiology,Gao F.,10.3174/ajnr.A6928,2-s2.0-85100988149,SCOPUS_ID:85100988149,25,Article,
Correlation of technical and adjunctive factors with quantitative tumor reduction in children undergoing selective ophthalmic artery infusion chemotherapy for retinoblastoma,2021,2021-02-01,American Journal of Neuroradiology,Abruzzo T.,10.3174/ajnr.A6905,2-s2.0-85101049361,SCOPUS_ID:85101049361,7,Article,
Transradial approach for neuroendovascular procedures: a single-center review of safety and feasibility,2021,2021-02-01,American Journal of Neuroradiology,Goldman D.T.,10.3174/ajnr.A6971,2-s2.0-85101023983,SCOPUS_ID:85101023983,28,Review,
4D-DSA: Development and Current Neurovascular Applications,2021,2021-02-01,American Journal of Neuroradiology,Ruedinger K.L.,10.3174/ajnr.A6860,2-s2.0-85100970656,SCOPUS_ID:85100970656,42,Review,
Multiphase ct angiography: A useful technique in acute stroke imaging-collaterals and beyond,2021,2021-02-01,American Journal of Neuroradiology,Dundamadappa S.,10.3174/ajnr.A6889,2-s2.0-85100990096,SCOPUS_ID:85100990096,62,Review,
Assessment of 4D MR angiography at 3T compared with DSA for the follow-up of embolized brain dural arteriovenous fistula: a dual-center study,2021,2021-02-01,American Journal of Neuroradiology,Dissaux B.,10.3174/ajnr.A6903,2-s2.0-85100980288,SCOPUS_ID:85100980288,16,Article,
Cerebral venous wall diseases: The other side of the picture,2021,2021-02-01,American Journal of Neuroradiology,Lenck S.,10.3174/ajnr.A6914,2-s2.0-85101035949,SCOPUS_ID:85101035949,1,Note,
Cone-beam CT versus multidetector CT in postoperative cochlear implant imaging: evaluation of image quality and radiation dose,2021,2021-02-01,American Journal of Neuroradiology,Helal R.A.,10.3174/ajnr.A6894,2-s2.0-85101044615,SCOPUS_ID:85101044615,23,Article,
REPLY,2021,2021-02-01,American Journal of Neuroradiology,Hanafi R.,10.3174/ajnr.A6944,2-s2.0-85100989303,SCOPUS_ID:85100989303,0,Letter,
COVID-19 Severity and Stroke: Correlation of Imaging and Laboratory Markers,2021,2021-02-01,American Journal of Neuroradiology,Katz J.M.,10.3174/ajnr.A6920,2-s2.0-85101008916,SCOPUS_ID:85101008916,28,Article,
Evaluation of artificial intelligence-powered identification of large-vessel occlusions in a comprehensive stroke center,2021,2021-02-01,American Journal of Neuroradiology,Dovrat A.Y.,10.3174/ajnr.A6923,2-s2.0-85101013340,SCOPUS_ID:85101013340,92,Article,
WEB device shape changes in elastase-induced aneurysms in rabbits,2021,2021-02-01,American Journal of Neuroradiology,Ding Y.,10.3174/ajnr.A6899,2-s2.0-85101012750,SCOPUS_ID:85101012750,13,Article,
Evaluation of artificial intelligence-powered identification of large-vessel occlusions in a comprehensive stroke center,2021,2021-02-01,American Journal of Neuroradiology,Dovrat A.Y.,10.3174/ajnr.A6923,2-s2.0-85101013340,SCOPUS_ID:85101013340,92,Article,
Involvement of the spinal cord in primary mitochondrial disorders: a neuroimaging mimicker of inflammation and ischemia in children,2021,2021-02-01,American Journal of Neuroradiology,Alves C.A.P.F.,10.3174/ajnr.A6910,2-s2.0-85100980470,SCOPUS_ID:85100980470,14,Article,
WEB device shape changes in elastase-induced aneurysms in rabbits,2021,2021-02-01,American Journal of Neuroradiology,Ding Y.,10.3174/ajnr.A6899,2-s2.0-85101012750,SCOPUS_ID:85101012750,13,Article,
Distal vessel imaging via intra-arterial flat panel detector CTA during mechanical thrombectomy,2021,2021-02-01,American Journal of Neuroradiology,Nozaki T.,10.3174/ajnr.A6906,2-s2.0-85100989020,SCOPUS_ID:85100989020,6,Article,
Periprocedural safety and feasibility of the new LVIS EVO device for stent-assisted coiling of intracranial aneurysms: an observational multicenter study,2021,2021-02-01,American Journal of Neuroradiology,Vollherbst D.F.,10.3174/ajnr.A6887,2-s2.0-85101036407,SCOPUS_ID:85101036407,20,Article,
Dural Venous Sinus Stenosis: Why Distinguishing Intrinsicversus-Extrinsic Stenosis Matters,2021,2021-02-01,American Journal of Neuroradiology,Sundararajan S.H.,10.3174/ajnr.A6890,2-s2.0-85101043875,SCOPUS_ID:85101043875,33,Article,
Basal ganglia versus peripheral infarcts: Predictive value of early fiber alterations,2021,2021-02-01,American Journal of Neuroradiology,Berndt M.T.,10.3174/ajnr.A6886,2-s2.0-85100974529,SCOPUS_ID:85100974529,6,Article,
Quantifying tissue properties of the optic radiations using strategically acquired gradient echo imaging and enhancing the contrast using diamagnetic susceptibility weighted imaging,2021,2021-02-01,American Journal of Neuroradiology,Jella P.K.,10.3174/ajnr.A6897,2-s2.0-85101026518,SCOPUS_ID:85101026518,0,Article,
Seeing what we expect to see in COVID-19,2021,2021-02-01,American Journal of Neuroradiology,Mamourian A.,10.3174/ajnr.A6912,2-s2.0-85101028908,SCOPUS_ID:85101028908,2,Letter,
Outcome of flow diverters with surface modifications in treatment of cerebral aneurysms: systematic review and meta-analysis,2021,2021-02-01,American Journal of Neuroradiology,Li Y.L.,10.3174/ajnr.A6919,2-s2.0-85100960852,SCOPUS_ID:85100960852,35,Review,
Prediction of clinical outcome in patients with large-vessel acute ischemic stroke: Performance of machine learning versus span-100,2021,2021-02-01,American Journal of Neuroradiology,Jiang B.,10.3174/ajnr.A6918,2-s2.0-85100956991,SCOPUS_ID:85100956991,25,Article,
Serial imaging of virus-Associated necrotizing disseminated acute leukoencephalopathy (vandal) in covid-19,2021,2021-02-01,American Journal of Neuroradiology,Agarwal S.,10.3174/ajnr.A6898,2-s2.0-85100748812,SCOPUS_ID:85100748812,14,Article,
Erratum: Secondary otalgia: Referred pain pathways and pathologies (American Journal of Neuroradiology (2020) 41 (2188-2198) DOI: 10.3174/ajnr.A6808),2021,2021-02-01,American Journal of Neuroradiology,,10.3174/ajnr.A7035,2-s2.0-85100848010,SCOPUS_ID:85100848010,0,Erratum,
Spinal CSF-venous fistulas in morbidly and super obese patients with spontaneous intracranial hypotension,2021,2021-02-01,American Journal of Neuroradiology,Schievink W.I.,10.3174/ajnr.A6895,2-s2.0-85100995021,SCOPUS_ID:85100995021,11,Review,
Applications of a novel microangioscope for neuroendovascular intervention,2021,2021-02-01,American Journal of Neuroradiology,Srinivasan V.M.,10.3174/ajnr.A6900,2-s2.0-85100989886,SCOPUS_ID:85100989886,4,Article,
Optic nerve choristoma mimicking a neurenteric cyst,2021,2021-02-01,American Journal of Neuroradiology,Benson J.C.,10.3174/ajnr.A6892,2-s2.0-85101035205,SCOPUS_ID:85101035205,3,Review,
Improved glioma grading using deep convolutional neural networks,2021,2021-02-01,American Journal of Neuroradiology,Gutta S.,10.3174/ajnr.A6882,2-s2.0-85101013424,SCOPUS_ID:85101013424,65,Article,
Diffusion tensor imaging for predicting the outcome of large-vessel ischemic stroke treated with mechanical thrombectomy: Is this the prime time?,2021,2021-02-01,American Journal of Neuroradiology,Hannawi Y.,10.3174/ajnr.A7026,2-s2.0-85101014934,SCOPUS_ID:85101014934,1,Note,
Reply:,2021,2021-02-01,American Journal of Neuroradiology,Aragão M.F.V.V.,10.3174/ajnr.A6943,2-s2.0-85100982271,SCOPUS_ID:85100982271,3,Letter,
Automated cerebral hemorrhage detection using rapid,2021,2021-02-01,American Journal of Neuroradiology,Heit J.J.,10.3174/ajnr.A6926,2-s2.0-85100970156,SCOPUS_ID:85100970156,70,Article,
"Time for a ""second Wave"" of COVID-19 Data",2021,2021-02-01,American Journal of Neuroradiology,Nicholson P.,10.3174/ajnr.A7020,2-s2.0-85101050791,SCOPUS_ID:85101050791,2,Note,
Emerging artificial intelligence imaging applications for stroke interventions,2021,2021-02-01,American Journal of Neuroradiology,Lotan E.,10.3174/ajnr.A6902,2-s2.0-85101035990,SCOPUS_ID:85101035990,11,Note,
Endovascular Treatment of Ruptured Intracranial Blister Aneurysms: A Systematic Review and Meta-analysis,2021,2021-01-01,American Journal of Neuroradiology,Scerrati A.,10.3174/AJNR.A6924,2-s2.0-85100818822,SCOPUS_ID:85100818822,14,Article,
Brain MR spectroscopic findings in 3 consecutive patients with covid-19: Preliminary observations,2021,2021-01-01,American Journal of Neuroradiology,Rapalino O.,10.3174/ajnr.A6877,2-s2.0-85099361704,SCOPUS_ID:85099361704,15,Article,
Time-to-Maximum of the Tissue Residue Function Improves Diagnostic Performance for Detecting Distal Vessel Occlusions on CT Angiography,2021,2021-01-01,American Journal of Neuroradiology,Amukotuwa S.A.,10.3174/ajnr.A6891,2-s2.0-85099276753,SCOPUS_ID:85099276753,21,Article,
Enhancing Education to Avoid Complications in Endovascular Treatment of Unruptured Intracranial Aneurysms: A Neurointerventionalist’s Perspective,2021,2021-01-01,American Journal of Neuroradiology,Goyal M.,10.3174/ajnr.A6830,2-s2.0-85100069528,SCOPUS_ID:85100069528,1,Review,
Preliminary findings associate hippocampal 1H-MR spectroscopic metabolite concentrations with psychotic and manic symptoms in patients with schizophrenia,2021,2021-01-01,American Journal of Neuroradiology,Malaspina D.,10.3174/ajnr.A6879,2-s2.0-85099384193,SCOPUS_ID:85099384193,5,Article,
Clot burden score and collateral status and their impact on functional outcome in acute ischemic stroke,2021,2021-01-01,American Journal of Neuroradiology,Derraz I.,10.3174/ajnr.A6865,2-s2.0-85099475826,SCOPUS_ID:85099475826,28,Article,
National trends in lumbar puncture from 2010 to 2018: A shift reversal from the emergency department to the hospital setting for radiologists and advanced practice providers,2021,2021-01-01,American Journal of Neuroradiology,Trunz L.M.,10.3174/ajnr.A6870,2-s2.0-85099383609,SCOPUS_ID:85099383609,14,Conference Paper,
Increased perviousness on CT for acute ischemic stroke is associated with fibrin/platelet-rich clots,2021,2021-01-01,American Journal of Neuroradiology,Patel T.R.,10.3174/ajnr.A6866,2-s2.0-85099346019,SCOPUS_ID:85099346019,60,Article,
Estimating local cellular density in glioma using MR imaging data,2021,2021-01-01,American Journal of Neuroradiology,Gates E.D.H.,10.3174/ajnr.A6884,2-s2.0-85099344763,SCOPUS_ID:85099344763,17,Article,
Tractography of the cerebellar peduncles in second- And third-trimester fetuses,2021,2021-01-01,American Journal of Neuroradiology,Machado-Rivas F.,10.3174/ajnr.A6869,2-s2.0-85099375329,SCOPUS_ID:85099375329,8,Article,
CT Perfusion: More Than What You Thought,2021,2021-01-01,American Journal of Neuroradiology,Molad J.,10.3174/ajnr.A6969,2-s2.0-85099301983,SCOPUS_ID:85099301983,7,Note,
Postinterventional Assessment after Stent and Flow-Diverter Implantation Using CT: Influence of Spectral Image Reconstructions and Different Device Types,2021,2021-01-01,American Journal of Neuroradiology,Zaeske C.,10.3174/AJNR.A6952,2-s2.0-85102964432,SCOPUS_ID:85102964432,11,Article,
Arterial spin-labeling perfusion for PHACE syndrome,2021,2021-01-01,American Journal of Neuroradiology,Mamlouk M.D.,10.3174/ajnr.A6871,2-s2.0-85099381505,SCOPUS_ID:85099381505,2,Conference Paper,
Imaging parameters of the ipsilateral medial geniculate body may predict prognosis of patients with idiopathic unilateral sudden sensorineural hearing loss on the basis of diffusion spectrum imaging,2021,2021-01-01,American Journal of Neuroradiology,Zhang Y.,10.3174/ajnr.A6874,2-s2.0-85099354838,SCOPUS_ID:85099354838,8,Article,
Intentional stent stenosis to prevent hyperperfusion syndrome after carotid artery stenting for extremely high-grade stenosis,2021,2021-01-01,American Journal of Neuroradiology,Mori T.,10.3174/ajnr.A6853,2-s2.0-85099366533,SCOPUS_ID:85099366533,9,Conference Paper,
The many faces of persistent stapedial artery: CT findings and embryologic explanations,2021,2021-01-01,American Journal of Neuroradiology,LoVerde Z.J.,10.3174/ajnr.A6851,2-s2.0-85099386359,SCOPUS_ID:85099386359,10,Article,
Plaque composition as a predictor of plaque ulceration in carotid artery atherosclerosis: The plaque at RISK study,2021,2021-01-01,American Journal of Neuroradiology,Dilba K.,10.3174/ajnr.A6868,2-s2.0-85099383038,SCOPUS_ID:85099383038,20,Article,
Impacts of Glycemic Control on Intracranial Plaque in Patients with Type 2 Diabetes Mellitus: A Vessel Wall MRI Study,2021,2021-01-01,American Journal of Neuroradiology,Jiao S.,10.3174/ajnr.A6878,2-s2.0-85099283038,SCOPUS_ID:85099283038,18,Article,
Neck location on the outer convexity is a predictor of incomplete occlusion in treatment with the pipeline embolization device: Clinical and angiographic outcomes,2021,2021-01-01,American Journal of Neuroradiology,Sunohara T.,10.3174/ajnr.A6859,2-s2.0-85099380256,SCOPUS_ID:85099380256,22,Article,
Integrating New Staff into Endovascular Stroke-Treatment Workflows in the COVID-19 Pandemic,2021,2021-01-01,American Journal of Neuroradiology,Goyal M.,10.3174/ajnr.A6854,2-s2.0-85099307288,SCOPUS_ID:85099307288,0,Review,
Noninvasive determination of IDH and 1p19q status of lower-grade gliomas using MRI radiomics: A systematic review,2021,2021-01-01,American Journal of Neuroradiology,Bhandari A.P.,10.3174/ajnr.A6875,2-s2.0-85099408528,SCOPUS_ID:85099408528,72,Review,
Pilot study of hyperpolarized 13C metabolic imaging in pediatric patients with diffuse intrinsic pontine glioma and other CNS cancers,2021,2021-01-01,American Journal of Neuroradiology,Autry A.W.,10.3174/ajnr.A6937,2-s2.0-85099341627,SCOPUS_ID:85099341627,22,Article,
Cervical spinal cord compression and sleep-disordered breathing in syndromic craniosynostosis,2021,2021-01-01,American Journal of Neuroradiology,den Ottelander B.K.,10.3174/ajnr.A6881,2-s2.0-85099352382,SCOPUS_ID:85099352382,2,Article,
Idiopathic neonatal subpial hemorrhage with underlying cerebral infarct: Imaging features and clinical outcome,2021,2021-01-01,American Journal of Neuroradiology,Assis Z.,10.3174/ajnr.A6872,2-s2.0-85099379169,SCOPUS_ID:85099379169,28,Conference Paper,
Imaging artifacts of liquid embolic agents on conventional CT in an experimental in vitro model,2021,2021-01-01,American Journal of Neuroradiology,Schmitt N.,10.3174/ajnr.A6867,2-s2.0-85099362871,SCOPUS_ID:85099362871,16,Article,
Radiation-Induced Imaging Changes and Cerebral Edema following Stereotactic Radiosurgery for Brain AVMs,2021,2021-01-01,American Journal of Neuroradiology,Daou B.J.,10.3174/ajnr.A6880,2-s2.0-85099279043,SCOPUS_ID:85099279043,17,Article,
COVID-19 stroke apical lung examination study: A diagnostic and prognostic imaging biomarker in suspected acute stroke,2021,2021-01-01,American Journal of Neuroradiology,Siddiqui J.,10.3174/ajnr.A6832,2-s2.0-85099340248,SCOPUS_ID:85099340248,9,Article,
Diagnostic Value of âMushroomâ Morphology in Vertebral Chordoma,2021,2021-01-01,American Journal of Neuroradiology,Ghosh T.S.,10.3174/AJNR.A6947,2-s2.0-85102964069,SCOPUS_ID:85102964069,2,Letter,
Decubitus CT Myelography for CSF-Venous Fistulas: A Procedural Approach,2021,2021-01-01,American Journal of Neuroradiology,Mamlouk M.D.,10.3174/ajnr.A6844,2-s2.0-85100069691,SCOPUS_ID:85100069691,72,Review,
CTA-Based Patient-Tailored Femoral or Radial Frontline Access Reduces the Rate of Catheterization Failure in Chronic Subdural Hematoma Embolization,2021,2021-01-01,American Journal of Neuroradiology,Shotar E.,10.3174/AJNR.A6951,2-s2.0-85102965025,SCOPUS_ID:85102965025,6,Article,
Anatomic and Embryologic Analysis of the Dural Branches of the Ophthalmic Artery,2021,2021-01-01,American Journal of Neuroradiology,Bonasia S.,10.3174/AJNR.A6939,2-s2.0-85102964774,SCOPUS_ID:85102964774,8,Review,
Characteristic cochlear hypoplasia in patients with walker- warburg syndrome: A radiologic study of the inner ear in α-dystroglycan-related muscular disorders,2021,2021-01-01,American Journal of Neuroradiology,Talenti G.,10.3174/ajnr.A6858,2-s2.0-85099345749,SCOPUS_ID:85099345749,13,Article,
High-resolution gadolinium-enhanced MR cisternography using compressed-sensing T1 space technique for detection of intracranial csf leaks,2021,2021-01-01,American Journal of Neuroradiology,Duman I.E.,10.3174/ajnr.A6852,2-s2.0-85099386129,SCOPUS_ID:85099386129,11,Conference Paper,
Beyond Tympanomastoidectomy: A Review of Less Common Postoperative Temporal Bone CT Findings,2021,2021-01-01,American Journal of Neuroradiology,Panda A.,10.3174/ajnr.A6802,2-s2.0-85099281119,SCOPUS_ID:85099281119,0,Conference Paper,
Effects of acquisition parameter modifications and field strength on the reproducibility of brain perfusion measurements using arterial spin-labeling,2021,2021-01-01,American Journal of Neuroradiology,Baas K.P.A.,10.3174/ajnr.A6856,2-s2.0-85099375302,SCOPUS_ID:85099375302,14,Article,
Acute ischemic stroke or epileptic seizure? Yield of CT perfusion in a “Code stroke” situation,2021,2021-01-01,American Journal of Neuroradiology,Lucas L.,10.3174/ajnr.A6925,2-s2.0-85099395980,SCOPUS_ID:85099395980,12,Article,
Artificial intelligence and acute stroke imaging,2021,2021-01-01,American Journal of Neuroradiology,Soun J.E.,10.3174/ajnr.A6883,2-s2.0-85099384857,SCOPUS_ID:85099384857,228,Review,
Clinical and radiologic findings of acute necrotizing encephalopathy in young adults,2020,2020-12-01,American Journal of Neuroradiology,Vanjare H.A.,10.3174/ajnr.A6803,2-s2.0-85097811925,SCOPUS_ID:85097811925,13,Article,
Ocular MR imaging as a substitute for ultrasound during the COVID-19 pandemic,2020,2020-12-01,American Journal of Neuroradiology,Purcell Y.M.,10.3174/ajnr.A6819,2-s2.0-85097834655,SCOPUS_ID:85097834655,0,Letter,
Longitudinal assessment of neuroradiologic features in wolfram syndrome,2020,2020-12-01,American Journal of Neuroradiology,Samara A.,10.3174/ajnr.A6831,2-s2.0-85097814428,SCOPUS_ID:85097814428,19,Article,
Secondary otalgia: Referred pain pathways and pathologies,2020,2020-12-01,American Journal of Neuroradiology,Norris C.D.,10.3174/ajnr.A6808,2-s2.0-85097808677,SCOPUS_ID:85097808677,24,Review,
Neonatal developmental venous anomalies: Clinicoradiologic characterization and follow-up,2020,2020-12-01,American Journal of Neuroradiology,Geraldo A.F.,10.3174/ajnr.A6829,2-s2.0-85097812777,SCOPUS_ID:85097812777,7,Article,
Can a stent retriever damage the JET 7 reperfusion catheter?,2020,2020-12-01,American Journal of Neuroradiology,Pearly Ti J.,10.3174/ajnr.A6804,2-s2.0-85097301652,SCOPUS_ID:85097301652,6,Article,
NAA is a marker of disability in secondary-progressive MS: A proton MR spectroscopic imaging study,2020,2020-12-01,American Journal of Neuroradiology,Solanky B.S.,10.3174/ajnr.A6809,2-s2.0-85097843178,SCOPUS_ID:85097843178,15,Article,
Characteristics of large-vessel occlusion associated with COVID-19 and ischemic stroke,2020,2020-12-01,American Journal of Neuroradiology,John S.,10.3174/ajnr.A6799,2-s2.0-85097283346,SCOPUS_ID:85097283346,43,Article,
Clinical presentation and imaging findings of patients with dural arteriovenous fistulas with an angiographic pseudophlebitic pattern,2020,2020-12-01,American Journal of Neuroradiology,Brinjikji W.,10.3174/ajnr.A6811,2-s2.0-85097839975,SCOPUS_ID:85097839975,13,Article,
MRI brain findings in 126 patients with COVID-19: Initial observations from a descriptive literature review,2020,2020-12-01,American Journal of Neuroradiology,Gulko E.,10.3174/ajnr.A6805,2-s2.0-85092420879,SCOPUS_ID:85092420879,70,Article,
Perinatal arterial ischemic stroke in fetal vascular malperfusion: A case series and literature review,2020,2020-12-01,American Journal of Neuroradiology,Geraldo A.F.,10.3174/ajnr.A6857,2-s2.0-85097834217,SCOPUS_ID:85097834217,17,Article,
Gadolinium-enhanced 3D T1-weighted black-blood MR imaging for the detection of acute optic neuritis,2020,2020-12-01,American Journal of Neuroradiology,Riederer I.,10.3174/ajnr.A6807,2-s2.0-85097828446,SCOPUS_ID:85097828446,14,Article,
MRI-based assessment of the pharyngeal constrictor muscle as a predictor of surgical margin after transoral robotic surgery in HPV-positive tonsillar cancer,2020,2020-12-01,American Journal of Neuroradiology,Kim Y.J.,10.3174/ajnr.A6806,2-s2.0-85097818838,SCOPUS_ID:85097818838,5,Article,
Endovascular cerebral venous sinus imaging with optical coherence tomography,2020,2020-12-01,American Journal of Neuroradiology,Pasarikovski C.R.,10.3174/ajnr.A6909,2-s2.0-85097812206,SCOPUS_ID:85097812206,7,Article,
Gadolinium deposition and the patient's view on the problem,2020,2020-12-01,American Journal of Neuroradiology,Böhm I.B.,10.3174/ajnr.A6826,2-s2.0-85097831917,SCOPUS_ID:85097831917,0,Letter,
Recent administration of iodinated contrast renders core infarct estimation inaccurate using RAPID software,2020,2020-12-01,American Journal of Neuroradiology,Copelan A.Z.,10.3174/ajnr.A6908,2-s2.0-85097842767,SCOPUS_ID:85097842767,19,Article,
Selection of patients for treatment of brain arteriovenous malformations by the transvenous approach: Relationship with venous anatomy and risk of hemorrhagic complications,2020,2020-12-01,American Journal of Neuroradiology,de Sousa J.M.B.,10.3174/ajnr.A6810,2-s2.0-85097826030,SCOPUS_ID:85097826030,34,Article,
Radioanatomic characteristics of the posteromedial intraconal space: Implications for endoscopic resection of orbital lesions,2020,2020-12-01,American Journal of Neuroradiology,Jafari A.,10.3174/ajnr.A6822,2-s2.0-85097817405,SCOPUS_ID:85097817405,3,Article,
Vessel wall enhancement and focal cerebral arteriopathy in a pediatric patient with acute infarct and COVID-19 infection,2020,2020-12-01,American Journal of Neuroradiology,Gulko E.,10.3174/ajnr.A6778,2-s2.0-85097819416,SCOPUS_ID:85097819416,61,Article,
Risk factors for early brain AVM rupture: Cohort study of pediatric and adult patients,2020,2020-12-01,American Journal of Neuroradiology,Garzelli L.,10.3174/ajnr.A6824,2-s2.0-85097850642,SCOPUS_ID:85097850642,28,Article,
Neurite orientation dispersion and density imaging for assessing acute inflammation and lesion evolution in MS,2020,2020-12-01,American Journal of Neuroradiology,Sacco S.,10.3174/ajnr.A6862,2-s2.0-85097842512,SCOPUS_ID:85097842512,29,Article,
Treatment of ruptured blister-like aneurysms with the FRED flow diverter: A multicenter experience,2020,2020-12-01,American Journal of Neuroradiology,Möhlenbruch M.A.,10.3174/ajnr.A6849,2-s2.0-85097821758,SCOPUS_ID:85097821758,17,Article,
Acute necrotizing encephalopathy: A disease meriting greater recognition,2020,2020-12-01,American Journal of Neuroradiology,Kidokoro H.,10.3174/ajnr.A6821,2-s2.0-85097818451,SCOPUS_ID:85097818451,4,Note,
Development and validation of a deep learning-based automatic brain segmentation and classification algorithm for Alzheimer disease using 3D T1-weighted volumetric images,2020,2020-12-01,American Journal of Neuroradiology,Suh C.H.,10.3174/ajnr.A6848,2-s2.0-85097812315,SCOPUS_ID:85097812315,59,Article,
Interrater reliability in the measurement of flow characteristics on color-coded quantitative DSA of brain AVMs,2020,2020-12-01,American Journal of Neuroradiology,Narsinh K.H.,10.3174/ajnr.A6846,2-s2.0-85097848002,SCOPUS_ID:85097848002,18,Article,
Safety profile of infinity deep brain stimulation electrode placement in a 1.5T interventional MRI suite: Consecutive single-institution case series,2020,2020-12-01,American Journal of Neuroradiology,Gravbrot N.,10.3174/ajnr.A6776,2-s2.0-85097838389,SCOPUS_ID:85097838389,3,Article,
Unusual brain MRI pattern in 2 patients with COVID-19 acute respiratory distress syndrome,2020,2020-12-01,American Journal of Neuroradiology,Toledano-Massiah S.,10.3174/ajnr.A6817,2-s2.0-85097812031,SCOPUS_ID:85097812031,7,Article,
Imaging review of paraneoplastic neurologic syndromes,2020,2020-12-01,American Journal of Neuroradiology,Madhavan A.A.,10.3174/ajnr.A6815,2-s2.0-85097849063,SCOPUS_ID:85097849063,50,Review,
Changing the rules of the game: The problem of surrogate angiographic outcomes in the evaluation of aneurysm treatments,2020,2020-12-01,American Journal of Neuroradiology,Darsaut T.E.,10.3174/ajnr.A6825,2-s2.0-85097851191,SCOPUS_ID:85097851191,9,Editorial,
Cortical distribution of fragile periventricular anastomotic collateral vessels in moyamoya disease: An exploratory cross-sectional study of Japanese patients with moyamoya disease,2020,2020-12-01,American Journal of Neuroradiology,Miyakoshi A.,10.3174/ajnr.A6861,2-s2.0-85097849563,SCOPUS_ID:85097849563,18,Article,
COVID-19-associated PRES-like encephalopathy with perivascular gadolinium enhancement,2020,2020-12-01,American Journal of Neuroradiology,Conte G.,10.3174/ajnr.A6762,2-s2.0-85097850581,SCOPUS_ID:85097850581,20,Article,
Design of 3D-printed nasopharyngeal swabs for children is enabled by radiologic imaging,2020,2020-12-01,American Journal of Neuroradiology,Starosolski Z.,10.3174/ajnr.A6794,2-s2.0-85097821741,SCOPUS_ID:85097821741,11,Article,
The impact of COVID-19 on emergent large-vessel occlusion: Delayed presentation confirmed by ASPECTS,2020,2020-12-01,American Journal of Neuroradiology,Altschul D.J.,10.3174/ajnr.A6800,2-s2.0-85097844749,SCOPUS_ID:85097844749,9,Article,
The forest and the trees,2020,2020-12-01,American Journal of Neuroradiology,Leslie-Mazwi T.M.,10.3174/ajnr.A6864,2-s2.0-85097823494,SCOPUS_ID:85097823494,1,Note,
Variations of intracranial dural venous sinus diameters from birth to 20 years of age: An MRV-based study,2020,2020-12-01,American Journal of Neuroradiology,Larson A.S.,10.3174/ajnr.A6816,2-s2.0-85097837152,SCOPUS_ID:85097837152,20,Article,
Quantitative T1ρ MRI of the head and neck discriminates carcinoma and benign hyperplasia in the nasopharynx,2020,2020-12-01,American Journal of Neuroradiology,Ai Q.Y.H.,10.3174/ajnr.A6828,2-s2.0-85097833764,SCOPUS_ID:85097833764,11,Article,
Considerations for antiplatelet management of carotid stenting in the setting of mechanical thrombectomy: A delphi consensus statement,2020,2020-12-01,American Journal of Neuroradiology,Goyal M.,10.3174/ajnr.A6888,2-s2.0-85097826609,SCOPUS_ID:85097826609,32,Article,
Patients requiring conversion to general anesthesia during endovascular therapy have worse outcomes: A post hoc analysis of data from the SAGA collaboration,2020,2020-12-01,American Journal of Neuroradiology,Simonsen C.Z.,10.3174/ajnr.A6823,2-s2.0-85097833625,SCOPUS_ID:85097833625,21,Article,
Chest CT scanning in suspected stroke: Not always worth the extra mile,2020,2020-11-01,American Journal of Neuroradiology,Li M.D.,10.3174/ajnr.A6763,2-s2.0-85096066340,SCOPUS_ID:85096066340,0,Letter,
Centrally reduced diffusion sign for differentiation between treatment-related lesions and glioma progression: A validation study,2020,2020-11-01,American Journal of Neuroradiology,Alcaide-Leon P.,10.3174/ajnr.A6843,2-s2.0-85096062032,SCOPUS_ID:85096062032,11,Article,
Monro-kellie hypothesis: Increase of ventricular CSF volume after surgical closure of a spinal dural leak in patients with spontaneous intracranial hypotension,2020,2020-11-01,American Journal of Neuroradiology,Dobrocky T.,10.3174/ajnr.A6782,2-s2.0-85096059875,SCOPUS_ID:85096059875,22,Article,
The perplexity surrounding chiari malformations - Are we any wiser now?,2020,2020-11-01,American Journal of Neuroradiology,Hiremath S.B.,10.3174/ajnr.A6743,2-s2.0-85096042934,SCOPUS_ID:85096042934,27,Review,
"Use of cangrelor in cervical and intracranial stenting for the treatment of acute ischemic stroke: A ""real life"" single-center experience",2020,2020-11-01,American Journal of Neuroradiology,Cervo A.,10.3174/ajnr.A6785,2-s2.0-85095789486,SCOPUS_ID:85095789486,33,Article,
Carotid stenting and mechanical thrombectomy in patients with acute ischemic stroke and tandem occlusions: Antithrombotic treatment and functional outcome,2020,2020-11-01,American Journal of Neuroradiology,Da Ros V.,10.3174/ajnr.A6768,2-s2.0-85096054908,SCOPUS_ID:85096054908,32,Article,
Maximum AmbiGuity distance for phase imaging in detection of traumatic cerebral microbleeds: An improvement over current imaging practice,2020,2020-11-01,American Journal of Neuroradiology,Nael K.,10.3174/ajnr.A6774,2-s2.0-85096068664,SCOPUS_ID:85096068664,5,Article,
Brain imaging of patients with COVID-19: Findings at an academic institution during the height of the Outbreak in New York City,2020,2020-11-01,American Journal of Neuroradiology,Lin E.,10.3174/ajnr.A6793,2-s2.0-85092493032,SCOPUS_ID:85092493032,91,Article,
Transarterial treatment of cranial dural arteriovenous fistulas: The role of transarterial and transvenous balloon-assisted Embolization,2020,2020-11-01,American Journal of Neuroradiology,Zamponi J.O.,10.3174/ajnr.A6777,2-s2.0-85096062550,SCOPUS_ID:85096062550,8,Article,
A double-edged sword: Neurologic complications and mortality in extracorporeal membrane oxygenation therapy for COVID-19-related severe acute respiratory distress syndrome at a tertiary care center,2020,2020-11-01,American Journal of Neuroradiology,Masur J.,10.3174/ajnr.A6728,2-s2.0-85096071213,SCOPUS_ID:85096071213,22,Article,
Prognostic accuracy of fetal MRI in predicting postnatal neurodevelopmental outcome,2020,2020-11-01,American Journal of Neuroradiology,Wilson M.,10.3174/ajnr.A6770,2-s2.0-85096058384,SCOPUS_ID:85096058384,10,Article,
Image-guided biopsies in the head and neck: Practical value and approach,2020,2020-11-01,American Journal of Neuroradiology,Aiken A.H.,10.3174/ajnr.A6855,2-s2.0-85096070710,SCOPUS_ID:85096070710,9,Note,
Cauda equina and filum terminale arteriovenous fistulas: Anatomic and radiographic features,2020,2020-11-01,American Journal of Neuroradiology,Namba K.,10.3174/ajnr.A6813,2-s2.0-85096055400,SCOPUS_ID:85096055400,10,Article,
"Percutaneous CT-guided core needle biopsies of head and neck masses: Technique, histopathologic yield, and safety at a single academic institution",2020,2020-11-01,American Journal of Neuroradiology,Hillen T.J.,10.3174/ajnr.A6784,2-s2.0-85096042131,SCOPUS_ID:85096042131,12,Article,
Reply,2020,2020-11-01,American Journal of Neuroradiology,Kwee R.M.,10.3174/ajnr.A6787,2-s2.0-85096073747,SCOPUS_ID:85096073747,0,Letter,
Location-specific ASPECTS paradigm in acute ischemic stroke: A systematic review and meta-analysis,2020,2020-11-01,American Journal of Neuroradiology,Seyedsaadat S.M.,10.3174/ajnr.A6847,2-s2.0-85096075624,SCOPUS_ID:85096075624,20,Review,
Diffuse leptomeningeal glioneuronal tumor of childhood,2020,2020-11-01,American Journal of Neuroradiology,Lakhani D.A.,10.3174/ajnr.A6737,2-s2.0-85096044270,SCOPUS_ID:85096044270,55,Conference Paper,
Variability of T2-relaxation times of healthy lumbar intervertebral discs is more homogeneous within an individual than across healthy individuals,2020,2020-11-01,American Journal of Neuroradiology,Sharma A.,10.3174/ajnr.A6791,2-s2.0-85096068449,SCOPUS_ID:85096068449,6,Article,
Tumefactive primary central nervous system vasculitis: Imaging findings of a rare and underrecognized neuroinflammatory disease,2020,2020-11-01,American Journal of Neuroradiology,Suthiphosuwan S.,10.3174/ajnr.A6736,2-s2.0-85096070367,SCOPUS_ID:85096070367,21,Conference Paper,
Diagnostic value of model-based iterative reconstruction combined with a metal artifact reduction algorithm during ct of the oral cavity,2020,2020-11-01,American Journal of Neuroradiology,Kubo Y.,10.3174/ajnr.A6767,2-s2.0-85096068499,SCOPUS_ID:85096068499,16,Conference Paper,
Evolving use of fMRI in medicare beneficiaries,2020,2020-11-01,American Journal of Neuroradiology,Asnafi S.,10.3174/ajnr.A6845,2-s2.0-85096039685,SCOPUS_ID:85096039685,4,Review,
Comparison of dynamic contrast-enhancement parameters between gadobutrol and gadoterate meglumine in posttreatment glioma: A prospective intraindividual study,2020,2020-11-01,American Journal of Neuroradiology,Park J.E.,10.3174/ajnr.A6792,2-s2.0-85096048534,SCOPUS_ID:85096048534,5,Article,
Efficacy of asahi fubuki as a guiding catheter for mechanical thrombectomy: An institutional case series,2020,2020-11-01,American Journal of Neuroradiology,Rinaldo L.,10.3174/ajnr.A6748,2-s2.0-85096075477,SCOPUS_ID:85096075477,3,Article,
MR imaging features of middle cranial fossa encephaloceles and their associations with epilepsy,2020,2020-11-01,American Journal of Neuroradiology,Pettersson D.R.,10.3174/ajnr.A6798,2-s2.0-85096040249,SCOPUS_ID:85096040249,14,Article,
Diagnostic yield and therapeutic impact of face and neck imaging in patients referred with otalgia without clinically overt disease,2020,2020-11-01,American Journal of Neuroradiology,Ainsworth E.,10.3174/ajnr.A6760,2-s2.0-85096070045,SCOPUS_ID:85096070045,2,Article,
Sensitive detection of infratentorial and upper cervical cord lesions in multiple sclerosis with combined 3D FLAIR and T2-weighted (FLAIR3) imaging,2020,2020-11-01,American Journal of Neuroradiology,Gabr R.E.,10.3174/ajnr.A6797,2-s2.0-85096060816,SCOPUS_ID:85096060816,5,Article,
Fetal exposure to MR imaging: Long-term neurodevelopmental outcome,2020,2020-11-01,American Journal of Neuroradiology,Zvi E.,10.3174/ajnr.A6771,2-s2.0-85096034592,SCOPUS_ID:85096034592,15,Article,
Characterization of MR imaging-visible perivascular spaces in the white matter of healthy adolescents at 3T,2020,2020-11-01,American Journal of Neuroradiology,Piantino J.,10.3174/ajnr.A6789,2-s2.0-85096050003,SCOPUS_ID:85096050003,52,Article,
Characterization of MR imaging-visible perivascular spaces in the white matter of healthy adolescents at 3T,2020,2020-11-01,American Journal of Neuroradiology,Piantino J.,10.3174/ajnr.A6789,2-s2.0-85096050003,SCOPUS_ID:85096050003,52,Article,
Break out the world's smallest violin for an overwhelmed neuroradiologist,2020,2020-11-01,American Journal of Neuroradiology,Shatzkes D.R.,10.3174/ajnr.A6786,2-s2.0-85096070653,SCOPUS_ID:85096070653,0,Letter,
Risk of acute cerebrovascular events in patients with covid-19 infection,2020,2020-11-01,American Journal of Neuroradiology,Lang M.,10.3174/ajnr.A6796,2-s2.0-85096042881,SCOPUS_ID:85096042881,7,Letter,
Stroke thrombectomy in patients with COVID-19: Initial experience in 13 cases,2020,2020-11-01,American Journal of Neuroradiology,Pop R.,10.3174/ajnr.A6750,2-s2.0-85095840980,SCOPUS_ID:85095840980,18,Article,
Dynamic CTA-derived perfusion maps predict final infarct volume: The simple perfusion reconstruction algorithm,2020,2020-11-01,American Journal of Neuroradiology,McDougall C.C.,10.3174/ajnr.A6783,2-s2.0-85096035318,SCOPUS_ID:85096035318,14,Article,
Computational fluid dynamics using a porous media setting predicts outcome after flow-diverter treatment,2020,2020-11-01,American Journal of Neuroradiology,Beppu M.,10.3174/ajnr.A6766,2-s2.0-85096057320,SCOPUS_ID:85096057320,21,Article,
Imaging for menière disease,2020,2020-11-01,American Journal of Neuroradiology,Kay-Rivest E.,10.3174/ajnr.A6818,2-s2.0-85096058927,SCOPUS_ID:85096058927,3,Editorial,
COVID-19-associated carotid atherothrombosis and stroke,2020,2020-11-01,American Journal of Neuroradiology,Esenwa C.,10.3174/ajnr.A6752,2-s2.0-85096048251,SCOPUS_ID:85096048251,27,Article,
Neuro-oncology and radiogenomics: Time to integrate?,2020,2020-11-01,American Journal of Neuroradiology,Lasocki A.,10.3174/ajnr.A6769,2-s2.0-85096059893,SCOPUS_ID:85096059893,23,Review,
Hemorrhagic neurologic manifestations in covid-19: An isolated or multifactorial cause?,2020,2020-11-01,American Journal of Neuroradiology,Dhillon P.S.,10.3174/ajnr.A6795,2-s2.0-85096066676,SCOPUS_ID:85096066676,2,Letter,
Cytotoxic lesion of the corpus callosum in an adolescent with multisystem inflammatory syndrome and SARS-CoV-2 infection,2020,2020-11-01,American Journal of Neuroradiology,Lin J.,10.3174/ajnr.A6755,2-s2.0-85094660280,SCOPUS_ID:85094660280,38,Article,
Cross-sectional imaging of third molar-related abnormalities,2020,2020-11-01,American Journal of Neuroradiology,Loureiro R.M.,10.3174/ajnr.A6747,2-s2.0-85096063585,SCOPUS_ID:85096063585,18,Review,
Detailed arterial anatomy and its anastomoses of the sphenoid ridge and olfactory groove meningiomas with special reference to the recurrent branches from the ophthalmic artery,2020,2020-11-01,American Journal of Neuroradiology,Hiramatsu M.,10.3174/ajnr.A6790,2-s2.0-85096041274,SCOPUS_ID:85096041274,10,Article,
Tentorial venous anatomy: Variation in the healthy population,2020,2020-10-01,American Journal of Neuroradiology,Rosenblum J.S.,10.3174/ajnr.A6775,2-s2.0-85092620959,SCOPUS_ID:85092620959,7,Article,
Perfusion parameter thresholds that discriminate ischemic core vary with time from onset in acute ischemic stroke,2020,2020-10-01,American Journal of Neuroradiology,Yoshie T.,10.3174/ajnr.A6744,2-s2.0-85092681627,SCOPUS_ID:85092681627,10,Article,
Stapedial artery: From embryology to different possible adult configurations,2020,2020-10-01,American Journal of Neuroradiology,Bonasia S.,10.3174/ajnr.A6738,2-s2.0-85092680841,SCOPUS_ID:85092680841,11,Review,
Maternal anxiety and depression during late pregnancy and newborn brain white matter development,2020,2020-10-01,American Journal of Neuroradiology,Graham R.M.,10.3174/ajnr.A6759,2-s2.0-85092680983,SCOPUS_ID:85092680983,41,Article,
Clinical and neuroimaging correlation in patients with COVID-19,2020,2020-10-01,American Journal of Neuroradiology,Yoon B.C.,10.3174/ajnr.A6717,2-s2.0-85092682207,SCOPUS_ID:85092682207,30,Article,
Recanalized aneurysms: Is rupture further preventable?,2020,2020-10-01,American Journal of Neuroradiology,Kimura T.,10.3174/ajnr.A6734,2-s2.0-85092681931,SCOPUS_ID:85092681931,0,Letter,
Imaging features of acute encephalopathy in patients with COVID-19: A case series,2020,2020-10-01,American Journal of Neuroradiology,Kihira S.,10.3174/ajnr.A6715,2-s2.0-85092682025,SCOPUS_ID:85092682025,36,Article,
Exophytic lumbar vertebral body mass in an adult with back pain,2020,2020-10-01,American Journal of Neuroradiology,Benson J.C.,10.3174/ajnr.A6749,2-s2.0-85092681497,SCOPUS_ID:85092681497,3,Article,
Intraprocedural flat panel detector rotational angiography and an image fusion technique for delivery of a microcatheter into the targeted shunt pouch of a dural arteriovenous fistula,2020,2020-10-01,American Journal of Neuroradiology,Choi J.H.,10.3174/ajnr.A6724,2-s2.0-85092681097,SCOPUS_ID:85092681097,4,Article,
The dilator-dotter technique: A modified method of rapid internal carotid artery revascularization in acute ischemic stroke,2020,2020-10-01,American Journal of Neuroradiology,Amuluru K.,10.3174/ajnr.A6733,2-s2.0-85092681790,SCOPUS_ID:85092681790,6,Article,
Bilateral basal ganglia hemorrhage in a patient with confirmed COVID-19,2020,2020-10-01,American Journal of Neuroradiology,Daci R.,10.3174/ajnr.A6712,2-s2.0-85092681704,SCOPUS_ID:85092681704,14,Article,
COVID-19-associated cytotoxic lesions of the corpus callosum,2020,2020-10-01,American Journal of Neuroradiology,Gaur P.,10.3174/ajnr.A6713,2-s2.0-85092682534,SCOPUS_ID:85092682534,52,Article,
Safety of consecutive bilateral decubitus digital subtraction myelography in patients with spontaneous intracranial hypotension and occult CSF leak,2020,2020-10-01,American Journal of Neuroradiology,Pope M.C.,10.3174/ajnr.A6765,2-s2.0-85092681202,SCOPUS_ID:85092681202,7,Article,
Time to resolution of inadvertent subdural contrast injection during a myelogram: When can the study be reattempted?,2020,2020-10-01,American Journal of Neuroradiology,Shlapak D.P.,10.3174/ajnr.A6725,2-s2.0-85092681005,SCOPUS_ID:85092681005,5,Article,
CT-based measurements of facial parameters of healthy children and adolescents in Thailand,2020,2020-10-01,American Journal of Neuroradiology,Jullabussapa N.,10.3174/ajnr.A6731,2-s2.0-85092681254,SCOPUS_ID:85092681254,10,Article,
Prediction of human papillomavirus status and overall survival in patients with untreated oropharyngeal squamous cell carcinoma: Development and validation of CT-based radiomics,2020,2020-10-01,American Journal of Neuroradiology,Choi Y.,10.3174/ajnr.A6756,2-s2.0-85092681168,SCOPUS_ID:85092681168,24,Article,
Pressing issues in COVID-19: Probable cause to seize SARSCoV-2 for Its preferential involvement of posterior circulation manifesting as severe posterior reversible encephalopathy syndrome and posterior strokes,2020,2020-10-01,American Journal of Neuroradiology,D'Amore F.,10.3174/ajnr.A6679,2-s2.0-85092680837,SCOPUS_ID:85092680837,18,Article,
Paraspinal myositis in patients with COVID-19 infection,2020,2020-10-01,American Journal of Neuroradiology,Mehan W.A.,10.3174/ajnr.A6711,2-s2.0-85092682204,SCOPUS_ID:85092682204,43,Article,
Fetal intraventricular hemorrhage in open neural tube defects: Prenatal imaging evaluation and perinatal outcomes,2020,2020-10-01,American Journal of Neuroradiology,Didier R.A.,10.3174/ajnr.A6745,2-s2.0-85092680857,SCOPUS_ID:85092680857,8,Article,
Regional mechanical thrombectomy imaging protocol in patients presenting with acute ischemic stroke during the COVID-19 pandemic,2020,2020-10-01,American Journal of Neuroradiology,Dhillon P.S.,10.3174/ajnr.A6754,2-s2.0-85092682457,SCOPUS_ID:85092682457,4,Article,
MRI spectrum of brain involvement in sphingosine-1phosphate lyase insufficiency syndrome,2020,2020-10-01,American Journal of Neuroradiology,Martin K.W.,10.3174/ajnr.A6746,2-s2.0-85092682485,SCOPUS_ID:85092682485,20,Article,
Neuroimaging in zoonotic outbreaks affecting the central nervous system: Are we fighting the last war?,2020,2020-10-01,American Journal of Neuroradiology,Goh G.X.,10.3174/ajnr.A6727,2-s2.0-85092681156,SCOPUS_ID:85092681156,6,Review,
Olfactory bulb signal abnormality in patients with COVID-19 who present with neurologic symptoms,2020,2020-10-01,American Journal of Neuroradiology,Strauss S.B.,10.3174/ajnr.A6751,2-s2.0-85092682559,SCOPUS_ID:85092682559,39,Article,
Presurgical identification of primary central nervous system lymphoma with normalized time-intensity curve: A pilot study of a new method to analyze DSC-PWI,2020,2020-10-01,American Journal of Neuroradiology,Pons-Escoda A.,10.3174/ajnr.A6761,2-s2.0-85092681384,SCOPUS_ID:85092681384,23,Article,
Are gadolinium-enhanced MR sequences needed in simultaneous 18F-FDG-PET/MRI for tumor delineation in head and neck cancer?,2020,2020-10-01,American Journal of Neuroradiology,Pyatigorskaya N.,10.3174/ajnr.A6764,2-s2.0-85092682150,SCOPUS_ID:85092682150,12,Article,
Intracranial arterial tortuosity in marfan syndrome and loeys-dietz syndrome: Tortuosity index evaluation is useful in the differential diagnosis,2020,2020-10-01,American Journal of Neuroradiology,Spinardi L.,10.3174/ajnr.A6732,2-s2.0-85092681369,SCOPUS_ID:85092681369,24,Article,
Transcranial MR imaging⇓guided focused ultrasound interventions using deep learning synthesized CT,2020,2020-10-01,American Journal of Neuroradiology,Su P.,10.3174/ajnr.A6758,2-s2.0-85092680973,SCOPUS_ID:85092680973,29,Article,
The variable appearance of third ventricular colloid cysts: Correlation with histopathology and the risk of obstructive ventriculomegaly,2020,2020-10-01,American Journal of Neuroradiology,Khanpara S.D.,10.3174/ajnr.A6722,2-s2.0-85092682157,SCOPUS_ID:85092682157,11,Article,
Quantifying intra-arterial verapamil response as a diagnostic tool for reversible cerebral vasoconstriction syndrome,2020,2020-10-01,American Journal of Neuroradiology,Sequeiros J.M.,10.3174/ajnr.A6772,2-s2.0-85092680924,SCOPUS_ID:85092680924,11,Article,
Antiplatelet management for stent-assisted coiling and flow diversion of ruptured intracranial aneurysms: A delphi consensus statement,2020,2020-10-01,American Journal of Neuroradiology,Ospel J.M.,10.3174/ajnr.A6814,2-s2.0-85092681073,SCOPUS_ID:85092681073,64,Article,
Middle meningeal artery: Anatomy and variations,2020,2020-10-01,American Journal of Neuroradiology,Bonasia S.,10.3174/ajnr.A6739,2-s2.0-85092682564,SCOPUS_ID:85092682564,75,Review,
Microcatheter originating debris during neuroendovascular procedures: Mechanism of dislodgement and its prevention,2020,2020-10-01,American Journal of Neuroradiology,Kan I.,10.3174/ajnr.A6723,2-s2.0-85092681606,SCOPUS_ID:85092681606,7,Article,
Expanding the neuroimaging phenotype of neuronal ceroid lipofuscinoses,2020,2020-10-01,American Journal of Neuroradiology,Biswas A.,10.3174/ajnr.A6726,2-s2.0-85092681844,SCOPUS_ID:85092681844,29,Conference Paper,
Patterning chronic active demyelination in slowly expanding/evolving white matter MS lesions,2020,2020-09-01,American Journal of Neuroradiology,Elliott C.,10.3174/ajnr.A6742,2-s2.0-85090869869,SCOPUS_ID:85090869869,43,Article,
Shape modification is common in woven endobridge-treated intracranial aneurysms: A longitudinal quantitative analysis study,2020,2020-09-01,American Journal of Neuroradiology,Rosskopf J.,10.3174/ajnr.A6669,2-s2.0-85090870411,SCOPUS_ID:85090870411,16,Article,
Internal auditory canal diverticula among pediatric patients: Prevalence and assessment for hearing loss and anatomic associations,2020,2020-09-01,American Journal of Neuroradiology,Bunch P.M.,10.3174/ajnr.A6691,2-s2.0-85090869519,SCOPUS_ID:85090869519,1,Article,
Thin-section MR imaging for carotid cavernous fistula,2020,2020-09-01,American Journal of Neuroradiology,Kim D.,10.3174/ajnr.A6757,2-s2.0-85090869358,SCOPUS_ID:85090869358,15,Article,
Thin-section MR imaging for carotid cavernous fistula,2020,2020-09-01,American Journal of Neuroradiology,Kim D.,10.3174/ajnr.A6757,2-s2.0-85090869358,SCOPUS_ID:85090869358,15,Article,
Neuroimaging appearance of cerebral malignant epithelioid glioneuronal tumors in children,2020,2020-09-01,American Journal of Neuroradiology,Orman G.,10.3174/ajnr.A6668,2-s2.0-85090870173,SCOPUS_ID:85090870173,1,Article,
MR susceptibility imaging with a short TE (MR-SISET): A clinically feasible technique to resolve thalamic nuclei,2020,2020-09-01,American Journal of Neuroradiology,Chung S.,10.3174/ajnr.A6683,2-s2.0-85090870597,SCOPUS_ID:85090870597,3,Article,
The development of subcortical gray matter atrophy in multiple sclerosis: One size does not fit all,2020,2020-09-01,American Journal of Neuroradiology,Pontillo G.,10.3174/ajnr.A6698,2-s2.0-85090870629,SCOPUS_ID:85090870629,1,Letter,
Deep learning for pediatric posterior fossa tumor detection and classification: A multi-institutional study,2020,2020-09-01,American Journal of Neuroradiology,Quon J.L.,10.3174/ajnr.A6704,2-s2.0-85090870576,SCOPUS_ID:85090870576,66,Article,
Assessment of ischemic volumes by using relative filling time delay on CTP source image in patients with acute stroke with anterior circulation large vessel occlusions,2020,2020-09-01,American Journal of Neuroradiology,Cao W.,10.3174/ajnr.A6718,2-s2.0-85090870304,SCOPUS_ID:85090870304,5,Article,
Neuro-thoracic radiologists ⇜corner⇝: Incidental pulmonary findings on a neck MRI leading to the diagnosis of COVID-19,2020,2020-09-01,American Journal of Neuroradiology,Smith P.,10.3174/ajnr.A6699,2-s2.0-85090870160,SCOPUS_ID:85090870160,1,Letter,
Lack of baseline intracranial aneurysm wall enhancement predicts future stability: A systematic review and meta-analysis of longitudinal studies,2020,2020-09-01,American Journal of Neuroradiology,Larson A.S.,10.3174/ajnr.A6690,2-s2.0-85090870496,SCOPUS_ID:85090870496,27,Article,
"Neuroimaging advances in deep brain stimulation: Review of indications, anatomy, and brain connectomics",2020,2020-09-01,American Journal of Neuroradiology,Middlebrooks E.H.,10.3174/ajnr.A6693,2-s2.0-85090870627,SCOPUS_ID:85090870627,102,Review,
Predictors of favorable outcome after endovascular thrombectomy in MRI: Selected patients with acute basilar artery occlusion,2020,2020-09-01,American Journal of Neuroradiology,Mahmoudi M.,10.3174/ajnr.A6741,2-s2.0-85090870517,SCOPUS_ID:85090870517,25,Article,
Assessment of maturational changes in white matter anisotropy and volume in children: A DTI study,2020,2020-09-01,American Journal of Neuroradiology,Coll G.,10.3174/ajnr.A6709,2-s2.0-85090869735,SCOPUS_ID:85090869735,6,Article,
The evaluation and prediction of laminoplasty surgery outcome in patients with degenerative cervical myelopathy using diffusion tensor MRI,2020,2020-09-01,American Journal of Neuroradiology,Han X.,10.3174/ajnr.A6705,2-s2.0-85090870202,SCOPUS_ID:85090870202,16,Article,
Level of evidence during the COVID-19 pandemic: Making the case for case series and case reports,2020,2020-09-01,American Journal of Neuroradiology,Ikuta I.,10.3174/ajnr.A6676,2-s2.0-85090870271,SCOPUS_ID:85090870271,3,Note,
Possible acute disseminated encephalomyelitis related to severe acute respiratory syndrome coronavirus 2 infection,2020,2020-09-01,American Journal of Neuroradiology,Bautista A.,10.3174/ajnr.A6714,2-s2.0-85089748477,SCOPUS_ID:85089748477,29,Letter,
Diagnostic performance of PET and perfusion-weighted imaging in differentiating tumor recurrence or progression from radiation necrosis in posttreatment gliomas: A review of literature,2020,2020-09-01,American Journal of Neuroradiology,Soni N.,10.3174/ajnr.A6685,2-s2.0-85090869705,SCOPUS_ID:85090869705,35,Review,
Reply: B.A. Fasen and R.M. Kwe,2020,2020-09-01,American Journal of Neuroradiology,Fasen B.A.,10.3174/ajnr.A6700,2-s2.0-85090870472,SCOPUS_ID:85090870472,0,Letter,
Focal areas of high signal intensity in children with neurofibromatosis type 1: Expected evolution on MRI,2020,2020-09-01,American Journal of Neuroradiology,Calvez S.,10.3174/ajnr.A6740,2-s2.0-85090870358,SCOPUS_ID:85090870358,26,Article,
Neurovascular complications in COVID-19 infection: Case series,2020,2020-09-01,American Journal of Neuroradiology,Franceschi A.M.,10.3174/ajnr.A6655,2-s2.0-85089737790,SCOPUS_ID:85089737790,24,Article,
MRI findings of immune checkpoint inhibitor-induced hypophysitis: Possible association with fibrosis,2020,2020-09-01,American Journal of Neuroradiology,Kurokawa R.,10.3174/ajnr.A6692,2-s2.0-85090870236,SCOPUS_ID:85090870236,45,Article,
The distribution and role of M1 and M2 macrophages in aneurysm healing after platinum coil embolization,2020,2020-09-01,American Journal of Neuroradiology,Khashim Z.,10.3174/ajnr.A6719,2-s2.0-85090870110,SCOPUS_ID:85090870110,9,Article,
Leukoencephalopathy associated with severe COVID-19 infection: Sequela of hypoxemia?,2020,2020-09-01,American Journal of Neuroradiology,Lang M.,10.3174/ajnr.A6671,2-s2.0-85089516001,SCOPUS_ID:85089516001,54,Article,
Myelin and axonal damage in normal-appearing white matter in patients with moyamoya disease,2020,2020-09-01,American Journal of Neuroradiology,Hara S.,10.3174/ajnr.A6708,2-s2.0-85090870388,SCOPUS_ID:85090870388,15,Article,
Intraluminal carotid artery thrombus in COVID-19: Another danger of cytokine storm?,2020,2020-09-01,American Journal of Neuroradiology,Mohamud A.Y.,10.3174/ajnr.A6674,2-s2.0-85089538272,SCOPUS_ID:85089538272,50,Article,
Respiratory phase affects the conspicuity of CSF-venous fistulas in spontaneous intracranial hypotension,2020,2020-09-01,American Journal of Neuroradiology,Amrhein T.J.,10.3174/ajnr.A6663,2-s2.0-85090870610,SCOPUS_ID:85090870610,36,Article,
Fusion image guidance for supra-aortic vessel catheterization in neurointerventions: A feasibility study,2020,2020-09-01,American Journal of Neuroradiology,Feddal A.,10.3174/ajnr.A6707,2-s2.0-85090870124,SCOPUS_ID:85090870124,6,Article,
Radiologically isolated syndrome: A review for neuroradiologists,2020,2020-09-01,American Journal of Neuroradiology,Hosseiny M.,10.3174/ajnr.A6649,2-s2.0-85090869412,SCOPUS_ID:85090869412,35,Review,
COVID-19-associated bifacial weakness with paresthesia subtype of guillain-barré syndrome,2020,2020-09-01,American Journal of Neuroradiology,Hutchins K.L.,10.3174/ajnr.A6654,2-s2.0-85089785375,SCOPUS_ID:85089785375,55,Article,
CT Fluid-blood levels in COVID-19 intracranial hemorrhage,2020,2020-09-01,American Journal of Neuroradiology,Wee N.K.,10.3174/ajnr.A6672,2-s2.0-85090816312,SCOPUS_ID:85090816312,11,Letter,
Manganese-enhanced MRI in patients with multiple sclerosis,2020,2020-09-01,American Journal of Neuroradiology,Suto D.J.,10.3174/ajnr.A6665,2-s2.0-85090870445,SCOPUS_ID:85090870445,6,Article,
Diagnostic accuracy of MRI-based morphometric parameters for detecting olfactory nerve dysfunction,2020,2020-09-01,American Journal of Neuroradiology,Lee M.K.,10.3174/ajnr.A6697,2-s2.0-85090870289,SCOPUS_ID:85090870289,5,Article,
Missed medium-vessel occlusions on ct angiography: Make it easier... Easily!,2020,2020-09-01,American Journal of Neuroradiology,Ospel J.M.,10.3174/ajnr.A6670,2-s2.0-85090870213,SCOPUS_ID:85090870213,9,Letter,
MRS as an aid to diagnose malignant transformation in low-grade gliomas with increasing contrast enhancement,2020,2020-09-01,American Journal of Neuroradiology,Toh C.H.,10.3174/ajnr.A6688,2-s2.0-85090869574,SCOPUS_ID:85090869574,11,Article,
"A simple formula to estimate parathyroid weight on 4D-CT, predict pathologic weight, and diagnose parathyroid adenoma in patients with primary hyperparathyroidism",2020,2020-09-01,American Journal of Neuroradiology,Yeh R.,10.3174/ajnr.A6687,2-s2.0-85090870074,SCOPUS_ID:85090870074,22,Article,
Erratum: Ultra-high-field targeted imaging of focal cortical dysplasia: The intracortical black line sign in type IIb (American Journal of Neuroradiology (2019) 40 (2137-2142) DOI: 10.3174/ajnr.A6298),2020,2020-09-01,American Journal of Neuroradiology,,10.3174/ajnr.A6735,2-s2.0-85090869989,SCOPUS_ID:85090869989,0,Erratum,
Disability improvement is associated with less brain atrophy development in multiple sclerosis,2020,2020-09-01,American Journal of Neuroradiology,Ghione E.,10.3174/ajnr.A6684,2-s2.0-85090869472,SCOPUS_ID:85090869472,15,Article,
COVID-19 and involvement of the corpus callosum: Potential effect of the cytokine storm?,2020,2020-09-01,American Journal of Neuroradiology,Rasmussen C.,10.3174/ajnr.A6680,2-s2.0-85090870637,SCOPUS_ID:85090870637,32,Article,
Effect of Piezo1 Overexpression on Peritumoral Brain Edema in Glioblastomas,2020,2020-08-01,American Journal of Neuroradiology,Qu S.,10.3174/ajnr.A6638,2-s2.0-85089617235,SCOPUS_ID:85089617235,46,Article,
Indentation and transverse diameter of the meckel cave: Imaging markers to diagnose idiopathic intracranial hypertension,2020,2020-08-01,American Journal of Neuroradiology,Kamali A.,10.3174/ajnr.A6682,2-s2.0-85089615704,SCOPUS_ID:85089615704,23,Article,
Introduction of Ultra-High-Field MR Imaging in Infants: Preparations and Feasibility,2020,2020-08-01,American Journal of Neuroradiology,Annink K.V.,10.3174/ajnr.A6702,2-s2.0-85089609099,SCOPUS_ID:85089609099,20,Conference Paper,
"Spontaneous intracranial hypotension: Atypical radiologic appearances, imaging mimickers, and clinical look-alikes",2020,2020-08-01,American Journal of Neuroradiology,Bond K.M.,10.3174/ajnr.A6637,2-s2.0-85089618172,SCOPUS_ID:85089618172,32,Review,
Artificial Intelligence in Neuroradiology: Current Status and Future Directions,2020,2020-08-01,American Journal of Neuroradiology,Lui Y.W.,10.3174/ajnr.A6681,2-s2.0-85096034897,SCOPUS_ID:85096034897,35,Article,
Depth-of-fissure cerebellar infarcts in adults,2020,2020-08-01,American Journal of Neuroradiology,DeCocker L.J.L.,10.3174/ajnr.A6626,2-s2.0-85089616829,SCOPUS_ID:85089616829,1,Letter,
Dural Venous Channels: Hidden in Plain Sight-Reassessment of an Under-Recognized Entity,2020,2020-08-01,American Journal of Neuroradiology,Shapiro M.,10.3174/ajnr.A6647,2-s2.0-85089618082,SCOPUS_ID:85089618082,21,Article,
Potentially reversible and recognizable acute encephalopathic syndromes: Disease categorization and mri appearances,2020,2020-08-01,American Journal of Neuroradiology,Koksel Y.,10.3174/ajnr.A6634,2-s2.0-85089609822,SCOPUS_ID:85089609822,23,Review,
Pediatric acute toxic leukoencephalopathy: Prediction of the clinical outcome by flair and dwi for various etiologies,2020,2020-08-01,American Journal of Neuroradiology,Ozturk K.,10.3174/ajnr.A6624,2-s2.0-85089614443,SCOPUS_ID:85089614443,3,Article,
The significance and challenge of quantitative hemodynamic study in moyamoya disease,2020,2020-08-01,American Journal of Neuroradiology,Yu J.,10.3174/ajnr.A6517,2-s2.0-85089606511,SCOPUS_ID:85089606511,0,Letter,
Erratum: A Practical Review of Functional MRI Anatomy of the Language and Motor Systemsb (AJNR Am J Neuroradiol (2019) 40 (1084-1090) DOI: 10.3174/ajnr.A6089),2020,2020-08-01,American Journal of Neuroradiology,,10.3174/ajnr.A6660,2-s2.0-85089618286,SCOPUS_ID:85089618286,0,Erratum,
Reply,2020,2020-08-01,American Journal of Neuroradiology,Wright J.N.,10.3174/ajnr.A6673,2-s2.0-85089613189,SCOPUS_ID:85089613189,0,Letter,
Pretreatment DWI with Histogram Analysis of the ADC in Predicting the Outcome of Advanced Oropharyngeal Cancer with Known Human Papillomavirus Status Treated with Chemoradiation,2020,2020-08-01,American Journal of Neuroradiology,Ravanelli M.,10.3174/ajnr.A6695,2-s2.0-85089609933,SCOPUS_ID:85089609933,18,Article,
Acute common carotid artery bifurcation thrombus: An emerging pattern of acute strokes in patients with COVID-19?,2020,2020-08-01,American Journal of Neuroradiology,Gulko E.,10.3174/ajnr.A6657,2-s2.0-85089606537,SCOPUS_ID:85089606537,16,Letter,
COVID-19 Neurologic Complication with CNS Vasculitis-Like Pattern,2020,2020-08-01,American Journal of Neuroradiology,Hanafi R.,10.3174/ajnr.A6651,2-s2.0-85088471747,SCOPUS_ID:85088471747,126,Article,
Cerebral microbleeds are associated with loss of white matter integrity,2020,2020-08-01,American Journal of Neuroradiology,Liu J.Y.,10.3174/ajnr.A6622,2-s2.0-85089617600,SCOPUS_ID:85089617600,21,Article,
MRI Findings at Term-Corrected Age and Neurodevelopmental Outcomes in a Large Cohort of Very Preterm Infants,2020,2020-08-01,American Journal of Neuroradiology,Arulkumaran S.,10.3174/ajnr.A6666,2-s2.0-85089546029,SCOPUS_ID:85089546029,36,Conference Paper,
Association of Isolated Congenital Heart Disease with Fetal Brain Maturation,2020,2020-08-01,American Journal of Neuroradiology,Jaimes C.,10.3174/ajnr.A6635,2-s2.0-85089611430,SCOPUS_ID:85089611430,31,Article,
Initial stroke thrombectomy experience in New York city during the COVID-19 Pandemic,2020,2020-08-01,American Journal of Neuroradiology,Yaeger K.A.,10.3174/ajnr.A6652,2-s2.0-85089573153,SCOPUS_ID:85089573153,11,Article,
Perivascular Fat Density and Contrast Plaque Enhancement: Does a Correlation Exist?,2020,2020-08-01,American Journal of Neuroradiology,Saba L.,10.3174/ajnr.A6710,2-s2.0-85089612063,SCOPUS_ID:85089612063,43,Article,
COVID-19 Is an independent risk factor for acute ischemic stroke,2020,2020-08-01,American Journal of Neuroradiology,Belani P.,10.3174/ajnr.A6650,2-s2.0-85089516294,SCOPUS_ID:85089516294,162,Article,
Black Dipole or White Dipole: Using Susceptibility Phase Imaging to Differentiate Cerebral Microbleeds from Intracranial Calcifications,2020,2020-08-01,American Journal of Neuroradiology,Weng C.L.,10.3174/ajnr.A6636,2-s2.0-85089614945,SCOPUS_ID:85089614945,8,Article,
Focal Leptomeningeal Disease with Perivascular Invasion in EGFR-Mutant Non-Small-Cell Lung Cancer,2020,2020-08-01,American Journal of Neuroradiology,Dasgupta A.,10.3174/ajnr.A6640,2-s2.0-85089607379,SCOPUS_ID:85089607379,7,Article,
Characterizing the Subcortical Structures in Youth with Congenital Heart Disease,2020,2020-08-01,American Journal of Neuroradiology,Fontes K.,10.3174/ajnr.A6667,2-s2.0-85089612607,SCOPUS_ID:85089612607,5,Article,
Evaluation of UltrafastWave-CAIPI MPRAGE for Visual Grading and Automated Measurement of Brain Tissue Volume,2020,2020-08-01,American Journal of Neuroradiology,Longo M.G.F.,10.3174/ajnr.A6703,2-s2.0-85089617165,SCOPUS_ID:85089617165,33,Article,
REPLY,2020,2020-08-01,American Journal of Neuroradiology,Hirsch J.A.,10.3174/ajnr.A6721,2-s2.0-85089614739,SCOPUS_ID:85089614739,0,Letter,
Augmented Reality,2020,2020-08-01,American Journal of Neuroradiology,O'Reilly M.K.,10.3174/ajnr.A6587,2-s2.0-85089610557,SCOPUS_ID:85089610557,3,Letter,
The Risk of Stroke and TIA in Nonstenotic Carotid Plaques: A Systematic Review and Meta-Analysis,2020,2020-08-01,American Journal of Neuroradiology,Singh N.,10.3174/ajnr.A6613,2-s2.0-85089615254,SCOPUS_ID:85089615254,42,Review,
REPLY,2020,2020-08-01,American Journal of Neuroradiology,Goldberg M.F.,10.3174/ajnr.A6686,2-s2.0-85089609402,SCOPUS_ID:85089609402,0,Letter,
Lower Lactate Levels and Lower Intracellular pH in Patients with IDH-Mutant versusWild-Type Gliomas,2020,2020-08-01,American Journal of Neuroradiology,Wenger K.J.,10.3174/ajnr.A6633,2-s2.0-85089610514,SCOPUS_ID:85089610514,14,Article,
Neurologic Involvement in COVID-19: Cause or Coincidence? A Neuroimaging Perspective,2020,2020-08-01,American Journal of Neuroradiology,Pons-Escoda A.,10.3174/ajnr.A6627,2-s2.0-85089614590,SCOPUS_ID:85089614590,33,Review,
"Non-EPI-DWI for detection, disease monitoring, and clinical decision-making in thyroid eye disease",2020,2020-08-01,American Journal of Neuroradiology,Feeney C.,10.3174/ajnr.A6664,2-s2.0-85089464730,SCOPUS_ID:85089464730,40,Article,
Parental Leave and Neuroradiology Fellowships,2020,2020-08-01,American Journal of Neuroradiology,Sherbaf F.G.,10.3174/ajnr.A6648,2-s2.0-85089608680,SCOPUS_ID:85089608680,5,Review,
"Occam's Razor, Stroke, and COVID-19",2020,2020-08-01,American Journal of Neuroradiology,Morelli N.,10.3174/ajnr.A6656,2-s2.0-85089606923,SCOPUS_ID:85089606923,2,Letter,
MRI Head Coil Malfunction Producing Artifacts Mimicking Malformation of Cortical Development in Pediatric Epilepsy Work-Up,2020,2020-08-01,American Journal of Neuroradiology,Kashani N.,10.3174/ajnr.A6639,2-s2.0-85089613648,SCOPUS_ID:85089613648,0,Article,
Incidence and Risk Factors of In-Stent Restenosis for Symptomatic Intracranial Atherosclerotic Stenosis: A Systematic Review and Meta-Analysis,2020,2020-08-01,American Journal of Neuroradiology,Peng G.,10.3174/ajnr.A6689,2-s2.0-85089615621,SCOPUS_ID:85089615621,59,Review,
Characterizingwhite matter tract organization in polymicrogyria and lissencephaly: A multifiber diffusion mri modeling and tractography study,2020,2020-08-01,American Journal of Neuroradiology,Arrigoni F.,10.3174/ajnr.A6646,2-s2.0-85089606412,SCOPUS_ID:85089606412,11,Article,
Multishell Diffusion MRI-Based Tractography of the Facial Nerve in Vestibular Schwannoma,2020,2020-08-01,American Journal of Neuroradiology,Castellaro M.,10.3174/ajnr.A6706,2-s2.0-85089610600,SCOPUS_ID:85089610600,18,Article,
Reliability of the Modified TICI Score among Endovascular Neurosurgeons,2020,2020-08-01,American Journal of Neuroradiology,Heiferman D.M.,10.3174/ajnr.A6696,2-s2.0-85089615742,SCOPUS_ID:85089615742,21,Article,
Evolving Neuroimaging Findings during COVID-19,2020,2020-08-01,American Journal of Neuroradiology,Jain R.,10.3174/ajnr.A6658,2-s2.0-85089610046,SCOPUS_ID:85089610046,7,Editorial,
Surprise diagnosis of COVID-19 following neuroimaging evaluation for unrelated reasons during the pandemic in hot spots,2020,2020-07-01,American Journal of Neuroradiology,Jain R.,10.3174/AJNR.A6608,2-s2.0-85088485667,SCOPUS_ID:85088485667,13,Article,
High spatiotemporal resolution 4D flow MRI of intracranial aneurysms at 7T in 10 minutes,2020,2020-07-01,American Journal of Neuroradiology,Gottwald L.M.,10.3174/AJNR.A6603,2-s2.0-85088484914,SCOPUS_ID:85088484914,36,Article,
Implications of the revisions and revaluation of office/outpatient evaluation and management codes for neuroradiology reimbursement,2020,2020-07-01,American Journal of Neuroradiology,Wang K.Y.,10.3174/AJNR.A6619,2-s2.0-85088487751,SCOPUS_ID:85088487751,9,Article,
Value of advanced MR imaging techniques in mild traumatic brain injury,2020,2020-07-01,American Journal of Neuroradiology,Hähnel S.,10.3174/AJNR.A6629,2-s2.0-85088485829,SCOPUS_ID:85088485829,2,Note,
"Persistent blood flow inside the woven endobridge device more than 6 months after intracranial aneurysm treatment: Frequency, mechanisms, and management - A retrospective single-center study",2020,2020-07-01,American Journal of Neuroradiology,Nguyen H.A.,10.3174/AJNR.A6593,2-s2.0-85088485271,SCOPUS_ID:85088485271,10,Article,
Hemorrhagic posterior reversible encephalopathy syndrome as a manifestation of COVID-19 infection,2020,2020-07-01,American Journal of Neuroradiology,Franceschi A.M.,10.3174/AJNR.A6595,2-s2.0-85087663353,SCOPUS_ID:85087663353,125,Article,
Intra-arterial chemotherapy for retinoblastoma in infants ≤10 kg: 74 treated eyes with 222 IAC sessions,2020,2020-07-01,American Journal of Neuroradiology,Sweid A.,10.3174/AJNR.A6590,2-s2.0-85088485553,SCOPUS_ID:85088485553,17,Article,
CT scanning in suspected stroke or head trauma: Is it worth going the extra mile and including the chest to screen for COVID-19 infection?,2020,2020-07-01,American Journal of Neuroradiology,Kwee R.M.,10.3174/AJNR.A6607,2-s2.0-85087113203,SCOPUS_ID:85087113203,12,Article,
Meta-analysis as a symptom: The example of flow diverters,2020,2020-07-01,American Journal of Neuroradiology,Houdart E.,10.3174/AJNR.A6594,2-s2.0-85088487687,SCOPUS_ID:85088487687,4,Letter,
Residual flow inside thewoven endobridge device at follow-up: Potential predictors of the bicêtre occlusion scale score 1 phenomenon,2020,2020-07-01,American Journal of Neuroradiology,Nawka M.T.,10.3174/AJNR.A6605,2-s2.0-85088486488,SCOPUS_ID:85088486488,14,Article,
Heterogeneous continuum of cerebral and cervicofacial venous malformations,2020,2020-07-01,American Journal of Neuroradiology,Manjila S.,10.3174/AJNR.A6694,2-s2.0-85088484920,SCOPUS_ID:85088484920,0,Note,
Prevalence of sigmoid sinus dehiscence and diverticulum among adults with skull base cephaloceles,2020,2020-07-01,American Journal of Neuroradiology,Sotoudeh H.,10.3174/AJNR.A6602,2-s2.0-85088487251,SCOPUS_ID:85088487251,3,Article,
Preserving access: A review of stroke thrombectomy during the COVID-19 pandemic,2020,2020-07-01,American Journal of Neuroradiology,Leslie-Mazwi T.M.,10.3174/AJNR.A6606,2-s2.0-85088487387,SCOPUS_ID:85088487387,15,Review,
Squamous cell carcinoma arising from sinonasal inverted papilloma,2020,2020-07-01,American Journal of Neuroradiology,Ginat D.T.,10.3174/AJNR.A6583,2-s2.0-85088487479,SCOPUS_ID:85088487479,4,Article,
Novel coronavirus: What neuroradiologists should do,2020,2020-07-01,American Journal of Neuroradiology,Jain C.,10.3174/AJNR.A6550,2-s2.0-85088485164,SCOPUS_ID:85088485164,0,Letter,
Neuroradiologists and the novel coronavirus,2020,2020-07-01,American Journal of Neuroradiology,Antonucci M.U.,10.3174/AJNR.A6596,2-s2.0-85088487442,SCOPUS_ID:85088487442,0,Letter,
COVID-19-Associated miller fisher syndrome: MRI findings,2020,2020-07-01,American Journal of Neuroradiology,Lantos J.E.,10.3174/AJNR.A6609,2-s2.0-85088487661,SCOPUS_ID:85088487661,105,Article,
Variable refocusing flip angle single-shot imaging for sedation-free fast brain MRI,2020,2020-07-01,American Journal of Neuroradiology,Jabarkheel R.,10.3174/AJNR.A6616,2-s2.0-85088486255,SCOPUS_ID:85088486255,3,Article,
Headache and neuroimaging: Why we continue to do it,2020,2020-07-01,American Journal of Neuroradiology,Jordan J.E.,10.3174/AJNR.A6591,2-s2.0-85088488057,SCOPUS_ID:85088488057,12,Article,
Changes of neurotransmitters in youth with internet and smartphone addiction: A comparison with healthy controls and changes after cognitive behavioral therapy,2020,2020-07-01,American Journal of Neuroradiology,Seo H.S.,10.3174/AJNR.A6632,2-s2.0-85088485633,SCOPUS_ID:85088485633,28,Article,
Cervicofacial venous malformations are associated with intracranial developmental venous anomalies and dural venous sinus abnormalities,2020,2020-07-01,American Journal of Neuroradiology,Brinjikji W.,10.3174/AJNR.A6617,2-s2.0-85088485854,SCOPUS_ID:85088485854,8,Article,
Cerebrovascular Disease in COVID-19,2020,2020-07-01,American Journal of Neuroradiology,Goldberg M.F.,10.3174/AJNR.A6588,2-s2.0-85086882221,SCOPUS_ID:85086882221,96,Article,
Comparison of intraoperative sonography and histopathologic evaluation of tumor thickness and depth of invasion in oral tongue cancer: A pilot study,2020,2020-07-01,American Journal of Neuroradiology,Yoon B.C.,10.3174/AJNR.A6625,2-s2.0-85088488017,SCOPUS_ID:85088488017,30,Article,
Combination of imaging features and clinical biomarkers predicts positive pathology and microbiology findings suggestive of spondylodiscitis in patients undergoing image-guided percutaneous biopsy,2020,2020-07-01,American Journal of Neuroradiology,Kihira S.,10.3174/AJNR.A6623,2-s2.0-85088485736,SCOPUS_ID:85088485736,13,Article,
Ventricular volume is more strongly associated with clinical improvement than the evans index after shunting in idiopathic normal pressure hydrocephalus,2020,2020-07-01,American Journal of Neuroradiology,Neikter J.,10.3174/AJNR.A6620,2-s2.0-85088486338,SCOPUS_ID:85088486338,43,Article,
Automatic machine learning to differentiate pediatric posterior fossa tumors on routine MR imaging,2020,2020-07-01,American Journal of Neuroradiology,Zhou H.,10.3174/AJNR.A6621,2-s2.0-85088022991,SCOPUS_ID:85088022991,58,Article,
Prevalence and incidence of microhemorrhages in adolescent football players,2020,2020-07-01,American Journal of Neuroradiology,Shah B.R.,10.3174/AJNR.A6618,2-s2.0-85088050197,SCOPUS_ID:85088050197,6,Article,
Brain cortical structure and executive function in children may be influenced by parental choices of infant diets,2020,2020-07-01,American Journal of Neuroradiology,Li T.,10.3174/AJNR.A6601,2-s2.0-85088485876,SCOPUS_ID:85088485876,8,Article,
A hemodynamic mechanism correlating with the initiation of MCA bifurcation aneurysms,2020,2020-07-01,American Journal of Neuroradiology,Huang Z.,10.3174/AJNR.A6615,2-s2.0-85088487095,SCOPUS_ID:85088487095,12,Article,
In vivo evaluation of white matter ab normalities in children with duchenne muscular dystrophy using DTI,2020,2020-07-01,American Journal of Neuroradiology,Preethish-Kumar V.,10.3174/AJNR.A6604,2-s2.0-85088485248,SCOPUS_ID:85088485248,22,Article,
Spine MRI in spontaneous intracranial hypotension for CSF leak detection: Nonsuperiority of intrathecal gadolinium to heavily T2-weighted fat-saturated sequences,2020,2020-07-01,American Journal of Neuroradiology,Dobrocky T.,10.3174/AJNR.A6592,2-s2.0-85088485255,SCOPUS_ID:85088485255,51,Article,
Posttreatment imaging in patients with head and neck cancer without clinical evidence of recurrence: Should surveillance imaging extend beyond 6 months?,2020,2020-07-01,American Journal of Neuroradiology,Gore A.,10.3174/AJNR.A6614,2-s2.0-85088484975,SCOPUS_ID:85088484975,27,Article,
Distinguishing extravascular from intravascular ferumoxytol pools within the brain: Proof of concept in patients with treated glioblastoma,2020,2020-07-01,American Journal of Neuroradiology,Barajas R.F.,10.3174/AJNR.A6600,2-s2.0-85088485263,SCOPUS_ID:85088485263,13,Article,
"Tandem carotid lesions in acute ischemic stroke: Mechanisms, therapeutic challenges, and future directions",2020,2020-07-01,American Journal of Neuroradiology,Poppe A.Y.,10.3174/AJNR.A6582,2-s2.0-85088485795,SCOPUS_ID:85088485795,93,Review,
Neuroimaging findings in patients with COVID-19,2020,2020-06-11,American Journal of Neuroradiology,Nicholson P.,10.3174/AJNR.A6630,2-s2.0-85088378098,SCOPUS_ID:85088378098,52,Article,
How the lives of neuroradiologists and neurosurgeons have been changed by COVID-19,2020,2020-06-01,American Journal of Neuroradiology,Vargas M.I.,10.3174/ajnr.A6562,2-s2.0-85086356504,SCOPUS_ID:85086356504,1,Letter,
Value of 3T susceptibility-weighted imaging in the diagnosis of multiple sclerosis,2020,2020-06-01,American Journal of Neuroradiology,Clarke M.A.,10.3174/ajnr.A6547,2-s2.0-85086346724,SCOPUS_ID:85086346724,124,Article,
Relevance of distal arterial collapse in stenting of atherosclerotic near-occlusion of the carotid artery,2020,2020-06-01,American Journal of Neuroradiology,Cay F.,10.3174/ajnr.A6570,2-s2.0-85086346168,SCOPUS_ID:85086346168,15,Article,
Morphometric MRI analysis: Improved detection of focal cortical dysplasia using the mp2rage sequence,2020,2020-06-01,American Journal of Neuroradiology,Demerath T.,10.3174/ajnr.A6579,2-s2.0-85086346159,SCOPUS_ID:85086346159,32,Article,
Positive predictive value of neck imaging reporting and data system categories 3 and 4 posttreatment FDG-PET/CT in head and neck squamous cell carcinoma,2020,2020-06-01,American Journal of Neuroradiology,Wangaryattawanich P.,10.3174/ajnr.A6589,2-s2.0-85086345917,SCOPUS_ID:85086345917,11,Article,
4D flat panel conebeam CTA for in vivo imaging of the microvasculature of the human cortex with a novel software prototype,2020,2020-06-01,American Journal of Neuroradiology,Huizinga N.,10.3174/ajnr.A6574,2-s2.0-85086346940,SCOPUS_ID:85086346940,7,Article,
Brain network disruption in whiplash,2020,2020-06-01,American Journal of Neuroradiology,Higgins J.P.,10.3174/ajnr.A6569,2-s2.0-85086346576,SCOPUS_ID:85086346576,14,Article,
"Neuroradiologists, be mindful of the neuroinvasive potential of COVID-19",2020,2020-06-01,American Journal of Neuroradiology,Morris M.,10.3174/ajnr.A6551,2-s2.0-85084617044,SCOPUS_ID:85084617044,15,Letter,
Accuracy of MR imaging for detection of sensorineural hearing loss in infants with bacterial meningitis,2020,2020-06-01,American Journal of Neuroradiology,Orman G.,10.3174/ajnr.A6539,2-s2.0-85086346381,SCOPUS_ID:85086346381,8,Article,
Asymptomatic COVID-19: What the neuroradiologist needs to know about pulmonary manifestations,2020,2020-06-01,American Journal of Neuroradiology,Barajas R.F.,10.3174/ajnr.A6561,2-s2.0-85086346686,SCOPUS_ID:85086346686,7,Article,
The ubiquitous use of resting state as a control task for language mapping in task-based functional MRI,2020,2020-06-01,American Journal of Neuroradiology,Middlebrooks E.H.,10.3174/ajnr.A6464,2-s2.0-85086345904,SCOPUS_ID:85086345904,0,Letter,
Long-term outcomes of the WEB device for treatment of wide-neck bifurcation aneurysms,2020,2020-06-01,American Journal of Neuroradiology,Fujimoto M.,10.3174/ajnr.A6548,2-s2.0-85086347029,SCOPUS_ID:85086347029,41,Article,
No man is an Island: John Donne,2020,2020-06-01,American Journal of Neuroradiology,Lim C.C.T.,10.3174/ajnr.A6544,2-s2.0-85086346074,SCOPUS_ID:85086346074,1,Letter,
High prevalence of spinal cord cavernous malformations in the familial cerebral cavernous malformations type 1 cohort,2020,2020-06-01,American Journal of Neuroradiology,Mabray M.C.,10.3174/ajnr.A6584,2-s2.0-85086346784,SCOPUS_ID:85086346784,16,Article,
From the eye of the sorm: Multi-institutional practical perspectives on neuroradiology from the COVID-19 outbreak in new york city,2020,2020-06-01,American Journal of Neuroradiology,Phillips C.D.,10.3174/AJNR.A6565,2-s2.0-85086355882,SCOPUS_ID:85086355882,16,Review,
Reply:,2020,2020-06-01,American Journal of Neuroradiology,Foesleitner O.,10.3174/ajnr.A6597,2-s2.0-85086345844,SCOPUS_ID:85086345844,0,Letter,
Multicenter postmarket analysis of the neuroform atlas stent for stent-assisted coil embolization of intracranial aneurysms,2020,2020-06-01,American Journal of Neuroradiology,Burkhardt J.K.,10.3174/ajnr.A6581,2-s2.0-85086346269,SCOPUS_ID:85086346269,26,Article,
Voxel-based morphometry-from hype to hope. A study on hippocampal atrophy in mesial temporal lobe epilepsy,2020,2020-06-01,American Journal of Neuroradiology,Riederer F.,10.3174/ajnr.A6545,2-s2.0-85086354610,SCOPUS_ID:85086354610,15,Article,
New MRI findings in Fukuyama congenital muscular dystrophy: Brain stem and venous system anomalies,2020,2020-06-01,American Journal of Neuroradiology,Hirasawa-Inoue A.,10.3174/ajnr.A6577,2-s2.0-85086346306,SCOPUS_ID:85086346306,5,Article,
Atypical deep cerebral vein thrombosis with hemorrhagic venous infarction in a patient positive for COVID-19,2020,2020-06-01,American Journal of Neuroradiology,Chougar L.,10.3174/AJNR.A6641,2-s2.0-85089613323,SCOPUS_ID:85089613323,44,Article,
Major radiologic and clinical outcomes of total spine MRI performed in the emergency department at a major academic medical center,2020,2020-06-01,American Journal of Neuroradiology,Huang C.W.C.,10.3174/ajnr.A6578,2-s2.0-85086346178,SCOPUS_ID:85086346178,5,Article,
Resting-state brain activity for early prediction outcome in postanoxic patients in a coma with indeterminate clinical prognosis,2020,2020-06-01,American Journal of Neuroradiology,Pugin D.,10.3174/ajnr.A6572,2-s2.0-85086346948,SCOPUS_ID:85086346948,35,Article,
Fully automated segmentation of globes for volume quantification in CT images of orbits using deep learning,2020,2020-06-01,American Journal of Neuroradiology,Umapathy L.,10.3174/ajnr.A6538,2-s2.0-85086346539,SCOPUS_ID:85086346539,16,Article,
"A Case series of x-linked deafness-2 with sensorineural hearing loss, stapes fixation, and perilymphatic gusher: Mr imaging and clinical features of hypothalamic malformations",2020,2020-06-01,American Journal of Neuroradiology,Matifoll J.A.P.,10.3174/ajnr.A6541,2-s2.0-85086346085,SCOPUS_ID:85086346085,6,Article,
Cerebral venous thrombosis associated with COVID-19,2020,2020-06-01,American Journal of Neuroradiology,Cavalcanti D.D.,10.3174/AJNR.A6644,2-s2.0-85088039450,SCOPUS_ID:85088039450,194,Article,
"MR-eye: High-resolution microscopy coil MRI for the assessment of the orbit and periorbital structures, part 1: Technique and anatomy",2020,2020-06-01,American Journal of Neuroradiology,Dobbs N.W.,10.3174/ajnr.A6495,2-s2.0-85086346524,SCOPUS_ID:85086346524,19,Review,
"Preoperative evaluation of craniopagus twins: Anatomy, imaging techniques, and surgical management",2020,2020-06-01,American Journal of Neuroradiology,Goldman-Yassen A.E.,10.3174/ajnr.A6571,2-s2.0-85086346394,SCOPUS_ID:85086346394,12,Review,
New imaging findings of incomplete partition type III inner ear malformation and literature review,2020,2020-06-01,American Journal of Neuroradiology,Hong R.,10.3174/ajnr.A6576,2-s2.0-85086345981,SCOPUS_ID:85086345981,16,Article,
Long-term rupture risk in patients with unruptured intracranial aneurysms treated with endovascular therapy: A systematic review and meta-analysis,2020,2020-06-01,American Journal of Neuroradiology,Rizvi A.,10.3174/ajnr.A6568,2-s2.0-85086346632,SCOPUS_ID:85086346632,10,Review,
Improved cervical cord lesion detection with 3D-MP2RAGE sequence in patients with multiple sclerosis,2020,2020-06-01,American Journal of Neuroradiology,Demortière S.,10.3174/ajnr.A6567,2-s2.0-85086346262,SCOPUS_ID:85086346262,20,Article,
Application of deep learning to predict standardized uptake value ratio and amyloid status on 18F-florbetapir PET using ADNI data,2020,2020-06-01,American Journal of Neuroradiology,Reith F.,10.3174/ajnr.A6573,2-s2.0-85086346206,SCOPUS_ID:85086346206,31,Article,
Fetal and neonatal mri predictors of aggressive early clinical course in vein of galen malformation,2020,2020-06-01,American Journal of Neuroradiology,Arko L.,10.3174/ajnr.A6585,2-s2.0-85086346320,SCOPUS_ID:85086346320,42,Article,
Reply:,2020,2020-06-01,American Journal of Neuroradiology,Bonasia S.,10.3174/ajnr.A6503,2-s2.0-85086346352,SCOPUS_ID:85086346352,0,Letter,
Fast stent retrieval improves recanalization rates of thrombectomy: Experimental study on different thrombi,2020,2020-06-01,American Journal of Neuroradiology,Soize S.,10.3174/ajnr.A6559,2-s2.0-85086346463,SCOPUS_ID:85086346463,11,Article,
Prediction of outcome using quantified blood volume in aneurysmal SAH,2020,2020-06-01,American Journal of Neuroradiology,Van Der Steen W.E.,10.3174/ajnr.A6575,2-s2.0-85086346671,SCOPUS_ID:85086346671,19,Article,
The significance of natural anastomoses among intracranial vessels in Moyamoya disease,2020,2020-06-01,American Journal of Neuroradiology,Yu J.,10.3174/ajnr.A6502,2-s2.0-85086346907,SCOPUS_ID:85086346907,0,Letter,
Myelin imaging can be affected by a number of factors,2020,2020-06-01,American Journal of Neuroradiology,Hagiwara A.,10.3174/ajnr.A6525,2-s2.0-85086345985,SCOPUS_ID:85086345985,0,Letter,
"Counterpoint: Conventional fluoroscopy-guided selective cervical nerve root blocka-a safe, effective, and efficient modality in the hands of an experienced proceduralist",2020,2020-06-01,American Journal of Neuroradiology,Ott F.W.,10.3174/ajnr.A6580,2-s2.0-85086355441,SCOPUS_ID:85086355441,5,Article,
Time to discontinue use of the term stroke in neuroradiology,2020,2020-05-01,American Journal of Neuroradiology,Ortega D.A.L.,10.3174/AJNR.A6479,2-s2.0-85084940209,SCOPUS_ID:85084940209,0,Letter,
Cerebellar watershed injury in children,2020,2020-05-01,American Journal of Neuroradiology,Wright J.N.,10.3174/AJNR.A6532,2-s2.0-85084939877,SCOPUS_ID:85084939877,10,Article,
Brain imaging utilization and findings in COVID-19: A single academic center experience in the epicenter of disease in the united states,2020,2020-05-01,American Journal of Neuroradiology,Radmanesh A.,10.3174/AJNR.A6610,2-s2.0-85087181851,SCOPUS_ID:85087181851,100,Article,
Balanced steady-state free precession techniques improve detection of residual germ cell tumor for treatment planning,2020,2020-05-01,American Journal of Neuroradiology,Mehan W.A.,10.3174/AJNR.A6540,2-s2.0-85084894620,SCOPUS_ID:85084894620,7,Article,
Tyrosine kinase inhibitor therapy for brain metastases in non-small-cell lung cancer: A primer for radiologists,2020,2020-05-01,American Journal of Neuroradiology,Dodson C.,10.3174/AJNR.A6477,2-s2.0-85084942752,SCOPUS_ID:85084942752,7,Review,
Neuroimaging findings in children with constitutional mismatch repair deficiency syndrome,2020,2020-05-01,American Journal of Neuroradiology,Kerpel A.,10.3174/AJNR.A6512,2-s2.0-85084787152,SCOPUS_ID:85084787152,7,Article,
Spatial resolution and the magnitude of infarct volume measurement error in DWI in acute Ischemic stroke,2020,2020-05-01,American Journal of Neuroradiology,Ospel J.M.,10.3174/AJNR.A6520,2-s2.0-85084935617,SCOPUS_ID:85084935617,9,Article,
Disrupted functional and structural connectivity in Angelman syndrome,2020,2020-05-01,American Journal of Neuroradiology,Yoon H.M.,10.3174/AJNR.A6531,2-s2.0-85084942783,SCOPUS_ID:85084942783,17,Article,
The perirolandic sign: A unique imaging finding observed in association with polymerase c-related disorders,2020,2020-05-01,American Journal of Neuroradiology,Gonçalves F.G.,10.3174/AJNR.A6514,2-s2.0-85084938781,SCOPUS_ID:85084938781,11,Review,
Predictors of cerebral aneurysm rupture after coil embolization: Single-center experience with recanalized aneurysms,2020,2020-05-01,American Journal of Neuroradiology,Funakoshi Y.,10.3174/AJNR.A6558,2-s2.0-85084943270,SCOPUS_ID:85084943270,18,Article,
MR Myelography for the detection of CSF-venous fistulas,2020,2020-05-01,American Journal of Neuroradiology,Chazen J.L.,10.3174/AJNR.A6521,2-s2.0-85084785930,SCOPUS_ID:85084785930,33,Article,
How far can we take vessel wall MRI for intracranial atherosclerosis? The tissue is still the issue,2020,2020-05-01,American Journal of Neuroradiology,Alexander M.D.,10.3174/AJNR.A6501,2-s2.0-85084786313,SCOPUS_ID:85084786313,3,Letter,
"Tumor response assessment in diffuse intrinsic pontine glioma: Comparison of semiautomated volumetric, semiautomated linear, and manual linear tumor measurement strategies",2020,2020-05-01,American Journal of Neuroradiology,Gilligan L.A.,10.3174/AJNR.A6555,2-s2.0-85084937227,SCOPUS_ID:85084937227,14,Article,
ASPECTS Distorts infarct volume measurement,2020,2020-05-01,American Journal of Neuroradiology,Suss R.A.,10.3174/AJNR.A6485,2-s2.0-85084938027,SCOPUS_ID:85084938027,1,Letter,
Reply,2020,2020-05-01,American Journal of Neuroradiology,Zwartbol M.H.T.,10.3174/AJNR.A6516,2-s2.0-85084787095,SCOPUS_ID:85084787095,0,Letter,
Advanced multicompartment diffusion MRI models and their application in multiple sclerosis,2020,2020-05-01,American Journal of Neuroradiology,Lakhani D.A.,10.3174/AJNR.A6484,2-s2.0-85084871894,SCOPUS_ID:85084871894,38,Review,
Stroke health care use and covid-19,2020,2020-05-01,American Journal of Neuroradiology,Derraz I.,10.3174/AJNR.A6563,2-s2.0-85084617211,SCOPUS_ID:85084617211,3,Letter,
MRI signal intensity and electron ultrastructure classification predict the long-term outcome of skull base chordomas,2020,2020-05-01,American Journal of Neuroradiology,Bai J.,10.3174/AJNR.A6557,2-s2.0-85084937382,SCOPUS_ID:85084937382,7,Article,
Structural connectivity and cortical thickness alterations in transient global amnesia,2020,2020-05-01,American Journal of Neuroradiology,Hodel J.,10.3174/AJNR.A6530,2-s2.0-85084939523,SCOPUS_ID:85084939523,11,Article,
Reply,2020,2020-05-01,American Journal of Neuroradiology,Futami K.,10.3174/AJNR.A6474,2-s2.0-85084943328,SCOPUS_ID:85084943328,0,Letter,
"Scientific collaboration across time and space: Bibliometric analysis of the American journal of neuroradiology, 1980-2018",2020,2020-05-01,American Journal of Neuroradiology,Zohrabian V.M.,10.3174/AJNR.A6523,2-s2.0-85084937322,SCOPUS_ID:85084937322,5,Review,
Synthetic MRI of preterm infants at term-equivalent age: Evaluation of diagnostic image quality and automated brain volume segmentation,2020,2020-05-01,American Journal of Neuroradiology,Vanderhasselt T.,10.3174/AJNR.A6533,2-s2.0-85084941531,SCOPUS_ID:85084941531,19,Article,
Sensitivity of the inhomogeneous magnetization transfer imaging technique to spinal cord damage in multiple sclerosis,2020,2020-05-01,American Journal of Neuroradiology,Rasoanandrianina H.,10.3174/AJNR.A6554,2-s2.0-85084788018,SCOPUS_ID:85084788018,22,Article,
Medicare for all: Considerations for neuroradiologists,2020,2020-05-01,American Journal of Neuroradiology,Nguyen T.H.,10.3174/AJNR.A6524,2-s2.0-85084940047,SCOPUS_ID:85084940047,5,Review,
Reply,2020,2020-05-01,American Journal of Neuroradiology,Nael K.,10.3174/AJNR.A6504,2-s2.0-85084938416,SCOPUS_ID:85084938416,0,Letter,
Aging and the brain: A quantitative study of clinical CT images,2020,2020-05-01,American Journal of Neuroradiology,Cauley K.A.,10.3174/AJNR.A6510,2-s2.0-85084942499,SCOPUS_ID:85084942499,10,Article,
Effect of age on gaba1 and glutathione in a pediatric sample,2020,2020-05-01,American Journal of Neuroradiology,Saleh M.G.,10.3174/AJNR.A6543,2-s2.0-85086346032,SCOPUS_ID:85086346032,28,Article,
Distinguishing recurrent thyroid cancer from residual nonmalignant thyroid tissue using multiphasic multidetector ct,2020,2020-05-01,American Journal of Neuroradiology,Debnam J.M.,10.3174/AJNR.A6519,2-s2.0-85084938810,SCOPUS_ID:85084938810,8,Article,
Utility of Pre-hematopoietic cell transplantation sinus CT screening in children and adolescents,2020,2020-05-01,American Journal of Neuroradiology,Harreld J.H.,10.3174/AJNR.A6509,2-s2.0-85084937437,SCOPUS_ID:85084937437,6,Article,
Gadolinium deposition safety: Seeking the patient’s perspective,2020,2020-05-01,American Journal of Neuroradiology,Mallio C.A.,10.3174/AJNR.A6586,2-s2.0-85086346550,SCOPUS_ID:85086346550,28,Editorial,
The impact of intracortical lesions on volumes of subcortical structures in multiple sclerosis,2020,2020-05-01,American Journal of Neuroradiology,Kalinin I.,10.3174/AJNR.A6513,2-s2.0-85084943342,SCOPUS_ID:85084943342,5,Article,
Prognostic value of preoperative MRI metrics for diffuse lower-grade glioma molecular subtypes,2020,2020-05-01,American Journal of Neuroradiology,Darvishi P.,10.3174/AJNR.A6511,2-s2.0-85084939283,SCOPUS_ID:85084939283,16,Article,
MR imaging correlates for molecular and mutational analyses in children with diffuse intrinsic pontine glioma,2020,2020-05-01,American Journal of Neuroradiology,Jaimes C.,10.3174/AJNR.A6546,2-s2.0-85084941510,SCOPUS_ID:85084941510,18,Conference Paper,
Signal of carotid intraplaque hemorrhage on MR T1-weighted imaging: Association with acute cerebral infarct,2020,2020-05-01,American Journal of Neuroradiology,Yang D.,10.3174/AJNR.A6498,2-s2.0-85084935586,SCOPUS_ID:85084935586,27,Article,
A critical assessment of the golden hour and the impact of procedural timing in stroke thrombectomy,2020,2020-05-01,American Journal of Neuroradiology,Wessell A.P.,10.3174/AJNR.A6556,2-s2.0-85084785608,SCOPUS_ID:85084785608,14,Article,
Identification of vortex cores in cerebral aneurysms on 4D flow MRI,2020,2020-05-01,American Journal of Neuroradiology,Meckel S.,10.3174/AJNR.A6480,2-s2.0-85084936069,SCOPUS_ID:85084936069,4,Letter,
Inter- And intrareader agreement of NI-RADS in the interpretation of surveillance contrast-enhanced CT after treatment of oral cavity and oropharyngeal squamous cell carcinoma,2020,2020-05-01,American Journal of Neuroradiology,Elsholtz F.H.J.,10.3174/AJNR.A6529,2-s2.0-85084941402,SCOPUS_ID:85084941402,18,Article,
Acetazolamide-Loaded dynamic 7T MR quantitative susceptibility mapping in major cerebral artery steno-occlusive disease: Comparison with PET,2020,2020-05-01,American Journal of Neuroradiology,Fujimoto K.,10.3174/AJNR.A6508,2-s2.0-85084940152,SCOPUS_ID:85084940152,4,Article,
Direct in vivo MRI discrimination of brain stem nuclei and pathways,2020,2020-05-01,American Journal of Neuroradiology,Shepherd T.M.,10.3174/AJNR.A6542,2-s2.0-85084787332,SCOPUS_ID:85084787332,16,Article,
"Comparison of MRI, MRA, and DSA for detection of cerebral arteriovenous malformations in hereditary hemorrhagic telangiectasia",2020,2020-05-01,American Journal of Neuroradiology,Vella M.,10.3174/AJNR.A6549,2-s2.0-85086346383,SCOPUS_ID:85086346383,16,Article,
Reply,2020,2020-05-01,American Journal of Neuroradiology,Aftab M.A.,10.3174/AJNR.A6528,2-s2.0-85084942275,SCOPUS_ID:85084942275,0,Letter,
Methylphenidate effects on cortical thickness in children and adults with attention-deficit/hyperactivity disorder: A randomized clinical trial,2020,2020-05-01,American Journal of Neuroradiology,Walhovd K.B.,10.3174/AJNR.A6560,2-s2.0-85084787383,SCOPUS_ID:85084787383,15,Article,
Involvement of the olfactory apparatus by Gliomas,2020,2020-04-01,American Journal of Neuroradiology,Wu X.,10.3174/AJNR.A6471,2-s2.0-85083540608,SCOPUS_ID:85083540608,3,Article,
Assessment of apparent internal carotid tandem occlusion on high-resolution vessel wall imaging: Comparison with digital subtraction angiography,2020,2020-04-01,American Journal of Neuroradiology,Chai S.,10.3174/AJNR.A6452,2-s2.0-85083537552,SCOPUS_ID:85083537552,18,Article,
Erratum: Artery of davidoff and schechter supply in dural arteriovenous fistulas (AJNR Am J Neuroradiol (2020)41 (300-304)Doi: 10.3174/ajnr.A6380),2020,2020-04-01,American Journal of Neuroradiology,Wälchli T.,10.3174/AJNR.A6518,2-s2.0-85083541385,SCOPUS_ID:85083541385,0,Erratum,
Anoxic brain injury detection with the normalized diffusion to ASL perfusion ratio: Implications for blood-brain barrier injury and permeability,2020,2020-04-01,American Journal of Neuroradiology,Li N.,10.3174/AJNR.A6461,2-s2.0-85083538768,SCOPUS_ID:85083538768,8,Article,
Novel coronavirus: What neuroradiologists as citizens of the world need to know,2020,2020-04-01,American Journal of Neuroradiology,Mahajan A.,10.3174/AJNR.A6526,2-s2.0-85083253130,SCOPUS_ID:85083253130,26,Review,
Complications of endovascular treatments for brain arteriovenous malformations: A nationwide surveillance,2020,2020-04-01,American Journal of Neuroradiology,Sato K.,10.3174/AJNR.A6470,2-s2.0-85083536702,SCOPUS_ID:85083536702,33,Article,
Reply,2020,2020-04-01,American Journal of Neuroradiology,Arai N.,10.3174/AJNR.A6473,2-s2.0-85083541009,SCOPUS_ID:85083541009,0,Letter,
Is histologic thrombus composition in acute stroke linked to stroke etiology or to interventional parameters?,2020,2020-04-01,American Journal of Neuroradiology,Goebel J.,10.3174/AJNR.A6467,2-s2.0-85083539279,SCOPUS_ID:85083539279,44,Article,
Hippocampal sclerosis detection with neuroquant compared with neuroradiologists,2020,2020-04-01,American Journal of Neuroradiology,Louis S.,10.3174/AJNR.A6454,2-s2.0-85083536528,SCOPUS_ID:85083536528,37,Article,
"The lateral ventricles: A detailed review of anatomy, development, and anatomic variations",2020,2020-04-01,American Journal of Neuroradiology,Scelsi C.L.,10.3174/AJNR.A6456,2-s2.0-85083537302,SCOPUS_ID:85083537302,59,Article,
Intermixed dimethyl-sulfoxide–based nonadhesive liquid embolic agents delivered serially via the same microcatheter for cerebral AVM treatment,2020,2020-04-01,American Journal of Neuroradiology,Sirakov A.,10.3174/ajnr.A6453,2-s2.0-85083537628,SCOPUS_ID:85083537628,9,Article,
CT Angiography in evaluating large-vessel occlusion in acute anterior circulation ischemic stroke: Factors associated with diagnostic error in clinical practice,2020,2020-04-01,American Journal of Neuroradiology,Fasen B.A.C.M.,10.3174/AJNR.A6469,2-s2.0-85083542052,SCOPUS_ID:85083542052,83,Article,
Polymorphous low-grade neuroepithelial tumor of the young as a partially calcified intra-axial mass in an adult,2020,2020-04-01,American Journal of Neuroradiology,Benson J.C.,10.3174/AJNR.A6500,2-s2.0-85083539635,SCOPUS_ID:85083539635,35,Article,
Suspected metallic embolization distal to coiled intracranial aneurysms detectable by susceptibility-weighted MR imaging,2020,2020-04-01,American Journal of Neuroradiology,Yoo D.H.,10.3174/AJNR.A6506,2-s2.0-85083159760,SCOPUS_ID:85083159760,3,Article,
Increased notching of the corpus callosum in fetal alcohol spectrum disorder: A callosal misunderstanding?,2020,2020-04-01,American Journal of Neuroradiology,Schneble E.,10.3174/AJNR.A6475,2-s2.0-85083540163,SCOPUS_ID:85083540163,5,Article,
Glasgow coma scale on presentation predicts outcome in endovascular treatment for acute posterior large-vessel occlusion,2020,2020-04-01,American Journal of Neuroradiology,Chiu A.H.,10.3174/AJNR.A6497,2-s2.0-85083539338,SCOPUS_ID:85083539338,5,Article,
Treatment outcomes of endovascular embolization only in patients with unruptured brain arteriovenous malformations: A subgroup analysis of ARUBA (a randomized trial of unruptured brain arteriovenous malformations),2020,2020-04-01,American Journal of Neuroradiology,Qureshi A.I.,10.3174/AJNR.A6443,2-s2.0-85083536294,SCOPUS_ID:85083536294,6,Article,
Authorship trends in the American Journal of Neuroradiology,2020,2020-04-01,American Journal of Neuroradiology,Emamzadehfard S.,10.3174/AJNR.A6463,2-s2.0-85083542037,SCOPUS_ID:85083542037,1,Letter,
Time to refine how we tweet?,2020,2020-04-01,American Journal of Neuroradiology,D'Anna G.,10.3174/AJNR.A6457,2-s2.0-85083542513,SCOPUS_ID:85083542513,0,Letter,
Discrimination between glioblastoma and solitary brain metastasis: Comparison of inflow-based vascular-space-occupancy and dynamic susceptibility contrast MR imaging,2020,2020-04-01,American Journal of Neuroradiology,Li X.,10.3174/AJNR.A6466,2-s2.0-85083537061,SCOPUS_ID:85083537061,17,Article,
Reliability of CT angiography in cerebral vasospasm: A systematic review of the literature and an inter- And intraobserver study,2020,2020-04-01,American Journal of Neuroradiology,Letourneau-Guillon L.,10.3174/AJNR.A6462,2-s2.0-85083539408,SCOPUS_ID:85083539408,26,Review,
Save the Brain first: CTA and mechanical thrombectomy in patients at risk for contrast-induced nephropathy,2020,2020-04-01,American Journal of Neuroradiology,Li X.,10.3174/AJNR.A6515,2-s2.0-85083542437,SCOPUS_ID:85083542437,3,Note,
Do the magic angle effects or susceptibility effects affect the visualization of nigrosome 1?,2020,2020-04-01,American Journal of Neuroradiology,Kim E.Y.,10.3174/AJNR.A6458,2-s2.0-85083540285,SCOPUS_ID:85083540285,0,Letter,
Brain metastases: Insights from statistical modeling of size distribution,2020,2020-04-01,American Journal of Neuroradiology,Buller M.,10.3174/AJNR.A6496,2-s2.0-85083541404,SCOPUS_ID:85083541404,5,Article,
The Fred for cerebral aneurysms of the posterior circulation: A subgroup analysis of the EUFRED registry,2020,2020-04-01,American Journal of Neuroradiology,Griessenauer C.J.,10.3174/AJNR.A6447,2-s2.0-85083540196,SCOPUS_ID:85083540196,15,Article,
"Advanced ADC histogram, perfusion, and permeability metrics show an association with survival and pseudoprogression in newly diagnosed diffuse intrinsic pontine glioma: A report from the pediatric brain tumor consortium",2020,2020-04-01,American Journal of Neuroradiology,Vajapeyam S.,10.3174/AJNR.A6499,2-s2.0-85083542092,SCOPUS_ID:85083542092,27,Article,
Contrast-induced acute kidney injury in radiologic management of acute ischemic stroke in the emergency setting,2020,2020-04-01,American Journal of Neuroradiology,Myung J.W.,10.3174/AJNR.A6472,2-s2.0-85083540536,SCOPUS_ID:85083540536,16,Article,
MRI vessel wall imaging after intra-arterial treatment for acute ischemic stroke,2020,2020-04-01,American Journal of Neuroradiology,Lindenholz A.,10.3174/AJNR.A6460,2-s2.0-85083541909,SCOPUS_ID:85083541909,13,Article,
"MR thermometry in cerebrovascular disease: Physiologic basis, hemodynamic dependence, and a new frontier in stroke imaging",2020,2020-04-01,American Journal of Neuroradiology,Dehkharghani S.,10.3174/AJNR.A6455,2-s2.0-85083537676,SCOPUS_ID:85083537676,14,Article,
Radiomics study of thyroid ultrasound for predicting BRAF mutation in papillary thyroid carcinoma: Preliminary results,2020,2020-04-01,American Journal of Neuroradiology,Kwon M.R.,10.3174/AJNR.A6505,2-s2.0-85083245060,SCOPUS_ID:85083245060,57,Article,
Efficacy and safety of flow-diverter therapy for recurrent aneurysms after stent-assisted coiling,2020,2020-04-01,American Journal of Neuroradiology,Park K.Y.,10.3174/AJNR.A6476,2-s2.0-85083541967,SCOPUS_ID:85083541967,21,Article,
Facial nerve arterial arcade supply in dural arteriovenous fistulas: Anatomy and treatment strategies,2020,2020-04-01,American Journal of Neuroradiology,Bhatia K.D.,10.3174/AJNR.A6449,2-s2.0-85083536343,SCOPUS_ID:85083536343,7,Article,
Thalamic massa intermedia in children with and without midline brain malformations,2020,2020-04-01,American Journal of Neuroradiology,Whitehead M.T.,10.3174/AJNR.A6446,2-s2.0-85083542283,SCOPUS_ID:85083542283,17,Article,
White matter disease and outcomes of mechanical thrombectomy for acute ischemic stroke,2020,2020-04-01,American Journal of Neuroradiology,Mistry E.A.,10.3174/AJNR.A6478,2-s2.0-85083542164,SCOPUS_ID:85083542164,41,Article,
Comparison of enhancement of the vestibular perilymph between variable and constant flip angle-delayed 3D-FLAIR sequences in Menière disease,2020,2020-04-01,American Journal of Neuroradiology,Nahmani S.,10.3174/AJNR.A6483,2-s2.0-85083537613,SCOPUS_ID:85083537613,21,Article,
Comparison of aspiration versus stent retriever thrombectomy as the preferred strategy for patients with acute terminal internal carotid artery occlusion: A propensity score matching analysis,2020,2020-03-01,American Journal of Neuroradiology,Xing P.F.,10.3174/ajnr.A6414,2-s2.0-85082099326,SCOPUS_ID:85082099326,33,Article,
High intravascular signal arterial transit time artifacts have negligible effects on cerebral blood flow and cerebrovascular reserve capacity measurement using single postlabel delay arterial spin-labeling in patients with moyamoya disease,2020,2020-03-01,American Journal of Neuroradiology,Fahlström M.,10.3174/AJNR.A6411,2-s2.0-85082094111,SCOPUS_ID:85082094111,16,Article,
Performance of standardized relative CBV for quantifying regional histologic tumor burden in recurrent high-grade glioma: Comparison against normalized relative CBV using image-localized stereotactic biopsies,2020,2020-03-01,American Journal of Neuroradiology,Hoxworth J.M.,10.3174/AJNR.A6486,2-s2.0-85082097097,SCOPUS_ID:85082097097,27,Article,
Correction of motion artifacts using a multiscale fully convolutional neural network,2020,2020-03-01,American Journal of Neuroradiology,Sommer K.,10.3174/ajnr.A6436,2-s2.0-85082095102,SCOPUS_ID:85082095102,48,Article,
Imaging-based algorithm for the local grading of glioma,2020,2020-03-01,American Journal of Neuroradiology,Gates E.D.H.,10.3174/AJNR.A6405,2-s2.0-85082098307,SCOPUS_ID:85082098307,18,Article,
Reply:,2020,2020-03-01,American Journal of Neuroradiology,Roberts D.R.,10.3174/AJNR.A6431,2-s2.0-85082092763,SCOPUS_ID:85082092763,1,Letter,
Clinical experience of 1-minute brain MRI using a multicontrast EPI sequence in a different scan environment,2020,2020-03-01,American Journal of Neuroradiology,Ryu K.H.,10.3174/AJNR.A6427,2-s2.0-85082097937,SCOPUS_ID:85082097937,23,Article,
Value of endolymphatic hydrops and perilymph signal intensity in suspected Ménière disease,2020,2020-03-01,American Journal of Neuroradiology,Van Steekelenburg J.M.,10.3174/AJNR.A6410,2-s2.0-85082096926,SCOPUS_ID:85082096926,68,Article,
SWAN-venule: An optimized MRI technique to detect the central vein sign in MS Plaques,2020,2020-03-01,American Journal of Neuroradiology,Gaitán M.I.,10.3174/ajnr.A6437,2-s2.0-85082096720,SCOPUS_ID:85082096720,23,Article,
Access-site complications in mechanical thrombectomy for acute ischemic stroke: A review of prospective trials,2020,2020-03-01,American Journal of Neuroradiology,Shapiro S.Z.,10.3174/AJNR.A6423,2-s2.0-85082098764,SCOPUS_ID:85082098764,15,Review,
Early detection of cancer: Evaluation of MR imaging grading systems in patients with suspected nasopharyngeal carcinoma,2020,2020-03-01,American Journal of Neuroradiology,King A.D.,10.3174/AJNR.A6444,2-s2.0-85082074367,SCOPUS_ID:85082074367,26,Article,
The collar sign in pipeline embolization device-treated aneurysms,2020,2020-03-01,American Journal of Neuroradiology,Moran C.J.,10.3174/AJNR.A6465,2-s2.0-85082095620,SCOPUS_ID:85082095620,2,Note,
Contrast enhancement of intracranial aneurysms on 3T 3D black-blood MRI and its relationship to aneurysm recurrence following endovascular treatment,2020,2020-03-01,American Journal of Neuroradiology,Elsheikh S.,10.3174/ajnr.A6440,2-s2.0-85082094511,SCOPUS_ID:85082094511,16,Article,
4D-Dynamic contrast-enhanced MRI for preoperative localization in patients with primary hyperparathyroidism,2020,2020-03-01,American Journal of Neuroradiology,Becker J.L.,10.3174/AJNR.A6482,2-s2.0-85082093330,SCOPUS_ID:85082093330,26,Article,
Functional and structural connectivity patterns associated with clinical outcomes in deep brain stimulation of the globus pallidus internus for generalized dystonia,2020,2020-03-01,American Journal of Neuroradiology,Okromelidze L.,10.3174/ajnr.A6429,2-s2.0-85082099409,SCOPUS_ID:85082099409,49,Article,
Nephrogenic systemic fibrosis risk assessment and skin biopsy quantification in patients with renal disease following gadobenate contrast administration,2020,2020-03-01,American Journal of Neuroradiology,Kanal E.,10.3174/AJNR.A6448,2-s2.0-85082095286,SCOPUS_ID:85082095286,5,Article,
Stroke-like episodes in m.3243A≥G carriers need to be monitored by MRI starting with the onset of clinical manifestations,2020,2020-03-01,American Journal of Neuroradiology,Finsterer J.,10.3174/AJNR.A6418,2-s2.0-85082093742,SCOPUS_ID:85082093742,0,Letter,
Reply,2020,2020-03-01,American Journal of Neuroradiology,Guerrini R.,10.3174/AJNR.A6490,2-s2.0-85082095585,SCOPUS_ID:85082095585,0,Letter,
Artificial intelligence in the management of intracranial aneurysms: Current status and future perspectives,2020,2020-03-01,American Journal of Neuroradiology,Shi Z.,10.3174/AJNR.A6468,2-s2.0-85082096474,SCOPUS_ID:85082096474,89,Review,
Endovascular thrombectomy of calcified Emboli in acute ischemic stroke: A multicenter study,2020,2020-03-01,American Journal of Neuroradiology,Maurer C.J.,10.3174/AJNR.A6412,2-s2.0-85082099208,SCOPUS_ID:85082099208,26,Article,
Reduced global efficiency and random network features in patients with relapsing-remitting multiple sclerosis with cognitive impairment,2020,2020-03-01,American Journal of Neuroradiology,Hawkins R.,10.3174/AJNR.A6435,2-s2.0-85082093677,SCOPUS_ID:85082093677,17,Article,
Carotid vessel wall imaging on CTA,2020,2020-03-01,American Journal of Neuroradiology,Baradaran H.,10.3174/AJNR.A6403,2-s2.0-85082092794,SCOPUS_ID:85082092794,66,Review,
Is low-grade intraventricular hemorrhage in very preterm infants an innocent condition? Structural and functional evaluation of the brain reveals regional neurodevelopmental abnormalities,2020,2020-03-01,American Journal of Neuroradiology,Argyropoulou M.I.,10.3174/ajnr.A6438,2-s2.0-85082095456,SCOPUS_ID:85082095456,25,Article,
Neuronavigation in the identification and presurgical planning of cortical focal dysplasia,2020,2020-03-01,American Journal of Neuroradiology,Valencia-Calderón C.J.,10.3174/AJNR.A6417,2-s2.0-85082094793,SCOPUS_ID:85082094793,0,Letter,
Vessel wall MRI enhancement in noninflammatory cerebral amyloid angiopathy,2020,2020-03-01,American Journal of Neuroradiology,Hao Q.,10.3174/AJNR.A6445,2-s2.0-85082096749,SCOPUS_ID:85082096749,10,Article,
Neuroradiology fellowship requirements: Updates in 2019,2020,2020-03-01,American Journal of Neuroradiology,Kennedy T.A.,10.3174/ajnr.A6450,2-s2.0-85082095084,SCOPUS_ID:85082095084,3,Review,
Time to refocus the target in stroke therapy again?,2020,2020-03-01,American Journal of Neuroradiology,Lövblad K.O.,10.3174/AJNR.A6416,2-s2.0-85082096516,SCOPUS_ID:85082096516,0,Letter,
Follow-Up MRI for small brain AVMs treated by radiosurgery: Is gadolinium really necessary?,2020,2020-03-01,American Journal of Neuroradiology,Leclerc X.,10.3174/AJNR.A6404,2-s2.0-85082093787,SCOPUS_ID:85082093787,16,Article,
Ratio of T1-weighted to T2-weighted signal intensity as a measure of tissue integrity: Comparison with magnetization transfer ratio in patients with multiple sclerosis,2020,2020-03-01,American Journal of Neuroradiology,Pareto D.,10.3174/AJNR.A6481,2-s2.0-85082098784,SCOPUS_ID:85082098784,32,Article,
Gadolinium enhancement of the aneurysm wall in extracranial carotid artery aneurysms,2020,2020-03-01,American Journal of Neuroradiology,Van Laarhoven C.J.H.C.M.,10.3174/AJNR.A6442,2-s2.0-85082097663,SCOPUS_ID:85082097663,3,Article,
Reduction of radiation dose and scanning time while preserving diagnostic yield: A comparison of battery-powered and manual bone biopsy systems,2020,2020-03-01,American Journal of Neuroradiology,Kihira S.,10.3174/AJNR.A6428,2-s2.0-85082097116,SCOPUS_ID:85082097116,9,Article,
Implications of the collar sign in incompletely occluded aneurysms after pipeline embolization device implantation: A follow-up study,2020,2020-03-01,American Journal of Neuroradiology,Gomez-Paz S.,10.3174/ajnr.A6415,2-s2.0-85082093730,SCOPUS_ID:85082093730,3,Article,
Fractional flow on TOF-MRA as a measure of stroke risk in children with intracranial arterial stenosis,2020,2020-03-01,American Journal of Neuroradiology,Ibrahim A.Y.,10.3174/AJNR.A6441,2-s2.0-85082096416,SCOPUS_ID:85082096416,6,Article,
The possible role of elastic properties of the brain and optic nerve sheath in the development of spaceflight-associated neuro-ocular syndrome,2020,2020-03-01,American Journal of Neuroradiology,Wostyn P.,10.3174/AJNR.A6430,2-s2.0-85082094207,SCOPUS_ID:85082094207,12,Letter,
"Lumbar puncture: Creation and resident acceptance of a low-cost, durable, reusable fluoroscopic phantom with a fluid-filled spinal canal for training at an academic program",2020,2020-03-01,American Journal of Neuroradiology,Lerner D.J.,10.3174/AJNR.A6439,2-s2.0-85082094310,SCOPUS_ID:85082094310,5,Article,
Large neck and strong ostium inflow as the potential causes for delayed occlusion of unruptured sidewall intracranial aneurysms treated by flow diverter,2020,2020-03-01,American Journal of Neuroradiology,Su T.,10.3174/ajnr.A6413,2-s2.0-85082093643,SCOPUS_ID:85082093643,18,Article,
"Considerations for mean upper cervical cord area implementation in a longitudinal MRI setting: Methods, interrater reliability, and MRI quality control",2020,2020-02-01,American Journal of Neuroradiology,Chien C.,10.3174/ajnr.a6394,2-s2.0-85079349005,SCOPUS_ID:85079349005,11,Article,
"Comments on ""prolonged microgravity affects human brain structure and function""",2020,2020-02-01,American Journal of Neuroradiology,Bevelacqua J.J.,10.3174/ajnr.a6387,2-s2.0-85079355838,SCOPUS_ID:85079355838,1,Letter,
Macrocerebellum in achondroplasia: A further CNS manifestation of FGFR3 mutations?,2020,2020-02-01,American Journal of Neuroradiology,Pascoe H.M.,10.3174/ajnr.A6369,2-s2.0-85079345385,SCOPUS_ID:85079345385,5,Article,
MR diffusional kurtosis imaging-based assessment of brain microstructural changes in patients with moyamoya disease before and after revascularization,2020,2020-02-01,American Journal of Neuroradiology,Qiao P.G.,10.3174/ajnr.a6392,2-s2.0-85079356362,SCOPUS_ID:85079356362,10,Article,
Delayed leukoencephalopathy: A rare complication after coiling of cerebral aneurysms,2020,2020-02-01,American Journal of Neuroradiology,Ikemura A.,10.3174/AJNR.A6386,2-s2.0-85079347194,SCOPUS_ID:85079347194,17,Conference Paper,
Renal excretion of contrast on ctmyelography: A specific marker of CSF leak,2020,2020-02-01,American Journal of Neuroradiology,Behbahani S.,10.3174/ajnr.a6393,2-s2.0-85079348465,SCOPUS_ID:85079348465,11,Article,
Displaying multiphase CT angiography using a time-variant color map: Practical considerations and potential applications in patients with acute stroke,2020,2020-02-01,American Journal of Neuroradiology,Ospel J.M.,10.3174/ajnr.A6376,2-s2.0-85079343605,SCOPUS_ID:85079343605,42,Review,
Endovascular treatment decisions in patients with M2 segment MCA occlusions,2020,2020-02-01,American Journal of Neuroradiology,Almekhlafi M.,10.3174/AJNR.A6397,2-s2.0-85079352854,SCOPUS_ID:85079352854,39,Review,
Differentiation between tuberculous and pyogenic spondylodiscitis: The role of the anterior meningovertebral ligament in patients with anterior epidural abscess,2020,2020-02-01,American Journal of Neuroradiology,Strauss S.B.,10.3174/ajnr.A6370,2-s2.0-85079354483,SCOPUS_ID:85079354483,18,Article,
Artery of davidoff and schechter supply in dural arteriovenous fistulas,2020,2020-02-01,American Journal of Neuroradiology,Bhatia K.D.,10.3174/ajnr.a6380,2-s2.0-85079347158,SCOPUS_ID:85079347158,27,Article,
MRI patterns of extrapontine lesion extension in diffuse intrinsic pontine gliomas,2020,2020-02-01,American Journal of Neuroradiology,Makepeace L.,10.3174/ajnr.a6391,2-s2.0-85079341811,SCOPUS_ID:85079341811,16,Article,
Characterization of carotid plaque components by quantitative susceptibility mapping,2020,2020-02-01,American Journal of Neuroradiology,Azuma M.,10.3174/ajnr.A6374,2-s2.0-85079347417,SCOPUS_ID:85079347417,18,Article,
Long-term outcome of patients with spinal dural arteriovenous fistula: The dilemma of delayed diagnosis,2020,2020-02-01,American Journal of Neuroradiology,Jablawi F.,10.3174/ajnr.A6372,2-s2.0-85079345890,SCOPUS_ID:85079345890,27,Article,
Differentiation between tuberculous and pyogenic spondylodiscitis: The role of the anterior meningovertebral ligament in patients with anterior epidural abscess,2020,2020-02-01,American Journal of Neuroradiology,Strauss S.B.,10.3174/ajnr.A6370,2-s2.0-85079354483,SCOPUS_ID:85079354483,18,Article,
Metal artifact reduction in head CT performed for patients with deep brain stimulation devices: Effectiveness of a single-energy metal artifact reduction algorithm,2020,2020-02-01,American Journal of Neuroradiology,Nagayama Y.,10.3174/ajnr.A6375,2-s2.0-85079341066,SCOPUS_ID:85079341066,15,Article,
Assessment of a Bayesian vitrea CT perfusion analysis to predict final infarct and penumbra volumes in patients with acute ischemic stroke: A comparison with RAPID,2020,2020-02-01,American Journal of Neuroradiology,Rava R.A.,10.3174/ajnr.a6395,2-s2.0-85079345838,SCOPUS_ID:85079345838,51,Article,
Long-term outcome of patients with spinal dural arteriovenous fistula: The dilemma of delayed diagnosis,2020,2020-02-01,American Journal of Neuroradiology,Jablawi F.,10.3174/ajnr.A6372,2-s2.0-85079345890,SCOPUS_ID:85079345890,27,Article,
How do physicians approach intravenous alteplase treatment in patients with acute ischemic stroke who are eligible for intravenous alteplase and endovascular therapy? insights from UNMASK-EVT,2020,2020-02-01,American Journal of Neuroradiology,Ospel J.M.,10.3174/ajnr.a6396,2-s2.0-85079344628,SCOPUS_ID:85079344628,3,Article,
Intra-arterial verapamil treatment in oral therapy-refractory reversible cerebral vasoconstriction syndrome,2020,2020-02-01,American Journal of Neuroradiology,Ospel J.M.,10.3174/ajnr.A6378,2-s2.0-85079358728,SCOPUS_ID:85079358728,10,Article,
Reply,2020,2020-02-01,American Journal of Neuroradiology,Roberts D.R.,10.3174/ajnr.a6400,2-s2.0-85079344826,SCOPUS_ID:85079344826,1,Letter,
Standard diffusion-weighted imaging in the brain can detect cervical internal carotid artery dissections,2020,2020-02-01,American Journal of Neuroradiology,Adam G.,10.3174/ajnr.a6383,2-s2.0-85079353800,SCOPUS_ID:85079353800,12,Article,
A method to estimate brain volume from head CT images and application to detect brain atrophy in alzheimer disease,2020,2020-02-01,American Journal of Neuroradiology,Adduru V.,10.3174/AJNR.A6402,2-s2.0-85079343053,SCOPUS_ID:85079343053,29,Article,
Asymptomatic cerebral vasoconstriction after carotid artery stenting,2020,2020-02-01,American Journal of Neuroradiology,Kang C.H.,10.3174/ajnr.a6385,2-s2.0-85079352374,SCOPUS_ID:85079352374,2,Article,
DWI-based algorithm to predict disability in patients treated with thrombectomy for acute stroke,2020,2020-02-01,American Journal of Neuroradiology,Raoult H.,10.3174/AJNR.A6379,2-s2.0-85079357916,SCOPUS_ID:85079357916,13,Article,
Predictive value of noncontrast head CT with negative findings in the emergency department setting,2020,2020-02-01,American Journal of Neuroradiology,Callen A.L.,10.3174/ajnr.a6408,2-s2.0-85079348453,SCOPUS_ID:85079348453,7,Article,
Visualization of lenticulostriate arteries on CT angiography using ultra-high-resolution CT compared with conventional-detector CT,2020,2020-02-01,American Journal of Neuroradiology,Murayama K.,10.3174/ajnr.A6377,2-s2.0-85079344444,SCOPUS_ID:85079344444,32,Article,
The forgotten second window: A pictorial review of round window pathologies,2020,2020-02-01,American Journal of Neuroradiology,Benson J.C.,10.3174/ajnr.A6356,2-s2.0-85079343983,SCOPUS_ID:85079343983,20,Review,
Effects of susceptibility artifacts on perfusion MRI in patients with primary brain tumor: A comparison of arterial spin-labeling versus DSC,2020,2020-02-01,American Journal of Neuroradiology,Maral H.,10.3174/ajnr.a6384,2-s2.0-85079345154,SCOPUS_ID:85079345154,14,Article,
Intraoperative MR and synthetic imaging,2020,2020-02-01,American Journal of Neuroradiology,Vargas M.I.,10.3174/ajnr.A6373,2-s2.0-85079355568,SCOPUS_ID:85079355568,3,Letter,
Impact of aortic arch anatomy on technical performance and clinical outcomes in patients with acute ischemic stroke,2020,2020-02-01,American Journal of Neuroradiology,Knox J.A.,10.3174/AJNR.A6422,2-s2.0-85079349581,SCOPUS_ID:85079349581,35,Article,
Redundant neurovascular imaging: Who is to blame and what is the value?,2020,2020-01-01,American Journal of Neuroradiology,Beheshtian E.,10.3174/ajnr.A6329,2-s2.0-85077776848,SCOPUS_ID:85077776848,4,Review,
Microstructural integrity of salvaged penumbra after mechanical thrombectomy,2020,2020-01-01,American Journal of Neuroradiology,Berndt M.T.,10.3174/ajnr.A6364,2-s2.0-85077769287,SCOPUS_ID:85077769287,5,Article,
Brain MR imaging of patients with perinatal chikungunya virus infection,2020,2020-01-01,American Journal of Neuroradiology,Corrêa D.G.,10.3174/ajnr.A6339,2-s2.0-85077782590,SCOPUS_ID:85077782590,14,Article,
"Acute cortical lesions in MELAS syndrome: Anatomic distribution, symmetry, and evolution",2020,2020-01-01,American Journal of Neuroradiology,Bhatia K.D.,10.3174/ajnr.A6325,2-s2.0-85077780641,SCOPUS_ID:85077780641,52,Article,
Deep transfer learning and radiomics feature prediction of survival of patients with high-grade gliomas,2020,2020-01-01,American Journal of Neuroradiology,Han W.,10.3174/ajnr.A6365,2-s2.0-85077779991,SCOPUS_ID:85077779991,106,Article,
Unilateral nonvisualization of a transverse dural sinus on phase-contrast MRV: Frequency and differentiation from sinus thrombosis on noncontrast MRI,2020,2020-01-01,American Journal of Neuroradiology,Chang Y.M.,10.3174/ajnr.A6337,2-s2.0-85077765749,SCOPUS_ID:85077765749,11,Article,
Does increasing packing density using larger caliber coils improve angiographic results of embolization of intracranial aneurysms at 1 year: A randomized trial,2020,2020-01-01,American Journal of Neuroradiology,Raymond J.,10.3174/ajnr.A6362,2-s2.0-85077776481,SCOPUS_ID:85077776481,15,Article,
Dynamic contrast-enhanced MR imaging of nonenhancing T2 high-signal-intensity lesions in baseline and posttreatment glioblastoma: Temporal change and prognostic value,2020,2020-01-01,American Journal of Neuroradiology,Hwang I.,10.3174/ajnr.A6323,2-s2.0-85077782735,SCOPUS_ID:85077782735,12,Article,
Reduced activity of von Willebrand factor after flow-diverting stent implantation for intracranial aneurysms: A link to acquired von Willebrand disease?,2020,2020-01-01,American Journal of Neuroradiology,Oran I.,10.3174/ajnr.A6343,2-s2.0-85077773066,SCOPUS_ID:85077773066,7,Article,
Emerging use of ultra-high-field 7T MRI in the study of intracranial vascularity: State of the field and future directions,2020,2020-01-01,American Journal of Neuroradiology,Rutland J.W.,10.3174/ajnr.A6344,2-s2.0-85077771498,SCOPUS_ID:85077771498,47,Review,
Imaging triage of patients with late-window (6–24 hours) acute ischemic stroke: A comparative study using multiphase CT angiography versus CT perfusion,2020,2020-01-01,American Journal of Neuroradiology,Almekhlafi M.A.,10.3174/ajnr.A6327,2-s2.0-85077782627,SCOPUS_ID:85077782627,37,Article,
Decreased subcortical T2 FLAIR signal associated with seizures,2020,2020-01-01,American Journal of Neuroradiology,Nicholson P.,10.3174/ajnr.A6328,2-s2.0-85077771169,SCOPUS_ID:85077771169,12,Article,
Simple fluoroscopy-guided transforaminal lumbar puncture: Safety and effectiveness of a coaxial curved-needle technique in patients with spinal muscular atrophy and complex spines,2020,2020-01-01,American Journal of Neuroradiology,Jacobson J.P.,10.3174/ajnr.A6351,2-s2.0-85077771693,SCOPUS_ID:85077771693,16,Article,
Regarding “the interpeduncular angle: A practical and objective marker for the detection and diagnosis of intracranial hypotension on brain MRI”,2020,2020-01-01,American Journal of Neuroradiology,Zhang J.,10.3174/ajnr.A6340,2-s2.0-85077765186,SCOPUS_ID:85077765186,0,Letter,
Usefulness of contrast-enhanced 3D-FLAIR MR imaging for differentiating rathke cleft cyst from cystic craniopharyngioma,2020,2020-01-01,American Journal of Neuroradiology,Azuma M.,10.3174/ajnr.A6359,2-s2.0-85077767889,SCOPUS_ID:85077767889,12,Article,
Structural and volumetric brain MRI findings in mild traumatic brain injury,2020,2020-01-01,American Journal of Neuroradiology,Patel J.B.,10.3174/ajnr.A6346,2-s2.0-85077781409,SCOPUS_ID:85077781409,25,Article,
Lesion-specific language network alterations in temporal lobe epilepsy,2020,2020-01-01,American Journal of Neuroradiology,Foesleitner O.,10.3174/ajnr.A6350,2-s2.0-85077768826,SCOPUS_ID:85077768826,12,Article,
High-resolution MRI for evaluation of ventriculostomy tubes: Assessment of positioning and proximal patency,2020,2020-01-01,American Journal of Neuroradiology,Blitz A.M.,10.3174/ajnr.A6320,2-s2.0-85077765760,SCOPUS_ID:85077765760,3,Article,
Prediction of hemorrhage after successful recanalization in patients with acute ischemic stroke: Improved risk stratification using dual-energy CT parenchymal iodine concentration ratio relative to the superior sagittal sinus,2020,2020-01-01,American Journal of Neuroradiology,Byrne D.,10.3174/ajnr.A6345,2-s2.0-85077770000,SCOPUS_ID:85077770000,30,Article,
Manganese uptake and accumulation in the human brain,2020,2020-01-01,American Journal of Neuroradiology,Blomlie V.,10.3174/ajnr.A6347,2-s2.0-85077777449,SCOPUS_ID:85077777449,6,Letter,
"Lateral decubitus digital subtraction myelography: Tips, tricks, and pitfalls",2020,2020-01-01,American Journal of Neuroradiology,Kim D.K.,10.3174/ajnr.A6368,2-s2.0-85077781045,SCOPUS_ID:85077781045,76,Review,
Vessel wall thickening and enhancement in high-resolution intracranial vessel wall imaging: A predictor of future ischemic events in moyamoya disease,2020,2020-01-01,American Journal of Neuroradiology,Kathuveetil A.,10.3174/ajnr.A6360,2-s2.0-85077771058,SCOPUS_ID:85077771058,56,Article,
Anosmia in covid-19 associated with injury to the olfactory bulbs evident on mri,2020,2020-01-01,American Journal of Neuroradiology,Aragão M.F.V.V.,10.3174/AJNR.A6675,2-s2.0-85088570535,SCOPUS_ID:85088570535,149,Article,
Number needed to treat with vertebral augmentation to save a life,2020,2020-01-01,American Journal of Neuroradiology,Hirsch J.A.,10.3174/ajnr.A6367,2-s2.0-85077772674,SCOPUS_ID:85077772674,42,Article,
Predicting ischemic risk using blood oxygen level–dependent MRI in children with moyamoya,2020,2020-01-01,American Journal of Neuroradiology,Dlamini N.,10.3174/ajnr.A6324,2-s2.0-85077780163,SCOPUS_ID:85077780163,17,Article,
Visualization of nigrosome 1 from the viewpoint of anatomic structure,2020,2020-01-01,American Journal of Neuroradiology,Arai N.,10.3174/ajnr.A6338,2-s2.0-85077766331,SCOPUS_ID:85077766331,5,Article,
Diffusion properties of normal-appearing white matter microstructure and severity of motor impairment in acute ischemic stroke,2020,2020-01-01,American Journal of Neuroradiology,Ingo C.,10.3174/ajnr.A6357,2-s2.0-85077782617,SCOPUS_ID:85077782617,15,Article,
Emergency conversion to general anesthesia is a tolerable risk in patients undergoing mechanical thrombectomy,2020,2020-01-01,American Journal of Neuroradiology,Flottmann F.,10.3174/ajnr.A6321,2-s2.0-85077774879,SCOPUS_ID:85077774879,31,Article,
Flow-diversion treatment for unruptured nonsaccular intracranial aneurysms of the posterior and distal anterior circulation: A meta-analysis,2020,2020-01-01,American Journal of Neuroradiology,Cagnazzo F.,10.3174/ajnr.A6352,2-s2.0-85077765599,SCOPUS_ID:85077765599,26,Article,
CT and MRI findings of glomangiopericytoma in the head and neck: Case series study and systematic review,2020,2020-01-01,American Journal of Neuroradiology,Suh C.H.,10.3174/ajnr.A6336,2-s2.0-85077770942,SCOPUS_ID:85077770942,18,Article,
Response assessment in neuro-oncology criteria for gliomas: Practical approach using conventional and advanced techniques,2020,2020-01-01,American Journal of Neuroradiology,Leao D.J.,10.3174/ajnr.A6358,2-s2.0-85077775368,SCOPUS_ID:85077775368,154,Review,
Signal hyperintensity on unenhanced T1-weighted brain and cervical spinal cord MR images after multiple doses of linear gadolinium-based contrast agent,2019,2019-08-01,American Journal of Neuroradiology,Barisano G.,10.3174/ajnr.A6148,2-s2.0-85071355886,SCOPUS_ID:85071355886,9,Article,
A standardized aspiration-first approach for thrombectomy to increase speed and improve recanalization rates,2019,2019-08-01,American Journal of Neuroradiology,O’Neill D.,10.3174/ajnr.A6117,2-s2.0-85071354393,SCOPUS_ID:85071354393,24,Article,
Prevalence of spontaneous asymptomatic facial nerve canal meningoceles: A retrospective review,2019,2019-08-01,American Journal of Neuroradiology,Benson J.C.,10.3174/ajnr.A6133,2-s2.0-85071354389,SCOPUS_ID:85071354389,11,Article,
Leukoaraiosis may confound the interpretation of CT perfusion in patients treated with mechanical thrombectomy for acute ischemic stroke,2019,2019-08-01,American Journal of Neuroradiology,Rudilosso S.,10.3174/ajnr.A6139,2-s2.0-85071355211,SCOPUS_ID:85071355211,9,Article,
Comparison of CSF and MRI Findings among Neonates and Infants with E coli or Group B Streptococcal Meningitis,2019,2019-08-01,American Journal of Neuroradiology,Kralik S.F.,10.3174/ajnr.A6134,2-s2.0-85071353796,SCOPUS_ID:85071353796,29,Article,
Detection of local recurrence in patients with head and neck squamous cell carcinoma using voxel-based color maps of initial and final area under the curve values derived from DCE-MRI,2019,2019-08-01,American Journal of Neuroradiology,Lee J.Y.,10.3174/ajnr.A6130,2-s2.0-85071353393,SCOPUS_ID:85071353393,19,Article,
Cytotoxic lesions of the corpus callosum caused by thermogenic dietary supplements,2019,2019-08-01,American Journal of Neuroradiology,Galnares-Olalde J.A.,10.3174/ajnr.A6116,2-s2.0-85071351577,SCOPUS_ID:85071351577,14,Article,
Human parechovirus meningoencephalitis: Neuroimaging in the era of polymerase chain reaction–based testing,2019,2019-08-01,American Journal of Neuroradiology,Sarma A.,10.3174/ajnr.A6118,2-s2.0-85071352021,SCOPUS_ID:85071352021,38,Article,
Risk factors for perceptual-versus-interpretative errors in diagnostic neuroradiology,2019,2019-08-01,American Journal of Neuroradiology,Patel S.H.,10.3174/ajnr.A6125,2-s2.0-85071354598,SCOPUS_ID:85071354598,33,Review,
Evaluating tissue contrast and detecting white matter injury in the infant brain: A comparison study of synthetic phase-sensitive inversion recovery,2019,2019-08-01,American Journal of Neuroradiology,Kim D.Y.,10.3174/ajnr.A6135,2-s2.0-85071354099,SCOPUS_ID:85071354099,3,Article,
The complex spine in children with spinal muscular atrophy: The transforaminal approach - A transformative technique,2019,2019-08-01,American Journal of Neuroradiology,Towbin R.,10.3174/ajnr.A6131,2-s2.0-85071351972,SCOPUS_ID:85071351972,21,Article,
Carotid artery stiffness accurately predicts white matter hyperintensity volume 20 years later: A secondary analysis of the atherosclerosis risk in the community study,2019,2019-08-01,American Journal of Neuroradiology,de Havenon A.,10.3174/ajnr.A6115,2-s2.0-85071351185,SCOPUS_ID:85071351185,19,Article,
Epidural spinal injections in spinal stenosis due to lipomatosis: With or without steroids?,2019,2019-08-01,American Journal of Neuroradiology,Gossner J.,10.3174/ajnr.A6128,2-s2.0-85071351579,SCOPUS_ID:85071351579,4,Letter,
White matter lesion penumbra shows abnormalities on structural and physiologic MRIs in the coronary artery risk development in young adults cohort,2019,2019-08-01,American Journal of Neuroradiology,Nasrallah I.M.,10.3174/ajnr.A6119,2-s2.0-85071353220,SCOPUS_ID:85071353220,15,Article,
CT-guided block and radiofrequency ablation of the C2 dorsal root ganglion for cervicogenic headache,2019,2019-08-01,American Journal of Neuroradiology,Chazen J.L.,10.3174/ajnr.A6127,2-s2.0-85071351652,SCOPUS_ID:85071351652,11,Article,
One-stop management with perfusion for transfer patients with stroke due to a large-vessel occlusion: Feasibility and effects on in-hospital times,2019,2019-08-01,American Journal of Neuroradiology,Brehm A.,10.3174/ajnr.A6129,2-s2.0-85071351135,SCOPUS_ID:85071351135,37,Article,
Reply,2019,2019-08-01,American Journal of Neuroradiology,Chi J.M.,10.3174/ajnr.A6166,2-s2.0-85071355583,SCOPUS_ID:85071355583,0,Letter,
Distal balloon angioplasty of cerebral vasospasm decreases the risk of delayed cerebral infarction,2019,2019-08-01,American Journal of Neuroradiology,Labeyrie M.A.,10.3174/ajnr.A6124,2-s2.0-85071355846,SCOPUS_ID:85071355846,39,Article,
"Prolapse of orbital fat through the inferior orbital fissure: Description, prevalence, and assessment of possible pathologic associations",2019,2019-08-01,American Journal of Neuroradiology,Bunch P.M.,10.3174/ajnr.A6113,2-s2.0-85071355045,SCOPUS_ID:85071355045,11,Article,
Blood-brain barrier permeability in patients with systemic lupus erythematosus,2019,2019-08-01,American Journal of Neuroradiology,Lecler A.,10.3174/ajnr.A6137,2-s2.0-85071354402,SCOPUS_ID:85071354402,0,Letter,
The association between fLair vascular hyperintensity and stroke outcome varies with time from onset,2019,2019-08-01,American Journal of Neuroradiology,Shang W.J.,10.3174/ajnr.A6142,2-s2.0-85071352962,SCOPUS_ID:85071352962,19,Article,
Intrathecal use of gadobutrol for glymphatic MR imaging: Prospective safety study of 100 patients,2019,2019-08-01,American Journal of Neuroradiology,Edeklev C.S.,10.3174/ajnr.A6136,2-s2.0-85071352715,SCOPUS_ID:85071352715,88,Article,
Carotid CTA at the lowest tube voltage (70 kV) in comparison with automated tube voltage adaption,2019,2019-08-01,American Journal of Neuroradiology,Eller A.,10.3174/ajnr.A6108,2-s2.0-85071352932,SCOPUS_ID:85071352932,8,Article,
Gadolinium retention in the brain: An MRI relaxometry study of linear and macrocyclic gadolinium-based contrast agents in multiple sclerosis,2019,2019-08-01,American Journal of Neuroradiology,Forslin Y.,10.3174/ajnr.A6112,2-s2.0-85071354880,SCOPUS_ID:85071354880,30,Article,
The interpeduncular angle: A practical and objective marker for the detection and diagnosis of intracranial hypotension on brain MRI,2019,2019-08-01,American Journal of Neuroradiology,Wang D.J.,10.3174/ajnr.A6120,2-s2.0-85071351138,SCOPUS_ID:85071351138,15,Article,
Standardization of temporal bone CT planes across a multisite academic institution,2019,2019-08-01,American Journal of Neuroradiology,Guenette J.P.,10.3174/ajnr.A6111,2-s2.0-85071351971,SCOPUS_ID:85071351971,4,Article,
MRI predictors of recurrence and outcome after acute transverse myelitis of unidentified etiology,2019,2019-08-01,American Journal of Neuroradiology,Bulut E.,10.3174/ajnr.A6121,2-s2.0-85071354431,SCOPUS_ID:85071354431,8,Article,
Guide sheath advancement and aspiration in the distal petrocavernous internal carotid artery (guard) technique during thrombectomy improves reperfusion and clinical outcomes,2019,2019-08-01,American Journal of Neuroradiology,Ansari S.A.,10.3174/ajnr.A6132,2-s2.0-85071352620,SCOPUS_ID:85071352620,14,Article,
Manganese-enhanced MRI of the brain in healthy volunteers,2019,2019-08-01,American Journal of Neuroradiology,Sudarshana D.M.,10.3174/ajnr.A6152,2-s2.0-85071351382,SCOPUS_ID:85071351382,26,Article,
Posterior fossa dural arteriovenous fistulas with subarachnoid venous drainage: Outcomes of endovascular treatment,2019,2019-08-01,American Journal of Neuroradiology,Détraz L.,10.3174/ajnr.A6140,2-s2.0-85071350244,SCOPUS_ID:85071350244,3,Article,
Convolutional neural network for automated flair lesion segmentation on clinical brain MR imaging,2019,2019-08-01,American Journal of Neuroradiology,Duong M.T.,10.3174/ajnr.A6138,2-s2.0-85071350556,SCOPUS_ID:85071350556,63,Article,
Pretreatment anterior choroidal artery infarction predicts poor outcome after thrombectomy in intracranial ICA occlusion,2019,2019-08-01,American Journal of Neuroradiology,Baek B.H.,10.3174/ajnr.A6126,2-s2.0-85071355819,SCOPUS_ID:85071355819,4,Article,
Diagnosis and prediction of relapses in susac syndrome: A new use for MR postcontrast FLAIR leptomeningeal enhancement,2019,2019-07-01,American Journal of Neuroradiology,Coulette S.,10.3174/ajnr.A6103,2-s2.0-85069294935,SCOPUS_ID:85069294935,30,Article,
Improving detection of multiple sclerosis lesions in the posterior fossa using an optimized 3D-FLAIR sequence at 3T,2019,2019-07-01,American Journal of Neuroradiology,Lecler A.,10.3174/ajnr.A6107,2-s2.0-85069295667,SCOPUS_ID:85069295667,9,Article,
"3T MRI whole-brain microscopy discrimination of subcortical anatomy, part 2: Basal forebrain",2019,2019-07-01,American Journal of Neuroradiology,Hoch M.J.,10.3174/ajnr.A6088,2-s2.0-85069295590,SCOPUS_ID:85069295590,14,Article,
Antiplatelet therapy in patients with aneurysmal SAH: Impact on delayed cerebral ischemia and clinical outcome. A meta-analysis,2019,2019-07-01,American Journal of Neuroradiology,Cagnazzo F.,10.3174/ajnr.A6086,2-s2.0-85069293745,SCOPUS_ID:85069293745,23,Article,
Automated segmentation of hippocampal volume: The next step in neuroradiologic diagnosis of mesial temporal sclerosis,2019,2019-07-01,American Journal of Neuroradiology,Damodaran N.,10.3174/ajnr.A6092,2-s2.0-85069296545,SCOPUS_ID:85069296545,2,Letter,
Predictive value of MRI in diagnosing brain AVM recurrence after angiographically documented exclusion in children,2019,2019-07-01,American Journal of Neuroradiology,Jhaveri A.,10.3174/ajnr.A6093,2-s2.0-85069295483,SCOPUS_ID:85069295483,33,Article,
Comparison of multiple sclerosis cortical lesion types detected by multicontrast 3T and 7T MRI,2019,2019-07-01,American Journal of Neuroradiology,Maranzano J.,10.3174/ajnr.A6099,2-s2.0-85069294552,SCOPUS_ID:85069294552,50,Article,
Comparison of carotid endarterectomy and stenting for symptomatic internal carotid artery near-occlusion,2019,2019-07-01,American Journal of Neuroradiology,Kim J.,10.3174/ajnr.A6085,2-s2.0-85069294746,SCOPUS_ID:85069294746,25,Article,
Functional connectivity associated with health-related quality of life in children with focal epilepsy,2019,2019-07-01,American Journal of Neuroradiology,Nawani H.,10.3174/ajnr.A6106,2-s2.0-85069293900,SCOPUS_ID:85069293900,6,Article,
Reply,2019,2019-07-01,American Journal of Neuroradiology,Kennedy T.A.,10.3174/ajnr.A6094,2-s2.0-85069294411,SCOPUS_ID:85069294411,0,Letter,
Optic nerve evaluation in idiopathic intracranial hypertension,2019,2019-07-01,American Journal of Neuroradiology,De Bernardo M.,10.3174/ajnr.A6091,2-s2.0-85069294205,SCOPUS_ID:85069294205,37,Letter,
Assessment of explicitly stated interval change on noncontrast head CT radiology reports,2019,2019-07-01,American Journal of Neuroradiology,Braileanu M.,10.3174/ajnr.A6081,2-s2.0-85069295223,SCOPUS_ID:85069295223,3,Conference Paper,
Association of fractional flow on 3D-TOF-MRA with cerebral perfusion in patients with MCA stenosis,2019,2019-07-01,American Journal of Neuroradiology,Ge X.,10.3174/ajnr.A6095,2-s2.0-85069295961,SCOPUS_ID:85069295961,16,Article,
Gadolinium enhancement of the aneurysm wall in unruptured intracranial aneurysms is associated with an increased risk of aneurysm instability: A follow-up study,2019,2019-07-01,American Journal of Neuroradiology,Vergouwen M.D.I.,10.3174/ajnr.A6105,2-s2.0-85069296790,SCOPUS_ID:85069296790,75,Article,
"Brain Tumor-enhancement visualization and morphometric assessment: A comparison of MPRAGE, SPACE, and VIBE MRI techniques",2019,2019-07-01,American Journal of Neuroradiology,Danieli L.,10.3174/ajnr.A6096,2-s2.0-85069293882,SCOPUS_ID:85069293882,78,Article,
Normal-appearing cerebellar damage in neuromyelitis optica spectrum disorder,2019,2019-07-01,American Journal of Neuroradiology,Sun J.,10.3174/ajnr.A6098,2-s2.0-85069295849,SCOPUS_ID:85069295849,6,Article,
Polymer embolism from bioactive and hydrogel coil embolization technology: Considerations for product development,2019,2019-07-01,American Journal of Neuroradiology,Chopra A.M.,10.3174/ajnr.A6083,2-s2.0-85069294667,SCOPUS_ID:85069294667,4,Letter,
Erratum: Prevalence of superior semicircular canal dehiscence on high-resolution CT imaging in patients without vestibular or auditory abnormalities (American Journal of Neuroradiology (2019) 40 (709-712) DOI: 10.3174/ajnr.A5999),2019,2019-07-01,American Journal of Neuroradiology,Berning A.W.,10.3174/ajnr.A6082,2-s2.0-85069296548,SCOPUS_ID:85069296548,0,Erratum,
Long-term results and follow-up examinations after endovascular embolization for unruptured cerebral aneurysms,2019,2019-07-01,American Journal of Neuroradiology,Murakami T.,10.3174/ajnr.A6101,2-s2.0-85069294966,SCOPUS_ID:85069294966,7,Article,
Assessing postconcussive reaction time using transport-based morphometry of diffusion tensor images,2019,2019-07-01,American Journal of Neuroradiology,Kundu S.,10.3174/ajnr.A6087,2-s2.0-85069297295,SCOPUS_ID:85069297295,5,Conference Paper,
Impact of skull defects on the role of CTA for brain death confirmation,2019,2019-07-01,American Journal of Neuroradiology,Nunes D.M.,10.3174/ajnr.A6100,2-s2.0-85069294717,SCOPUS_ID:85069294717,16,Article,
Quantitative analysis of punctate white matter lesions in neonates using quantitative susceptibility mapping and R2∗ relaxation,2019,2019-07-01,American Journal of Neuroradiology,Zhang Y.,10.3174/ajnr.A6114,2-s2.0-85069296875,SCOPUS_ID:85069296875,5,Article,
Assessing postconcussive reaction time using transport-based morphometry of diffusion tensor images,2019,2019-07-01,American Journal of Neuroradiology,Kundu S.,10.3174/ajnr.A6087,2-s2.0-85069297295,SCOPUS_ID:85069297295,5,Conference Paper,
Extent of surgical resection in lower-grade gliomas: Differential impact based on molecular subtype,2019,2019-07-01,American Journal of Neuroradiology,Patel S.H.,10.3174/ajnr.A6102,2-s2.0-85069296497,SCOPUS_ID:85069296497,87,Conference Paper,
A practical review of functional mri anatomy of the language and motor systems,2019,2019-07-01,American Journal of Neuroradiology,Hill V.B.,10.3174/ajnr.A6089,2-s2.0-85069294429,SCOPUS_ID:85069294429,27,Review,
Subject-specific studies of CSF bulk flow patterns in the spinal canal: Implications for the dispersion of solute particles in intrathecal drug delivery,2019,2019-07-01,American Journal of Neuroradiology,Coenen W.,10.3174/ajnr.A6097,2-s2.0-85069294389,SCOPUS_ID:85069294389,26,Article,
Flow-pattern details in an aneurysm model using high-speed 1000-frames-per-second angiography,2019,2019-07-01,American Journal of Neuroradiology,Krebs J.M.,10.3174/ajnr.A6090,2-s2.0-85069294664,SCOPUS_ID:85069294664,8,Article,
Quantification of DTI in the pediatric spinal cord: Application to clinical evaluation in a healthy patient population,2019,2019-07-01,American Journal of Neuroradiology,Reynolds B.B.,10.3174/ajnr.A6104,2-s2.0-85069296663,SCOPUS_ID:85069296663,9,Article,
Quantitative Delta T1 (dT1) as a replacement for adjudicated central reader analysis of contrast-enhancing tumor burden: A subanalysis of the American college of radiology imaging network 6677/radiation therapy oncology group 0625 multicenter brain tumor trial,2019,2019-07-01,American Journal of Neuroradiology,Schmainda K.M.,10.3174/ajnr.A6110,2-s2.0-85069294543,SCOPUS_ID:85069294543,21,Article,
Diagnostic accuracy of high-resolution black-blood MRI in the evaluation of intracranial large-vessel arterial occlusions X,2019,2019-06-01,American Journal of Neuroradiology,Al-Smadi A.S.,10.3174/ajnr.A6065,2-s2.0-85068197440,SCOPUS_ID:85068197440,39,Article,
"Baseline and Evolutionary Radiologic Features in Sporadic, Hemorrhagic Brain Cavernous Malformations",2019,2019-06-01,American Journal of Neuroradiology,Flemming K.D.,10.3174/ajnr.A6076,2-s2.0-85068198108,SCOPUS_ID:85068198108,18,Article,
The occipital emissary vein: A possible marker for pseudotumor cerebri,2019,2019-06-01,American Journal of Neuroradiology,Hedjoudje A.,10.3174/ajnr.A6061,2-s2.0-85068197853,SCOPUS_ID:85068197853,22,Article,
Ensemble of convolutional neural networks improves automated segmentation of acute ischemic lesions using multiparametric diffusion-weighted MRI,2019,2019-06-01,American Journal of Neuroradiology,Winzeck S.,10.3174/ajnr.A6077,2-s2.0-85068198032,SCOPUS_ID:85068198032,47,Article,
Texture analysis in cerebral gliomas: A review of the literature,2019,2019-06-01,American Journal of Neuroradiology,Soni X.N.,10.3174/ajnr.A6075,2-s2.0-85068197916,SCOPUS_ID:85068197916,93,Review,
Association between tumor acidity and hypervascularity in human gliomas using ph-weighted amine chemical exchange saturation transfer echo-planar imaging and dynamic susceptibility contrast perfusion MRI at 3T,2019,2019-06-01,American Journal of Neuroradiology,Wang Y.L.,10.3174/ajnr.A6063,2-s2.0-85068196569,SCOPUS_ID:85068196569,27,Article,
Thrombectomy with conscious sedation compared with general anesthesia: A DEFUSE 3 analysis,2019,2019-06-01,American Journal of Neuroradiology,Powers C.J.,10.3174/ajnr.A6059,2-s2.0-85068196942,SCOPUS_ID:85068196942,46,Article,
The continued rise in professional use of social media at scientific meetings: An analysis of twitter use during the ASNR 2018 annual meeting,2019,2019-06-01,American Journal of Neuroradiology,D'Anna G.,10.3174/ajnr.A6064,2-s2.0-85068197716,SCOPUS_ID:85068197716,12,Review,
Susceptibility-weighted MR imaging hypointense rim in progressive multifocal leukoencephalopathy: The end point of neuroinflammation and a potential outcome predictor,2019,2019-06-01,American Journal of Neuroradiology,Thurnher M.M.,10.3174/ajnr.A6072,2-s2.0-85068198245,SCOPUS_ID:85068198245,27,Article,
Quantitative susceptibility mapping of time-dependent susceptibility changes in multiple sclerosis lesions,2019,2019-06-01,American Journal of Neuroradiology,Zhang X.S.,10.3174/ajnr.A6071,2-s2.0-85068197529,SCOPUS_ID:85068197529,65,Article,
A novel collateral imaging method derived from time-resolved dynamic contrast-enhanced MR angiography in acute ischemic stroke: A pilot study,2019,2019-06-01,American Journal of Neuroradiology,Roh H.G.,10.3174/ajnr.A6068,2-s2.0-85068196883,SCOPUS_ID:85068196883,25,Article,
Chimeric antigen receptor T-cell therapy: What the neuroradiologist needs to know,2019,2019-05-01,American Journal of Neuroradiology,Valand H.A.,10.3174/ajnr.A6042,2-s2.0-85066163565,SCOPUS_ID:85066163565,12,Article,
Periventricular white matter abnormalities on diffusion tensor imaging of postural instability gait disorder parkinsonism,2019,2019-04-01,American Journal of Neuroradiology,Tan S.Y.Z.,10.3174/ajnr.A5993,2-s2.0-85064545140,SCOPUS_ID:85064545140,12,Article,
Leptomeningeal contrast enhancement is related to focal cortical thinning in relapsing-remitting multiple sclerosis: A cross-sectional MRI study,2019,2019-04-01,American Journal of Neuroradiology,Bergsland N.,10.3174/ajnr.A6011,2-s2.0-85064530730,SCOPUS_ID:85064530730,40,Article,
Brain MRI findings in pediatric-onset neuromyelitis optica spectrum disorder: Challenges in differentiation from acute disseminated encephalomyelitis,2019,2019-04-01,American Journal of Neuroradiology,Bulut E.,10.3174/ajnr.A6003,2-s2.0-85064531018,SCOPUS_ID:85064531018,14,Conference Paper,
Behavioral and structural effects of single and repeat closed-head injury,2019,2019-04-01,American Journal of Neuroradiology,Kao Y.C.J.,10.3174/ajnr.A6014,2-s2.0-85064558593,SCOPUS_ID:85064558593,13,Article,
On flow diversion: The changing landscape of intracerebral aneurysm management,2019,2019-04-01,American Journal of Neuroradiology,Dmytriw A.A.,10.3174/ajnr.A6006,2-s2.0-85064560884,SCOPUS_ID:85064560884,62,Review,
Effects of acute alcohol consumption on the human brain: Diffusional kurtosis imaging and arterial spin-labeling study,2019,2019-04-01,American Journal of Neuroradiology,Kong L.M.,10.3174/ajnr.A5992,2-s2.0-85064539338,SCOPUS_ID:85064539338,13,Article,
Imaging review of new and emerging sinonasal tumors and tumor-like entities from the fourth edition of the World Health Organization classification of head and neck tumors,2019,2019-04-01,American Journal of Neuroradiology,Dean K.E.,10.3174/ajnr.A5978,2-s2.0-85064560134,SCOPUS_ID:85064560134,28,Review,
Gadolinium-enhanced susceptibility-weighted imaging in multiple sclerosis: Optimizing the recognition of active plaques for different MR imaging sequences,2019,2019-04-01,American Journal of Neuroradiology,Do Amaral L.L.F.,10.3174/ajnr.A5997,2-s2.0-85064536436,SCOPUS_ID:85064536436,23,Article,
Alterations in blood-brain barrier permeability in patients with systemic lupus erythematosus,2019,2019-03-01,American Journal of Neuroradiology,Chi J.M.,10.3174/ajnr.A5990,2-s2.0-85062951317,SCOPUS_ID:85062951317,54,Article,
Longitudinal white matter changes following carbon monoxide poisoning: A 9-month follow-up voxelwise diffusional kurtosis imaging study,2019,2019-03-01,American Journal of Neuroradiology,Chou M.C.,10.3174/ajnr.A5979,2-s2.0-85063003842,SCOPUS_ID:85063003842,13,Article,
Quantitative susceptibility mapping to assess cerebral vascular compliance,2019,2019-03-01,American Journal of Neuroradiology,Birkl C.,10.3174/ajnr.A5933,2-s2.0-85062941274,SCOPUS_ID:85062941274,7,Article,
Clinical outcome after thrombectomy in patients with stroke with premorbid modified rankin scale scores of 3 and 4: A cohort study with 136 patients,2019,2019-02-01,American Journal of Neuroradiology,Seker F.,10.3174/ajnr.A5920,2-s2.0-85061482030,SCOPUS_ID:85061482030,39,Article,
High-grade gliomas in children with neurofibromatosis type 1: Literature review and illustrative cases,2019,2019-02-01,American Journal of Neuroradiology,Spyris C.D.,10.3174/ajnr.A5888,2-s2.0-85061478420,SCOPUS_ID:85061478420,13,Article,
Reply,2019,2019-02-01,American Journal of Neuroradiology,Rajagopal R.,10.3174/ajnr.A5965,2-s2.0-85061596707,SCOPUS_ID:85061596707,0,Letter,
"Percutaneous CT-guided skull biopsy: Feasibility, safety, and diagnostic yield",2019,2019-02-01,American Journal of Neuroradiology,Tomasian A.,10.3174/ajnr.A5949,2-s2.0-85061474149,SCOPUS_ID:85061474149,13,Article,
Brain DSC MR perfusion in children: A clinical feasibility study using different technical standards of contrast administration,2019,2019-02-01,American Journal of Neuroradiology,Gaudino S.,10.3174/ajnr.A5954,2-s2.0-85061473734,SCOPUS_ID:85061473734,14,Article,
Resting-state functional connectivity of the middle frontal gyrus can predict language lateralization in patients with brain tumors,2019,2019-02-01,American Journal of Neuroradiology,Gohel S.,10.3174/ajnr.A5932,2-s2.0-85061492757,SCOPUS_ID:85061492757,40,Article,
A 3T phase-sensitive inversion recovery MRI sequence improves detection of cervical spinal cord lesions and shows active lesions in patients with multiple sclerosis,2019,2019-02-01,American Journal of Neuroradiology,Fechner A.,10.3174/ajnr.A5941,2-s2.0-85061561700,SCOPUS_ID:85061561700,18,Article,
Renal contrast on CT myelography: Diagnostic value in patients with spontaneous intracranial hypotension,2019,2019-02-01,American Journal of Neuroradiology,Kinsman K.A.,10.3174/ajnr.A5934,2-s2.0-85061506953,SCOPUS_ID:85061506953,16,Article,
Single-needle lateral sacroplasty technique,2019,2019-02-01,American Journal of Neuroradiology,Nicholson P.J.,10.3174/ajnr.A5884,2-s2.0-85061511494,SCOPUS_ID:85061511494,3,Article,
"Acute toxic leukoencephalopathy: Etiologies, imaging findings, and outcomes in 101 patients",2019,2019-02-01,American Journal of Neuroradiology,Özütemiz C.,10.3174/ajnr.A5947,2-s2.0-85061566375,SCOPUS_ID:85061566375,53,Article,
Sexual dimorphism and hemispheric asymmetry of hippocampal volumetric integrity in normal aging and Alzheimer disease,2019,2019-02-01,American Journal of Neuroradiology,Ardekani B.A.,10.3174/ajnr.A5943,2-s2.0-85061498664,SCOPUS_ID:85061498664,25,Article,
MR imaging scoring system for white matter injury after deep medullary vein thrombosis and infarction in neonates,2019,2019-02-01,American Journal of Neuroradiology,Benninger K.L.,10.3174/ajnr.A5940,2-s2.0-85061479756,SCOPUS_ID:85061479756,14,Article,
Standardized MR perfusion scoring system for evaluation of sequential perfusion changes and surgical outcome of moyamoya disease,2019,2019-02-01,American Journal of Neuroradiology,Lin Y.H.,10.3174/ajnr.A5945,2-s2.0-85061489426,SCOPUS_ID:85061489426,33,Article,
A call to improve the visibility and access of the American college of radiology practice parameters in neuroradiology: A powerful value stream enhancer for both neuroradiologists and patients,2019,2019-02-01,American Journal of Neuroradiology,Jordan J.E.,10.3174/ajnr.A5923,2-s2.0-85061477617,SCOPUS_ID:85061477617,0,Article,
Treatment response prediction of nasopharyngeal carcinoma based on histogram analysis of diffusional kurtosis imaging,2019,2019-02-01,American Journal of Neuroradiology,Tu N.,10.3174/ajnr.A5925,2-s2.0-85061478426,SCOPUS_ID:85061478426,13,Article,
"Cavum septum pellucidum in the general pediatric population and its relation to surrounding brain structure volumes, cognitive function, and emotional or behavioral problems",2019,2019-02-01,American Journal of Neuroradiology,Dremmen M.H.G.,10.3174/ajnr.A5939,2-s2.0-85061620670,SCOPUS_ID:85061620670,18,Article,
Is delayed speech development a long-term sequela of birth-related subdural hematoma?,2019,2019-02-01,American Journal of Neuroradiology,Lynøe N.,10.3174/ajnr.A5890,2-s2.0-85061556472,SCOPUS_ID:85061556472,2,Letter,
FDG-PET and MRI in the evolution of new-onset refractory status epilepticus,2019,2019-02-01,American Journal of Neuroradiology,Strohm T.,10.3174/ajnr.A5929,2-s2.0-85061593890,SCOPUS_ID:85061593890,22,Article,
Contrast-enhanced 3D-FLAIR imaging of the optic nerve and optic nerve head: Novel neuroimaging findings of idiopathic intracranial hypertension,2019,2019-02-01,American Journal of Neuroradiology,Golden E.,10.3174/ajnr.A5937,2-s2.0-85061581622,SCOPUS_ID:85061581622,14,Article,
Ostium ratio and neck ratio could predict the outcome of sidewall intracranial aneurysms treated with flow diverters,2019,2019-02-01,American Journal of Neuroradiology,Paliwal N.,10.3174/ajnr.A5953,2-s2.0-85061574075,SCOPUS_ID:85061574075,26,Article,
Effect of gadolinium on the estimation of myelin and brain tissue volumes based on quantitative synthetic MRI,2019,2019-02-01,American Journal of Neuroradiology,Maekawa T.,10.3174/ajnr.A5921,2-s2.0-85061492828,SCOPUS_ID:85061492828,14,Article,
Reply,2019,2019-02-01,American Journal of Neuroradiology,Rooks V.J.,10.3174/ajnr.A5969,2-s2.0-85061617354,SCOPUS_ID:85061617354,0,Letter,
A review of magnetic particle imaging and perspectives on neuroimaging,2019,2019-02-01,American Journal of Neuroradiology,Wu X.L.C.,10.3174/ajnr.A5896,2-s2.0-85061507304,SCOPUS_ID:85061507304,183,Review,
Maternal-fetal medicine specialists should manage patients requiring fetal MRI of the central nervous system,2019,2019-02-01,American Journal of Neuroradiology,Pfeifer M.,10.3174/ajnr.A5894,2-s2.0-85061488837,SCOPUS_ID:85061488837,1,Letter,
A deep learning-based approach to reduce rescan and recall rates in clinical MRI examinations,2019,2019-02-01,American Journal of Neuroradiology,Sreekumari A.,10.3174/ajnr.A5926,2-s2.0-85061485701,SCOPUS_ID:85061485701,38,Article,
Alterations in brain metabolites in patients with epilepsy with impaired consciousness: A case-control study of interictal multivoxel 1 H-MRS findings,2019,2019-02-01,American Journal of Neuroradiology,Tan Z.,10.3174/ajnr.A5944,2-s2.0-85061574692,SCOPUS_ID:85061574692,10,Article,
Improving the quality of synthetic FLAIR images with deep learning using a conditional generative adversarial network for pixel-by-pixel image translation,2019,2019-02-01,American Journal of Neuroradiology,Hagiwara A.,10.3174/ajnr.A5927,2-s2.0-85061484196,SCOPUS_ID:85061484196,74,Article,
Transient ischemic attack and carotid web,2019,2019-02-01,American Journal of Neuroradiology,Hu H.,10.3174/ajnr.A5946,2-s2.0-85061499323,SCOPUS_ID:85061499323,43,Article,
Endothelialization following flow diversion for intracranial aneurysms: A systematic review,2019,2019-02-01,American Journal of Neuroradiology,Ravindran K.,10.3174/ajnr.A5955,2-s2.0-85061597205,SCOPUS_ID:85061597205,70,Article,
"High-definition zoom mode, a high-resolution x-ray microscope for neurointerventional treatment procedures: A blinded-rater clinical-utility study",2019,2019-02-01,American Journal of Neuroradiology,Setlur Nagesh S.V.,10.3174/ajnr.A5922,2-s2.0-85061500172,SCOPUS_ID:85061500172,5,Article,
"The ""bovine aortic arch"": Time to rethink the true origin of the term?",2019,2019-02-01,American Journal of Neuroradiology,Ridley L.J.,10.3174/ajnr.A5924,2-s2.0-85061568785,SCOPUS_ID:85061568785,2,Letter,
Volumetric MRI study of the brain in fetuses with intrauterine cytomegalovirus infection and its correlation to neurodevelopmental outcome,2019,2019-02-01,American Journal of Neuroradiology,Grinberg A.,10.3174/ajnr.A5948,2-s2.0-85061615057,SCOPUS_ID:85061615057,10,Article,
Improved white matter cerebrovascular reactivity after revascularization in patients with steno-occlusive disease,2019,2019-01-01,American Journal of Neuroradiology,McKetton L.,10.3174/ajnr.A5912,2-s2.0-85059888533,SCOPUS_ID:85059888533,24,Article,
Neuroimaging findings in moebius sequence,2019,2019-01-01,American Journal of Neuroradiology,Herrera D.A.,10.3174/ajnr.A6028,2-s2.0-85066163580,SCOPUS_ID:85066163580,13,Article,
Subretinal and retrolaminar migration of intraocular silicone oil detected on CT,2019,2019-01-01,American Journal of Neuroradiology,Abdalkader M.,10.3174/ajnr.A6176,2-s2.0-85071753955,SCOPUS_ID:85071753955,11,Conference Paper,
Prognostic predictions for patients with glioblastoma after standard treatment: Application of contrast leakage information from DSC-MRI within nonenhancing FLAIR high-signal-intensity lesions,2019,2019-01-01,American Journal of Neuroradiology,Kim S.H.,10.3174/ajnr.A6297,2-s2.0-85076505313,SCOPUS_ID:85076505313,7,Article,
Erratum: White Matter Changes Related to Subconcussive Impact Frequency during a Single Season of High School Football (AJNR Am J Neuroradiol (2018) 39 (245-251) DOI: 10.3174/ajnr.A5489),2019,2019-01-01,American Journal of Neuroradiology,,10.3174/ajnr.A5907,2-s2.0-85059892552,SCOPUS_ID:85059892552,0,Erratum,
Radiomics-based intracranial thrombus features on CT and CTA predict recanalization with intravenous alteplase in patients with acute ischemic stroke,2019,2019-01-01,American Journal of Neuroradiology,Qiu W.,10.3174/ajnr.A5918,2-s2.0-85059903008,SCOPUS_ID:85059903008,90,Article,
Impact on quality of neuroradiology interpretations by caseload,2019,2019-01-01,American Journal of Neuroradiology,Mamourian A.,10.3174/ajnr.A6229,2-s2.0-85074964053,SCOPUS_ID:85074964053,1,Letter,
Middle cerebral artery plaque hyperintensity on T2-weighted vessel wall imaging is associated with ischemic stroke,2019,2019-01-01,American Journal of Neuroradiology,Yu Y.N.,10.3174/ajnr.A6260,2-s2.0-85074961813,SCOPUS_ID:85074961813,11,Article,
High-resolution vessel wall MR imaging as an alternative to brain biopsy,2019,2019-01-01,American Journal of Neuroradiology,Corrêa D.,10.3174/ajnr.A5950,2-s2.0-85062953187,SCOPUS_ID:85062953187,7,Letter,
Reply,2019,2019-01-01,American Journal of Neuroradiology,Valand H.A.,10.3174/ajnr.A6231,2-s2.0-85073082133,SCOPUS_ID:85073082133,0,Letter,
Application of high-resolution C-arm CT combined with streak metal artifact removal technology for the stent-assisted embolization of intracranial aneurysms,2019,2019-01-01,American Journal of Neuroradiology,Li T.F.,10.3174/ajnr.A6190,2-s2.0-85073082821,SCOPUS_ID:85073082821,25,Article,
Non-contrast-enhancing tumor: A new frontier in glioblastoma research,2019,2019-01-01,American Journal of Neuroradiology,Lasocki A.,10.3174/ajnr.A6025,2-s2.0-85066163596,SCOPUS_ID:85066163596,123,Review,
Reply,2019,2019-01-01,American Journal of Neuroradiology,Valand H.A.,10.3174/ajnr.A6231,2-s2.0-85073082133,SCOPUS_ID:85073082133,0,Letter,
Application of high-resolution C-arm CT combined with streak metal artifact removal technology for the stent-assisted embolization of intracranial aneurysms,2019,2019-01-01,American Journal of Neuroradiology,Li T.F.,10.3174/ajnr.A6190,2-s2.0-85073082821,SCOPUS_ID:85073082821,25,Article,
Focal hypoperfusion in acute ischemic stroke perfusion CT: Clinical and radiologic predictors and accuracy for infarct prediction,2019,2019-01-01,American Journal of Neuroradiology,Bill O.,10.3174/ajnr.A5984,2-s2.0-85063007977,SCOPUS_ID:85063007977,22,Article,
Sentinel angiographic signs of cerebral hyperperfusion after angioplasty and stenting of intracranial atherosclerotic stenosis: A technical note,2019,2019-01-01,American Journal of Neuroradiology,Ghuman M.,10.3174/ajnr.A6149,2-s2.0-85071783570,SCOPUS_ID:85071783570,15,Article,
Are linear measurements of the nucleus basalis of Meynert suitable as a diagnostic biomarker in mild cognitive impairment and Alzheimer disease?,2019,2019-01-01,American Journal of Neuroradiology,Jethwa K.D.,10.3174/ajnr.A6313,2-s2.0-85076505824,SCOPUS_ID:85076505824,10,Conference Paper,
Multinodular and vacuolating posterior fossa lesions of unknown significance,2019,2019-01-01,American Journal of Neuroradiology,Lecler A.,10.3174/ajnr.A6223,2-s2.0-85073086978,SCOPUS_ID:85073086978,21,Article,
Safety and diagnostic efficacy of gadobenate dimeglumine in MRI of the brain and spine of neonates and infants,2019,2019-01-01,American Journal of Neuroradiology,Enterline D.S.,10.3174/ajnr.A6319,2-s2.0-85076504916,SCOPUS_ID:85076504916,7,Article,
CT and multimodal MR imaging features of embryonal tumors with multilayered rosettes in children,2019,2019-01-01,American Journal of Neuroradiology,Dangouloff-Ros V.,10.3174/ajnr.A6001,2-s2.0-85064568731,SCOPUS_ID:85064568731,23,Article,
Morphologic change of flow-related aneurysms in brain arteriovenous malformations after stereotactic radiosurgery,2019,2019-01-01,American Journal of Neuroradiology,Tsuei Y.S.,10.3174/ajnr.A6018,2-s2.0-85064543557,SCOPUS_ID:85064543557,7,Article,
Neuroimaging-based classification algorithm for predicting 1p/19q-codeletion status in IDH-mutant lower grade gliomas,2019,2019-01-01,American Journal of Neuroradiology,Batchala P.P.,10.3174/ajnr.A5957,2-s2.0-85063012799,SCOPUS_ID:85063012799,84,Article,
An ultrasonographic multiparametric carotid plaque risk index associated with cerebrovascular symptomatology: A study comparing color Doppler imaging and contrast-enhanced ultrasonography,2019,2019-01-01,American Journal of Neuroradiology,Rafailidis V.,10.3174/ajnr.A6056,2-s2.0-85068197850,SCOPUS_ID:85068197850,10,Article,
Decubitus CT myelography for detecting subtle CSF leaks in spontaneous intracranial hypotension,2019,2019-01-01,American Journal of Neuroradiology,Kranz P.G.,10.3174/ajnr.A5995,2-s2.0-85064562737,SCOPUS_ID:85064562737,52,Article,
Infant midnasal stenosis: Reliability of nasal metrics,2019,2019-01-01,American Journal of Neuroradiology,Graham M.E.,10.3174/ajnr.A5980,2-s2.0-85062938877,SCOPUS_ID:85062938877,13,Article,
Challenges in differentiating pediatric autoimmune CNS diseases with similar clinical and imaging phenotypes,2019,2019-01-01,American Journal of Neuroradiology,Kelley B.P.,10.3174/ajnr.A6196,2-s2.0-85073091352,SCOPUS_ID:85073091352,0,Letter,
Hemodynamic analysis of postoperative rupture of unruptured intracranial aneurysms after placement of flow-diverting stents: A matched case-control study,2019,2019-01-01,American Journal of Neuroradiology,Li W.,10.3174/ajnr.A6256,2-s2.0-85074964416,SCOPUS_ID:85074964416,20,Article,
Hemorrhagic factors of moyamoya disease,2019,2019-01-01,American Journal of Neuroradiology,Lv X.,10.3174/ajnr.A6217,2-s2.0-85073089993,SCOPUS_ID:85073089993,7,Note,
Intravoxel incoherent motion MR imaging of pediatric intracranial tumors: Correlation with histology and diagnostic utility,2019,2019-01-01,American Journal of Neuroradiology,Kikuchi K.,10.3174/ajnr.A6052,2-s2.0-85066163724,SCOPUS_ID:85066163724,21,Article,
Intracranial atherosclerotic burden on 7T MRI is associated with markers of extracranial atherosclerosis: The SMART-MR study,2019,2019-01-01,American Journal of Neuroradiology,Zwartbol M.H.T.,10.3174/ajnr.A6308,2-s2.0-85076506255,SCOPUS_ID:85076506255,15,Article,
The fate of unruptured intracranial vertebrobasilar dissecting aneurysm with brain stem compression according to different treatment modalities,2019,2019-01-01,American Journal of Neuroradiology,Cho D.Y.,10.3174/ajnr.A6252,2-s2.0-85074965274,SCOPUS_ID:85074965274,24,Article,
Angiographic analysis of natural anastomoses between the posterior and anterior cerebral arteries in moyamoya disease and syndrome,2019,2019-01-01,American Journal of Neuroradiology,Bonasia S.,10.3174/ajnr.A6291,2-s2.0-85076502344,SCOPUS_ID:85076502344,20,Review,
Erratum: Surveillance of unruptured intracranial saccular aneurysms using noncontrast 3D-black-blood MRI: Comparison of 3D-TOF and contrast-enhanced MRA with 3D-DSA (American Journal of Neuroradiology (2019) 40 (960-66) DOI: 10.3174/ajnr.A6080),2019,2019-01-01,American Journal of Neuroradiology,,10.3174/ajnr.A6206,2-s2.0-85073086005,SCOPUS_ID:85073086005,0,Erratum,
Diffusion characteristics of pediatric diffuse midline gliomas with histone H3-K27M mutation using apparent diffusion coefficient histogram analysis,2019,2019-01-01,American Journal of Neuroradiology,Aboian M.S.,10.3174/ajnr.A6302,2-s2.0-85074964732,SCOPUS_ID:85074964732,40,Article,
Safety and efficacy of transvenous embolization of ruptured brain arteriovenous malformations as a last resort: A prospective single-arm study,2019,2019-01-01,American Journal of Neuroradiology,He Y.,10.3174/ajnr.A6197,2-s2.0-85073079687,SCOPUS_ID:85073079687,21,Review,
Vessel wall imaging of unruptured intracranial aneurysms: Ready for Prime Time? Not so fast!,2019,2019-01-01,American Journal of Neuroradiology,Lehman V.,10.3174/ajnr.A6048,2-s2.0-85068196362,SCOPUS_ID:85068196362,10,Letter,
Biometry of the cerebellar vermis and brain stem in children: MR imaging reference data from measurements in 718 children,2019,2019-01-01,American Journal of Neuroradiology,Jandeaux C.,10.3174/ajnr.A6257,2-s2.0-85074964257,SCOPUS_ID:85074964257,36,Article,
Hardly a tweet storm,2019,2019-01-01,American Journal of Neuroradiology,Charkhchi P.,10.3174/ajnr.A6187,2-s2.0-85073080632,SCOPUS_ID:85073080632,0,Letter,
Assessing vascularity of osseous spinal metastases with dual-energy CT-DSA: A pilot study compared with catheter angiography,2019,2019-01-01,American Journal of Neuroradiology,Huang Y.C.,10.3174/ajnr.A6023,2-s2.0-85066163749,SCOPUS_ID:85066163749,15,Article,
Age-dependent signal intensity changes in the structurally normal pediatric brain on unenhanced T1-weighted MR imaging,2019,2019-01-01,American Journal of Neuroradiology,Flood T.F.,10.3174/ajnr.A6254,2-s2.0-85074963454,SCOPUS_ID:85074963454,8,Article,
Predicting motor outcome in acute intracerebral hemorrhage,2019,2019-01-01,American Journal of Neuroradiology,Puig J.,10.3174/ajnr.A6038,2-s2.0-85066163789,SCOPUS_ID:85066163789,23,Article,
MR imaging-based radiomic signatures of distinct molecular subgroups of medulloblastoma,2019,2019-01-01,American Journal of Neuroradiology,Iv M.,10.3174/ajnr.A5899,2-s2.0-85059897735,SCOPUS_ID:85059897735,116,Article,
The ASNR-ACR-rSNA common data elements project: What will it do for the house of neuroradiology?,2019,2019-01-01,American Journal of Neuroradiology,Jordan J.E.,10.3174/ajnr.A5780,2-s2.0-85059884392,SCOPUS_ID:85059884392,12,Review,
Radiation dose and image quality in pediatric neck CT,2019,2019-01-01,American Journal of Neuroradiology,Tipnis S.V.,10.3174/ajnr.A6073,2-s2.0-85068197458,SCOPUS_ID:85068197458,4,Article,
Optimal detection of subtle gadolinium leakage in CSF with heavily t2-weighted fluid-attenuated inversion recovery imaging,2019,2019-01-01,American Journal of Neuroradiology,Freeze W.M.,10.3174/ajnr.A6145,2-s2.0-85071782196,SCOPUS_ID:85071782196,12,Conference Paper,
Automated aspects on noncontrast CT scans in patients with acute ischemic stroke using machine learning,2019,2019-01-01,American Journal of Neuroradiology,Kuang H.,10.3174/ajnr.A5889,2-s2.0-85059886211,SCOPUS_ID:85059886211,120,Article,
Prolonged microgravity affects human brain structure and function,2019,2019-01-01,American Journal of Neuroradiology,Roberts D.R.,10.3174/ajnr.A6249,2-s2.0-85074965805,SCOPUS_ID:85074965805,99,Article,
Aneurysm remnants after flow diversion: Clinical and angiographic outcomes,2019,2019-01-01,American Journal of Neuroradiology,Madaelil T.P.,10.3174/ajnr.A6010,2-s2.0-85064560606,SCOPUS_ID:85064560606,37,Conference Paper,
Armed kyphoplasty: An indirect central canal decompression technique in burst fractures,2019,2019-01-01,American Journal of Neuroradiology,Venier A.,10.3174/ajnr.A6285,2-s2.0-85074963330,SCOPUS_ID:85074963330,29,Article,
Flow patterns in carotid webs: A patient-based computational fluid dynamics study,2019,2019-01-01,American Journal of Neuroradiology,Compagne K.C.J.,10.3174/ajnr.A6012,2-s2.0-85064716422,SCOPUS_ID:85064716422,78,Article,
Publicly available metrics underestimate AJNR twitter impact and follower engagement,2019,2019-01-01,American Journal of Neuroradiology,Tomblinson C.M.,10.3174/ajnr.A6299,2-s2.0-85076505215,SCOPUS_ID:85076505215,10,Conference Paper,
Resisting the need to quantify: Putting qualitative FDG-PET/CT tumor response assessment criteria into daily practice,2019,2019-01-01,American Journal of Neuroradiology,Peacock J.G.,10.3174/ajnr.A6294,2-s2.0-85076502273,SCOPUS_ID:85076502273,9,Review,
Angiographic and clinical features of noninvoluting congenital hemangiomas,2019,2019-01-01,American Journal of Neuroradiology,Patel A.,10.3174/ajnr.A6044,2-s2.0-85066163480,SCOPUS_ID:85066163480,7,Article,
Effect of time elapsed since gadolinium administration on atherosclerotic plaque enhancement in clinical vessel wall MR imaging studies,2019,2019-01-01,American Journal of Neuroradiology,De Havenon A.,10.3174/ajnr.A6191,2-s2.0-85073080203,SCOPUS_ID:85073080203,8,Article,
An important pitfall in diagnosing intracanalicular vestibular schwannoma,2019,2019-01-01,American Journal of Neuroradiology,Hakim A.,10.3174/ajnr.A6192,2-s2.0-85073081854,SCOPUS_ID:85073081854,4,Letter,
Convolutional neural network–based automated segmentation of the spinal cord and contusion injury: Deep learning biomarker correlates of motor impairment in acute spinal cord injury,2019,2019-01-01,American Journal of Neuroradiology,McCoy D.B.,10.3174/ajnr.A6020,2-s2.0-85064565894,SCOPUS_ID:85064565894,83,Article,
Imaging of patients with suspected large-vessel occlusion at primary stroke centers: Available modalities and a suggested approach,2019,2019-01-01,American Journal of Neuroradiology,Almekhlafi M.A.,10.3174/ajnr.A5971,2-s2.0-85062959997,SCOPUS_ID:85062959997,28,Review,
Brain -amyloid and atrophy in individuals at increased risk of cognitive decline,2019,2019-01-01,American Journal of Neuroradiology,Kemppainen N.,10.3174/ajnr.A5891,2-s2.0-85059879840,SCOPUS_ID:85059879840,16,Article,
Use of balanced steady-state free precession sequences in evaluation of drop metastases,2019,2019-01-01,American Journal of Neuroradiology,Vossough A.,10.3174/ajnr.A5964,2-s2.0-85066163935,SCOPUS_ID:85066163935,0,Letter,
Radiologic and pathologic features of the transmantle sign in focal cortical dysplasia: The T1 signal is useful for differentiating subtypes,2019,2019-01-01,American Journal of Neuroradiology,Kimura Y.,10.3174/ajnr.A6067,2-s2.0-85068198684,SCOPUS_ID:85068198684,23,Article,
"3T MRI whole-brain microscopy discrimination of subcortical anatomy, part 1: Brain stem",2019,2019-01-01,American Journal of Neuroradiology,Hoch M.J.,10.3174/ajnr.A5956,2-s2.0-85062975688,SCOPUS_ID:85062975688,13,Article,
Color-mapping of 4D-CTA for the detection of cranial arteriovenous shunts,2019,2019-01-01,American Journal of Neuroradiology,Meijs M.,10.3174/ajnr.A6156,2-s2.0-85071785257,SCOPUS_ID:85071785257,7,Article,
Radiologic and pathologic features of the transmantle sign in focal cortical dysplasia: The T1 signal is useful for differentiating subtypes,2019,2019-01-01,American Journal of Neuroradiology,Kimura Y.,10.3174/ajnr.A6067,2-s2.0-85068198684,SCOPUS_ID:85068198684,23,Article,
"3T MRI whole-brain microscopy discrimination of subcortical anatomy, part 1: Brain stem",2019,2019-01-01,American Journal of Neuroradiology,Hoch M.J.,10.3174/ajnr.A5956,2-s2.0-85062975688,SCOPUS_ID:85062975688,13,Article,
Unintended consequences: Review of new artifacts introduced by iterative reconstruction CT metal artifact reduction in spine imaging,2019,2019-01-01,American Journal of Neuroradiology,Wayer D.R.,10.3174/ajnr.A6238,2-s2.0-85074962792,SCOPUS_ID:85074962792,32,Conference Paper,
Improved detection of subtle mesial temporal sclerosis: Validation of a commercially available software for automated segmentation of hippocampal volume,2019,2019-01-01,American Journal of Neuroradiology,Mettenburg J.M.,10.3174/ajnr.A5966,2-s2.0-85062995174,SCOPUS_ID:85062995174,26,Article,
Deep learning-based detection of intracranial aneurysms in 3D TOF-MRA,2019,2019-01-01,American Journal of Neuroradiology,Faron A.,10.3174/ajnr.A5911,2-s2.0-85059913222,SCOPUS_ID:85059913222,160,Article,
Infarct volume predicts hospitalization costs in anterior circulation large-vessel occlusion stroke,2019,2019-01-01,American Journal of Neuroradiology,Streib C.D.,10.3174/ajnr.A5917,2-s2.0-85059889443,SCOPUS_ID:85059889443,4,Article,
Disorder in pixel-level edge directions on T1Wi is associated with the degree of radiation necrosis in primary and metastatic brain tumors: Preliminary findings,2019,2019-01-01,American Journal of Neuroradiology,Prasanna P.,10.3174/ajnr.A5958,2-s2.0-85062955410,SCOPUS_ID:85062955410,15,Article,
Qualitative assessment and reporting quality of intracranial vessel wall MR imaging studies: A systematic review,2019,2019-01-01,American Journal of Neuroradiology,Song J.W.,10.3174/ajnr.A6317,2-s2.0-85076503361,SCOPUS_ID:85076503361,13,Review,
Cerebellar heterotopias: Expanding the phenotype of cerebellar dysgenesis in CHARGE syndrome,2019,2019-01-01,American Journal of Neuroradiology,Wright J.N.,10.3174/ajnr.A6280,2-s2.0-85076506502,SCOPUS_ID:85076506502,10,Article,
Can trace-weighted images be used to estimate diffusional kurtosis imaging-derived indices of non-Gaussian water diffusion in head and neck cancer?,2019,2019-01-01,American Journal of Neuroradiology,Giannelli M.,10.3174/ajnr.A6167,2-s2.0-85071756098,SCOPUS_ID:85071756098,0,Letter,
Cerebral ketones detected by 3T MR spectroscopy in patients with high-grade glioma on an Atkins-based diet,2019,2019-01-01,American Journal of Neuroradiology,Berrington A.,10.3174/ajnr.A6287,2-s2.0-85074964029,SCOPUS_ID:85074964029,15,Article,
Evaluating the utility of a postprocessing algorithm for MRI evaluation of optic neuritis,2019,2019-01-01,American Journal of Neuroradiology,Stunkel L.,10.3174/ajnr.A6057,2-s2.0-85068196549,SCOPUS_ID:85068196549,5,Article,
How flow reduction influences the intracranial aneurysm occlusion: A prospective 4D phase-contrast MRI study,2019,2019-01-01,American Journal of Neuroradiology,Brina O.,10.3174/ajnr.A6312,2-s2.0-85076503904,SCOPUS_ID:85076503904,18,Article,
Diagnostic utility of optic nerve measurements with MRI in patients with optic nerve atrophy,2019,2019-01-01,American Journal of Neuroradiology,Zhao B.,10.3174/ajnr.A5975,2-s2.0-85062971915,SCOPUS_ID:85062971915,12,Article,
Readout-segmented echo-planar DWI for the detection of cholesteatomas: Correlation with surgical validation,2019,2019-01-01,American Journal of Neuroradiology,Fischer N.,10.3174/ajnr.A6079,2-s2.0-85068196530,SCOPUS_ID:85068196530,18,Article,
Validation of highly accelerated WAVE-CAIPI SWI compared with conventional SWI and T2*-weighted gradient recalled-echo for routine clinical brain MRI at 3T,2019,2019-01-01,American Journal of Neuroradiology,Conklin J.,10.3174/ajnr.A6295,2-s2.0-85076503568,SCOPUS_ID:85076503568,47,Article,
Outcome study of the pipeline embolization device with shield technology in unruptured aneurysms (PEDSU),2019,2019-01-01,American Journal of Neuroradiology,Atasoy D.,10.3174/ajnr.A6314,2-s2.0-85076506483,SCOPUS_ID:85076506483,37,Conference Paper,
Role of 3D pseudocontinuous arterial spin-labeling perfusion in the diagnosis and follow-up in patients with herpes simplex encephalitis,2019,2019-01-01,American Journal of Neuroradiology,Li R.,10.3174/ajnr.A6279,2-s2.0-85074962423,SCOPUS_ID:85074962423,11,Review,
Vendors used in CT and MRI neuroradiology research,2019,2019-01-01,American Journal of Neuroradiology,Ramezanpour S.,10.3174/ajnr.A6180,2-s2.0-85071788458,SCOPUS_ID:85071788458,2,Letter,
Morphologic evolution and coordinated development of the fetal lateral ventricles in the second and third trimesters,2019,2019-01-01,American Journal of Neuroradiology,Li Z.,10.3174/ajnr.A6013,2-s2.0-85064587728,SCOPUS_ID:85064587728,9,Article,
Morphologic features on MR imaging classify multifocal glioblastomas in different prognostic groups,2019,2019-01-01,American Journal of Neuroradiology,Pérez-Beteta J.,10.3174/ajnr.A6019,2-s2.0-85064531855,SCOPUS_ID:85064531855,19,Article,
Transitioning to transradial access for cerebral aneurysm embolization,2019,2019-01-01,American Journal of Neuroradiology,Chivot C.,10.3174/ajnr.A6234,2-s2.0-85074964526,SCOPUS_ID:85074964526,48,Article,
Reply,2019,2019-01-01,American Journal of Neuroradiology,Zamora C.,10.3174/ajnr.A5968,2-s2.0-85062948080,SCOPUS_ID:85062948080,0,Letter,
MRI quantitative T2* mapping to predict dominant composition of in vitro thrombus,2019,2019-01-01,American Journal of Neuroradiology,Pautre R.,10.3174/ajnr.A5938,2-s2.0-85059893557,SCOPUS_ID:85059893557,16,Article,
Transforaminal insertion of a thermocouple on the posterior vertebral wall combined with hydrodissection during lumbar spinal radiofrequency ablation,2019,2019-01-01,American Journal of Neuroradiology,Lecigne R.,10.3174/ajnr.A6233,2-s2.0-85073082481,SCOPUS_ID:85073082481,20,Article,
MR imaging of the brain in neurologic Wilson disease,2019,2019-01-01,American Journal of Neuroradiology,Yu X.E.,10.3174/ajnr.A5936,2-s2.0-85059915641,SCOPUS_ID:85059915641,60,Article,
Cesarean delivery impacts infant brain development,2019,2019-01-01,American Journal of Neuroradiology,Deoni S.C.,10.3174/ajnr.A5887,2-s2.0-85059899457,SCOPUS_ID:85059899457,31,Article,
Ultra-high-field targeted imaging of focal cortical dysplasia: The intracortical black line sign in type IIB,2019,2019-01-01,American Journal of Neuroradiology,Bartolini E.,10.3174/ajnr.A6298,2-s2.0-85076502429,SCOPUS_ID:85076502429,31,Article,
"The black turbinate sign, a potential diagnostic pitfall: Evaluation of the normal enhancement patterns of the nasal turbinates",2019,2019-01-01,American Journal of Neuroradiology,Han Q.,10.3174/ajnr.A6037,2-s2.0-85066163827,SCOPUS_ID:85066163827,32,Article,
Aqueductal CSF stroke volume is increased in patients with idiopathic normal pressure hydrocephalus and decreases after shunt surgery,2019,2019-01-01,American Journal of Neuroradiology,Shanks J.,10.3174/ajnr.A5972,2-s2.0-85062962080,SCOPUS_ID:85062962080,35,Article,
Incidental brain MRI findings in children: A systematic review and meta-analysis,2019,2019-01-01,American Journal of Neuroradiology,Dangouloff-Ros V.,10.3174/ajnr.A6281,2-s2.0-85074964228,SCOPUS_ID:85074964228,55,Article,
The influence of angioarchitectural features on the success of endovascular embolization of cranial dural arteriovenous fistulas with onyx,2019,2019-01-01,American Journal of Neuroradiology,Vollherbst D.F.,10.3174/ajnr.A6326,2-s2.0-85076505523,SCOPUS_ID:85076505523,12,Article,
Lumbar spinal stenosis severity by CT or MRI does not predict response to epidural corticosteroid versus lidocaine injections,2019,2019-01-01,American Journal of Neuroradiology,Perez F.A.,10.3174/ajnr.A6050,2-s2.0-85066163777,SCOPUS_ID:85066163777,7,Article,
Time to discontinue use of the term “hemorrhagic stroke”,2019,2019-01-01,American Journal of Neuroradiology,Aftab M.,10.3174/ajnr.A6240,2-s2.0-85074962159,SCOPUS_ID:85074962159,1,Editorial,
Accurate patient-specific machine learning models of glioblastoma invasion using transfer learning,2019,2019-01-01,American Journal of Neuroradiology,Hu L.S.,10.3174/ajnr.A5981,2-s2.0-85063005062,SCOPUS_ID:85063005062,30,Article,
The central vein sign in radiologically isolated syndrome,2019,2019-01-01,American Journal of Neuroradiology,Suthiphosuwan S.,10.3174/ajnr.A6045,2-s2.0-85066163764,SCOPUS_ID:85066163764,67,Article,
Paracoccidioidomycosis of the central nervous system: CT and MR imaging findings,2019,2019-01-01,American Journal of Neuroradiology,Rosa M.,10.3174/ajnr.A6203,2-s2.0-85073084945,SCOPUS_ID:85073084945,24,Article,
Solitary parathyroid adenoma localization in technetium Tc99M sestamibi SPECT and multiphase multidetector 4D CT,2019,2019-01-01,American Journal of Neuroradiology,Vu T.H.,10.3174/ajnr.A5901,2-s2.0-85059881368,SCOPUS_ID:85059881368,19,Article,
Reply,2019,2019-01-01,American Journal of Neuroradiology,Ivanidze J.,10.3174/ajnr.A6361,2-s2.0-85076506137,SCOPUS_ID:85076506137,1,Letter,
Brain and CSF volumes in fetuses and neonates with antenatal diagnosis of critical congenital heart disease: A longitudinal MRI study,2019,2019-01-01,American Journal of Neuroradiology,Claessens N.H.P.,10.3174/ajnr.A6021,2-s2.0-85066163647,SCOPUS_ID:85066163647,40,Article,
Widespread increased diffusivity reveals early cortical degeneration in huntington disease,2019,2019-01-01,American Journal of Neuroradiology,Sampedro F.,10.3174/ajnr.A6168,2-s2.0-85071755192,SCOPUS_ID:85071755192,27,Article,
Measuring glymphatic flow in man using quantitative contrast-enhanced MRI,2019,2019-01-01,American Journal of Neuroradiology,Watts R.,10.3174/ajnr.A5931,2-s2.0-85064546422,SCOPUS_ID:85064546422,97,Article,
"Utility of percentage signal recovery and baseline signal in DSC-MRI optimized for relative cbv measurement for differentiating glioblastoma, lymphoma, metastasis, and meningioma",2019,2019-01-01,American Journal of Neuroradiology,Lee M.D.,10.3174/ajnr.A6153,2-s2.0-85071786937,SCOPUS_ID:85071786937,42,Article,
Bayesian estimation of CBF measured by DSC-MRI in patients with moyamoya disease: Comparison with 15O-gas PET and singular value decomposition,2019,2019-01-01,American Journal of Neuroradiology,Hara S.,10.3174/ajnr.A6248,2-s2.0-85074964060,SCOPUS_ID:85074964060,5,Article,
Signal change in the mammillary bodies after perinatal asphyxia,2019,2019-01-01,American Journal of Neuroradiology,Molavi M.,10.3174/ajnr.A6232,2-s2.0-85074964055,SCOPUS_ID:85074964055,19,Article,
Clot burden score and early ischemia predict intracranial hemorrhage following endovascular therapy,2019,2019-01-01,American Journal of Neuroradiology,Yogendrakumar V.,10.3174/ajnr.A6009,2-s2.0-85064543051,SCOPUS_ID:85064543051,23,Article,
Bias in neuroradiology peer review: Impact of a “ding” on “dinging” others,2019,2019-01-01,American Journal of Neuroradiology,Charkhchi P.,10.3174/ajnr.A5908,2-s2.0-85059904139,SCOPUS_ID:85059904139,4,Review,
Automatic spinal cord gray matter quantification: A novel approach,2019,2019-01-01,American Journal of Neuroradiology,Tsagkas C.,10.3174/ajnr.A6157,2-s2.0-85071788719,SCOPUS_ID:85071788719,14,Article,
Evaluation of lower-dose spiral head CT for detection of intracranial findings causing neurologic deficits,2019,2019-01-01,American Journal of Neuroradiology,Fletcher J.G.,10.3174/ajnr.A6251,2-s2.0-85074965529,SCOPUS_ID:85074965529,13,Article,
Paracoccidioidomycosis of the central nervous system: CT and MR imaging findings,2019,2019-01-01,American Journal of Neuroradiology,Rosa M.,10.3174/ajnr.A6203,2-s2.0-85073084945,SCOPUS_ID:85073084945,24,Article,
Evaluation of lower-dose spiral head CT for detection of intracranial findings causing neurologic deficits,2019,2019-01-01,American Journal of Neuroradiology,Fletcher J.G.,10.3174/ajnr.A6251,2-s2.0-85074965529,SCOPUS_ID:85074965529,13,Article,
Erratum: Disorder in pixel-level edge directions on T1WI is associated with the degree of radiation necrosis in primary and metastatic brain tumors: Preliminary findings (American Journal of Neuroradiology (2019) 40 (412 417) 10.3174/ajnr.A5958),2019,2019-01-01,American Journal of Neuroradiology,,10.3174/ajnr.A6069,2-s2.0-85068197060,SCOPUS_ID:85068197060,0,Erratum,
Empty sella is a sign of symptomatic lateral sinus stenosis and not intracranial hypertension,2019,2019-01-01,American Journal of Neuroradiology,Zetchi A.,10.3174/ajnr.A6210,2-s2.0-85073086816,SCOPUS_ID:85073086816,13,Article,
Validating the automatic independent component analysis of DSA,2019,2019-01-01,American Journal of Neuroradiology,Hong J.,10.3174/ajnr.A5963,2-s2.0-85062974018,SCOPUS_ID:85062974018,2,Article,
Differences in cerebral aneurysm rupture rate according to arterial anatomies depend on the hemodynamic environment,2019,2019-01-01,American Journal of Neuroradiology,Fukuda S.,10.3174/ajnr.A6030,2-s2.0-85066163936,SCOPUS_ID:85066163936,20,Article,
A scoring system for prediction of cervical lymph node metastasis in patients with head and neck squamous cell carcinoma,2019,2019-01-01,American Journal of Neuroradiology,Chung M.S.,10.3174/ajnr.A6066,2-s2.0-85068197945,SCOPUS_ID:85068197945,38,Article,
Low-profile intra-aneurysmal flow disruptor WEB 17 versus WEB predecessor systems for treatment of small intracranial aneurysms: Comparative analysis of procedural safety and feasibility,2019,2019-01-01,American Journal of Neuroradiology,Goertz L.,10.3174/ajnr.A6183,2-s2.0-85073081382,SCOPUS_ID:85073081382,26,Article,
Prevalence of asymptomatic middle cranial fossa floor pits and encephaloceles on MR imaging,2019,2019-01-01,American Journal of Neuroradiology,Benson J.C.,10.3174/ajnr.A6311,2-s2.0-85076501688,SCOPUS_ID:85076501688,27,Review,
Treatment of unruptured distal anterior circulation aneurysms with flow-diverter stents: A meta-analysis,2019,2019-01-01,American Journal of Neuroradiology,Cagnazzo F.,10.3174/ajnr.A6002,2-s2.0-85064567871,SCOPUS_ID:85064567871,85,Article,
Quantitative and qualitative comparison of 4D-DSA with 3D-DSA using computational fluid dynamics simulations in cerebral aneurysms,2019,2019-01-01,American Journal of Neuroradiology,Lang S.,10.3174/ajnr.A6172,2-s2.0-85071737621,SCOPUS_ID:85071737621,15,Article,
Board certification characteristics of practicing neuroradiologists,2019,2019-01-01,American Journal of Neuroradiology,Rosenkrantz A.B.,10.3174/ajnr.A6225,2-s2.0-85073082325,SCOPUS_ID:85073082325,4,Review,
Chimeric antigen receptor T-cell therapy: Are neuroradiologists prepared?,2019,2019-01-01,American Journal of Neuroradiology,Nabavizadeh S.A.,10.3174/ajnr.A6186,2-s2.0-85073083524,SCOPUS_ID:85073083524,0,Letter,
Preoperative MR imaging to differentiate chordoid meningiomas from other meningioma histologic subtypes,2019,2019-01-01,American Journal of Neuroradiology,Baal J.D.,10.3174/ajnr.A5996,2-s2.0-85062984627,SCOPUS_ID:85062984627,12,Article,
Cost and utility of routine contrast-enhanced neck MRA in a pediatric MRI stroke evaluation protocol,2019,2019-01-01,American Journal of Neuroradiology,Baltensperger A.,10.3174/ajnr.A6315,2-s2.0-85076505242,SCOPUS_ID:85076505242,7,Article,
An introduction to kurtosis fractional anisotropy,2019,2019-01-01,American Journal of Neuroradiology,Hansen B.,10.3174/ajnr.A6235,2-s2.0-85073086340,SCOPUS_ID:85073086340,21,Note,
Defining the normal dorsal contour of the corpus callosum with time,2019,2019-01-01,American Journal of Neuroradiology,Krause K.L.,10.3174/ajnr.A5886,2-s2.0-85059910691,SCOPUS_ID:85059910691,5,Article,
A serial 10-year follow-up study of atrophied brain lesion volume and disability progression in patients with relapsing-remitting MS,2019,2019-01-01,American Journal of Neuroradiology,Zivadinov R.,10.3174/ajnr.A5987,2-s2.0-85062985909,SCOPUS_ID:85062985909,30,Article,
Complementary roles of dynamic contrast-enhanced MR imaging and postcontrast vessel wall imaging in detecting high-risk intracranial aneurysms,2019,2019-01-01,American Journal of Neuroradiology,Qi H.,10.3174/ajnr.A5983,2-s2.0-85062979837,SCOPUS_ID:85062979837,30,Article,
White matter injury and structural anomalies in infants with prenatal opioid exposure,2019,2019-01-01,American Journal of Neuroradiology,Merhar S.L.,10.3174/ajnr.A6282,2-s2.0-85076502723,SCOPUS_ID:85076502723,54,Article,
Susceptibility-weighted angiography for the follow-up of brain arteriovenous malformations treated with stereotactic radiosurgery,2019,2019-01-01,American Journal of Neuroradiology,Finitsis S.,10.3174/ajnr.A6053,2-s2.0-85066163611,SCOPUS_ID:85066163611,7,Article,
Radiogenomics in medulloblastoma: Can the human brain compete with artificial intelligence and machine learning?,2019,2019-01-01,American Journal of Neuroradiology,Dasgupta A.,10.3174/ajnr.A6040,2-s2.0-85066163872,SCOPUS_ID:85066163872,2,Letter,
Clot burden score and early ischemia predict intracranial hemorrhage following endovascular therapy,2019,2019-01-01,American Journal of Neuroradiology,Yogendrakumar V.,10.3174/ajnr.A6009,2-s2.0-85064543051,SCOPUS_ID:85064543051,23,Article,
Bias in neuroradiology peer review: Impact of a “ding” on “dinging” others,2019,2019-01-01,American Journal of Neuroradiology,Charkhchi P.,10.3174/ajnr.A5908,2-s2.0-85059904139,SCOPUS_ID:85059904139,4,Review,
Comparison of unenhanced and gadolinium-enhanced imaging in multiple sclerosis: Is contrast needed for routine follow-up MRI?,2019,2019-01-01,American Journal of Neuroradiology,Sadigh G.,10.3174/ajnr.A6179,2-s2.0-85071788724,SCOPUS_ID:85071788724,18,Conference Paper,
Osseous versus nonosseous spinal epidural arteriovenous fistulas: Experiences of 13 patients,2019,2019-01-01,American Journal of Neuroradiology,Song Y.,10.3174/ajnr.A5904,2-s2.0-85059884087,SCOPUS_ID:85059884087,14,Article,
MRI abnormalities predominate in the bottom part of the sulcus with type II focal cortical dysplasia: A quantitative study,2019,2019-01-01,American Journal of Neuroradiology,Liu Z.,10.3174/ajnr.A5919,2-s2.0-85059911513,SCOPUS_ID:85059911513,27,Article,
Early diagnosis of spastic cerebral palsy in infants with periventricular white matter injury using diffusion tensor imaging,2019,2019-01-01,American Journal of Neuroradiology,Jiang H.,10.3174/ajnr.A5914,2-s2.0-85059905067,SCOPUS_ID:85059905067,38,Article,
Complementary roles of dynamic contrast-enhanced MR imaging and postcontrast vessel wall imaging in detecting high-risk intracranial aneurysms,2019,2019-01-01,American Journal of Neuroradiology,Qi H.,10.3174/ajnr.A5983,2-s2.0-85062979837,SCOPUS_ID:85062979837,30,Article,
White matter injury and structural anomalies in infants with prenatal opioid exposure,2019,2019-01-01,American Journal of Neuroradiology,Merhar S.L.,10.3174/ajnr.A6282,2-s2.0-85076502723,SCOPUS_ID:85076502723,54,Article,
Susceptibility-weighted angiography for the follow-up of brain arteriovenous malformations treated with stereotactic radiosurgery,2019,2019-01-01,American Journal of Neuroradiology,Finitsis S.,10.3174/ajnr.A6053,2-s2.0-85066163611,SCOPUS_ID:85066163611,7,Article,
Anatomy of the great posterior radiculomedullary artery,2019,2019-01-01,American Journal of Neuroradiology,Perez Perez V.H.,10.3174/ajnr.A6304,2-s2.0-85076505969,SCOPUS_ID:85076505969,17,Conference Paper,
Evaluation of the implementation of the response assessment in neuro-oncology criteria in the HERBY trial of pediatric patients with newly diagnosed high-grade gliomas,2019,2019-01-01,American Journal of Neuroradiology,Rodriguez D.,10.3174/ajnr.A5982,2-s2.0-85062952359,SCOPUS_ID:85062952359,6,Article,
Dynamic contrast-enhanced MRI in patients with brain metastases undergoing laser interstitial thermal therapy: A pilot study,2019,2019-01-01,American Journal of Neuroradiology,Traylor J.I.,10.3174/ajnr.A6144,2-s2.0-85071784654,SCOPUS_ID:85071784654,9,Article,
Erratum: Impact of vessel wall MR imaging in the work-up for ischemic stroke (AJNR Am J Neuroradiol (2019) 40 (1707-08) DOI: 10.3174/ajnr.A6241),2019,2019-01-01,American Journal of Neuroradiology,,10.3174/ajnr.A6353,2-s2.0-85076497973,SCOPUS_ID:85076497973,0,Erratum,
Identification of the bleeding point in hemorrhagic moyamoya disease using fusion images of susceptibility-weighted imaging and time-of-flight MRA,2019,2019-01-01,American Journal of Neuroradiology,Miyakoshi A.,10.3174/ajnr.A6207,2-s2.0-85073089290,SCOPUS_ID:85073089290,16,Article,
Low-profile intra-aneurysmal flow disruptor WEB 17 versus WEB predecessor systems for treatment of small intracranial aneurysms: Comparative analysis of procedural safety and feasibility,2019,2019-01-01,American Journal of Neuroradiology,Goertz L.,10.3174/ajnr.A6183,2-s2.0-85073081382,SCOPUS_ID:85073081382,26,Article,
Analysis of flow dynamics and outcomes of cerebral aneurysms treated with intrasaccular flow-diverting devices,2019,2019-01-01,American Journal of Neuroradiology,Cebral J.R.,10.3174/ajnr.A6169,2-s2.0-85071783081,SCOPUS_ID:85071783081,18,Article,
Increased water content in periventricular caps in patients without acute hydrocephalus,2019,2019-01-01,American Journal of Neuroradiology,Sichtermann T.,10.3174/ajnr.A6033,2-s2.0-85066163561,SCOPUS_ID:85066163561,5,Article,
Endovascular treatment for low-grade (spetzler-martin I–II) brain arteriovenous malformations,2019,2019-01-01,American Journal of Neuroradiology,Baharvahdat H.,10.3174/ajnr.A5988,2-s2.0-85064555841,SCOPUS_ID:85064555841,56,Article,
Comparing Morphology and Hemodynamics of Stable-versus-Growing and Grown Intracranial Aneurysms,2019,2019-01-01,American Journal of Neuroradiology,Leemans E.L.,10.3174/ajnr.A6307,2-s2.0-85077341962,SCOPUS_ID:85077341962,29,Article,
Local hemodynamic conditions associated with focal changes in the intracranial aneurysm wall,2019,2019-01-01,American Journal of Neuroradiology,Cebral J.R.,10.3174/ajnr.A5970,2-s2.0-85062996173,SCOPUS_ID:85062996173,95,Article,
Deep learning–based automatic segmentation of lumbosacral nerves on CT for spinal intervention: A translational study,2019,2019-01-01,American Journal of Neuroradiology,Fan G.,10.3174/ajnr.A6070,2-s2.0-85068197582,SCOPUS_ID:85068197582,36,Article,
Comparison of unenhanced and gadolinium-enhanced imaging in multiple sclerosis: Is contrast needed for routine follow-up MRI?,2019,2019-01-01,American Journal of Neuroradiology,Sadigh G.,10.3174/ajnr.A6179,2-s2.0-85071788724,SCOPUS_ID:85071788724,18,Conference Paper,
Treatment of wide-neck intracranial aneurysms with the woven endobridge device associated with stenting: A single-center experience,2019,2019-01-01,American Journal of Neuroradiology,Cagnazzo F.,10.3174/ajnr.A6032,2-s2.0-85066163772,SCOPUS_ID:85066163772,31,Article,
Imaging-guided superior ophthalmic vein access for embolization of dural carotid cavernous fistulas: Report of 20 cases and review of the literature,2019,2019-01-01,American Journal of Neuroradiology,Heran M.K.S.,10.3174/ajnr.A5994,2-s2.0-85064574342,SCOPUS_ID:85064574342,16,Article,
Comparison of [18F] FDG-PET/MRI and clinical findings for assessment of suspected lumbar facet joint pain: A prospective study to characterize candidate nonanatomic imaging biomarkers and potential impact on management,2019,2019-01-01,American Journal of Neuroradiology,Lehman V.T.,10.3174/ajnr.A6224,2-s2.0-85073080685,SCOPUS_ID:85073080685,16,Conference Paper,
Pipeline sizing based on computer simulation,2019,2019-01-01,American Journal of Neuroradiology,Becske T.,10.3174/ajnr.A5998,2-s2.0-85063003346,SCOPUS_ID:85063003346,0,Note,
What causes deep gray matter atrophy in multiple sclerosis?,2019,2019-01-01,American Journal of Neuroradiology,Schoonheim M.M.,10.3174/ajnr.A5942,2-s2.0-85059881809,SCOPUS_ID:85059881809,9,Note,
Focal cortical dysplasia and refractory epilepsy: Role of multimodality imaging and outcome of surgery,2019,2019-01-01,American Journal of Neuroradiology,Jayalakshmi S.,10.3174/ajnr.A6041,2-s2.0-85066163612,SCOPUS_ID:85066163612,78,Article,
Chimeric antigen receptor T-cell therapy: Are neuroradiologists prepared?,2019,2019-01-01,American Journal of Neuroradiology,Nabavizadeh S.A.,10.3174/ajnr.A6186,2-s2.0-85073083524,SCOPUS_ID:85073083524,0,Letter,
Preoperative MR imaging to differentiate chordoid meningiomas from other meningioma histologic subtypes,2019,2019-01-01,American Journal of Neuroradiology,Baal J.D.,10.3174/ajnr.A5996,2-s2.0-85062984627,SCOPUS_ID:85062984627,12,Article,
Analysis of flow dynamics and outcomes of cerebral aneurysms treated with intrasaccular flow-diverting devices,2019,2019-01-01,American Journal of Neuroradiology,Cebral J.R.,10.3174/ajnr.A6169,2-s2.0-85071783081,SCOPUS_ID:85071783081,18,Article,
Early diagnosis of spastic cerebral palsy in infants with periventricular white matter injury using diffusion tensor imaging,2019,2019-01-01,American Journal of Neuroradiology,Jiang H.,10.3174/ajnr.A5914,2-s2.0-85059905067,SCOPUS_ID:85059905067,38,Article,
MRI abnormalities predominate in the bottom part of the sulcus with type II focal cortical dysplasia: A quantitative study,2019,2019-01-01,American Journal of Neuroradiology,Liu Z.,10.3174/ajnr.A5919,2-s2.0-85059911513,SCOPUS_ID:85059911513,27,Article,
Dynamic contrast-enhanced MRI reveals unique blood-brain barrier permeability characteristics in the hippocampus in the normal brain,2019,2019-01-01,American Journal of Neuroradiology,Ivanidze J.,10.3174/ajnr.A5962,2-s2.0-85062948458,SCOPUS_ID:85062948458,37,Article,
Current hospital demographics of subarachnoid hemorrhage based on CT angiography and 3D rotational angiography in a neurosurgical center,2019,2019-01-01,American Journal of Neuroradiology,Van Rooij S.B.T.,10.3174/ajnr.A6060,2-s2.0-85068198409,SCOPUS_ID:85068198409,1,Article,
The internal cerebral vein: New classification of branching patterns based on CTA,2019,2019-01-01,American Journal of Neuroradiology,Brzegowy K.,10.3174/ajnr.A6200,2-s2.0-85073084521,SCOPUS_ID:85073084521,20,Article,
Metallic hyperdensity sign on noncontrast CT immediately after mechanical thrombectomy predicts parenchymal hemorrhage in patients with acute large-artery occlusion,2019,2019-01-01,American Journal of Neuroradiology,Xu C.,10.3174/ajnr.A6008,2-s2.0-85064553170,SCOPUS_ID:85064553170,29,Article,
Image quality of low-dose cerebral angiography and effectiveness of clinical implementation on diagnostic and neurointerventional procedures for intracranial aneurysms,2019,2019-01-01,American Journal of Neuroradiology,Choi J.,10.3174/ajnr.A6029,2-s2.0-85066163555,SCOPUS_ID:85066163555,15,Article,
Understanding subdural collections in pediatric abusive head trauma,2019,2019-01-01,American Journal of Neuroradiology,Wittschieber D.,10.3174/ajnr.A5855,2-s2.0-85063010822,SCOPUS_ID:85063010822,56,Review,
Histologic and biomolecular similarities in healing between aneurysms and cutaneous skin wounds,2019,2019-01-01,American Journal of Neuroradiology,Ayers-Ringler J.R.,10.3174/ajnr.A6046,2-s2.0-85068197940,SCOPUS_ID:85068197940,0,Article,
Reply,2019,2019-01-01,American Journal of Neuroradiology,Bulut E.,10.3174/ajnr.A6216,2-s2.0-85073082064,SCOPUS_ID:85073082064,0,Letter,
Parapharyngeal space venous malformation: An imaging mimic of pleomorphic adenoma,2019,2019-01-01,American Journal of Neuroradiology,Tomblinson C.,10.3174/ajnr.A5859,2-s2.0-85059900624,SCOPUS_ID:85059900624,13,Article,
Two-center experience in the endovascular treatment of intracranial aneurysms using the woven endobridge 17 device including midterm follow-up results: A retrospective analysis,2019,2019-01-01,American Journal of Neuroradiology,Maurer C.,10.3174/ajnr.A6177,2-s2.0-85071771433,SCOPUS_ID:85071771433,19,Article,
"First-line sofia aspiration thrombectomy approach within the endovascular treatment of ischemic stroke multicentric registry: Efficacy, safety, and predictive factors of success",2019,2019-01-01,American Journal of Neuroradiology,Marnat G.,10.3174/ajnr.A6074,2-s2.0-85068196816,SCOPUS_ID:85068196816,33,Article,
Carotid artery tortuosity is associated with connective tissue diseases,2019,2019-01-01,American Journal of Neuroradiology,Welby J.P.,10.3174/ajnr.A6218,2-s2.0-85073080868,SCOPUS_ID:85073080868,64,Article,
Quantitative analysis of spinal canal areas in the lumbar spine: An imaging informatics and machine learning study,2019,2019-01-01,American Journal of Neuroradiology,Gaonkar B.,10.3174/ajnr.A6174,2-s2.0-85071779809,SCOPUS_ID:85071779809,32,Article,
Susceptibility-weighted imaging findings in aspartylglucosaminuria,2019,2019-01-01,American Journal of Neuroradiology,Tokola A.,10.3174/ajnr.A6288,2-s2.0-85074965159,SCOPUS_ID:85074965159,7,Article,
Increasing social media involvement around the American Society of Neuroradiology annual meeting,2019,2019-01-01,American Journal of Neuroradiology,Garg T.,10.3174/ajnr.A6185,2-s2.0-85073091203,SCOPUS_ID:85073091203,0,Letter,
CT texture analysis of cervical lymph nodes on contrast-enhanced [18F] FDG-PET/CT images to differentiate nodal metastases from reactive lymphadenopathy in HIV-positive patients with head and neck squamous cell carcinoma,2019,2019-01-01,American Journal of Neuroradiology,Kuno H.,10.3174/ajnr.A5974,2-s2.0-85062964749,SCOPUS_ID:85062964749,31,Article,
Reduced jet velocity in venous flow after CSF drainage: Assessing hemodynamic causes of pulsatile tinnitus,2019,2019-01-01,American Journal of Neuroradiology,Haraldsson H.,10.3174/ajnr.A6043,2-s2.0-85066163533,SCOPUS_ID:85066163533,28,Article,
Carotid intraplaque-hemorrhage volume and its association with cerebrovascular events,2019,2019-01-01,American Journal of Neuroradiology,Saba L.,10.3174/ajnr.A6189,2-s2.0-85073090163,SCOPUS_ID:85073090163,48,Article,
Women rising to the top: The tipping point for the ASNR,2019,2019-01-01,American Journal of Neuroradiology,Meltzer C.C.,10.3174/ajnr.A5893,2-s2.0-85059906751,SCOPUS_ID:85059906751,5,Review,
Visualization of aneurysmal neck and dome after coiling with 3d multifusion imaging of silent MRA and FSE-MR cisternography,2019,2019-01-01,American Journal of Neuroradiology,Satoh T.,10.3174/ajnr.A6026,2-s2.0-85066163573,SCOPUS_ID:85066163573,14,Article,
Optimizing the detection of subtle insular lesions on MRI when insular epilepsy is suspected,2019,2019-01-01,American Journal of Neuroradiology,Blustajn J.,10.3174/ajnr.A6143,2-s2.0-85071783234,SCOPUS_ID:85071783234,6,Article,
"Acute and evolving MRI of high-altitude cerebral edema: Microbleeds, edema, and pathophysiology",2019,2019-01-01,American Journal of Neuroradiology,Hackett P.H.,10.3174/ajnr.A5897,2-s2.0-85063001683,SCOPUS_ID:85063001683,66,Article,
Imaging of surgical free flaps in head and neck reconstruction,2019,2019-01-01,American Journal of Neuroradiology,Corey A.S.,10.3174/ajnr.A5776,2-s2.0-85059877425,SCOPUS_ID:85059877425,28,Conference Paper,
Defining ischemic core in acute ischemic stroke using CT perfusion: A multiparametric Bayesian-based model,2019,2019-01-01,American Journal of Neuroradiology,Nael K.,10.3174/ajnr.A6170,2-s2.0-85071785399,SCOPUS_ID:85071785399,24,Conference Paper,
Curing low-grade brain AVMs with embolization?,2019,2019-01-01,American Journal of Neuroradiology,Brisman J.,10.3174/ajnr.A6017,2-s2.0-85064537281,SCOPUS_ID:85064537281,0,Note,
Predictors and clinical impact of delayed stent thrombosis after thrombectomy for acute stroke with tandem lesions,2019,2019-01-01,American Journal of Neuroradiology,Pop R.,10.3174/ajnr.A5976,2-s2.0-85062957688,SCOPUS_ID:85062957688,57,Article,
Increased diameters of the internal cerebral veins and the basal veins of Rosenthal are associated with white matter hyperintensity volume,2019,2019-01-01,American Journal of Neuroradiology,Houck A.L.,10.3174/ajnr.A6213,2-s2.0-85073089547,SCOPUS_ID:85073089547,34,Article,
Identification of vortex cores in cerebral aneurysms on 4D flow MRI,2019,2019-01-01,American Journal of Neuroradiology,Futami K.,10.3174/ajnr.A6322,2-s2.0-85076505937,SCOPUS_ID:85076505937,28,Article,
Zero TE MRI for craniofacial bone imaging,2019,2019-01-01,American Journal of Neuroradiology,Lu A.,10.3174/ajnr.A6175,2-s2.0-85071756794,SCOPUS_ID:85071756794,48,Article,
"First-line sofia aspiration thrombectomy approach within the endovascular treatment of ischemic stroke multicentric registry: Efficacy, safety, and predictive factors of success",2019,2019-01-01,American Journal of Neuroradiology,Marnat G.,10.3174/ajnr.A6074,2-s2.0-85068196816,SCOPUS_ID:85068196816,33,Article,
Carotid artery tortuosity is associated with connective tissue diseases,2019,2019-01-01,American Journal of Neuroradiology,Welby J.P.,10.3174/ajnr.A6218,2-s2.0-85073080868,SCOPUS_ID:85073080868,64,Article,
Quantitative analysis of spinal canal areas in the lumbar spine: An imaging informatics and machine learning study,2019,2019-01-01,American Journal of Neuroradiology,Gaonkar B.,10.3174/ajnr.A6174,2-s2.0-85071779809,SCOPUS_ID:85071779809,32,Article,
Susceptibility-weighted imaging findings in aspartylglucosaminuria,2019,2019-01-01,American Journal of Neuroradiology,Tokola A.,10.3174/ajnr.A6288,2-s2.0-85074965159,SCOPUS_ID:85074965159,7,Article,
"Comparison of iterative model reconstruction versus filtered back-projection in pediatric emergency head CT: Dose, image quality, and image-reconstruction times",2019,2019-01-01,American Journal of Neuroradiology,Southard R.N.,10.3174/ajnr.A6034,2-s2.0-85066163889,SCOPUS_ID:85066163889,30,Article,
Chimeric antigen receptor T-cell neurotoxicity neuroimaging: More than meets the eye,2019,2019-01-01,American Journal of Neuroradiology,Gust J.,10.3174/ajnr.A6184,2-s2.0-85073088437,SCOPUS_ID:85073088437,21,Letter,
Non-contrast-enhanced carotid MRA: Clinical evaluation of a novel ungated radial quiescent-interval slice-selective MRA at 1.5T,2019,2019-01-01,American Journal of Neuroradiology,Peters S.,10.3174/ajnr.A6171,2-s2.0-85071783174,SCOPUS_ID:85071783174,11,Article,
Pediatric atypical teratoid/rhabdoid tumors of the brain: Identification of metabolic subgroups using in vivo 1H-MR spectroscopy,2019,2019-01-01,American Journal of Neuroradiology,Tamrazi B.,10.3174/ajnr.A6024,2-s2.0-85066163726,SCOPUS_ID:85066163726,8,Article,
Comparative analysis of volumetric high-resolution heavily T2-weighted MRI and time-resolved contrast-enhanced MRA in the evaluation of spinal vascular malformations,2019,2019-01-01,American Journal of Neuroradiology,Kannath S.K.,10.3174/ajnr.A6164,2-s2.0-85071788838,SCOPUS_ID:85071788838,18,Article,
Improved assessment of middle ear recurrent cholesteatomas using a fusion of conventional CT and Non-EPI-DWI MRI,2019,2019-01-01,American Journal of Neuroradiology,Felici F.,10.3174/ajnr.A6141,2-s2.0-85071787766,SCOPUS_ID:85071787766,17,Article,
Determinants of deep gray matter atrophy in multiple sclerosis: A multimodal MRI study,2019,2019-01-01,American Journal of Neuroradiology,Giuseppe P.,10.3174/ajnr.A5915,2-s2.0-85059900932,SCOPUS_ID:85059900932,57,Article,
Reply,2019,2019-01-01,American Journal of Neuroradiology,D’Anna G.,10.3174/ajnr.A6214,2-s2.0-85073080199,SCOPUS_ID:85073080199,0,Letter,
Validation of zero TE-MRA in the characterization of cerebrovascular diseases: A feasibility study,2019,2019-01-01,American Journal of Neuroradiology,Shang S.,10.3174/ajnr.A6173,2-s2.0-85071743693,SCOPUS_ID:85071743693,26,Article,
PACS integration of semiautomated imaging software improves day-to-day MS disease activity detection,2019,2019-01-01,American Journal of Neuroradiology,Dahan A.,10.3174/ajnr.A6195,2-s2.0-85073082573,SCOPUS_ID:85073082573,8,Article,
Quantification of iodine leakage on dual-energy CT as a marker of blood-brain barrier permeability in traumatic hemorrhagic contusions: Prediction of surgical intervention for intracranial pressure management,2019,2019-01-01,American Journal of Neuroradiology,Bodanapally U.K.,10.3174/ajnr.A6316,2-s2.0-85076506446,SCOPUS_ID:85076506446,11,Conference Paper,
Altered relationship between working memory and brain microstructure after mild traumatic brain injury,2019,2019-01-01,American Journal of Neuroradiology,Chung S.,10.3174/ajnr.A6146,2-s2.0-85071784489,SCOPUS_ID:85071784489,31,Article,
Novel models for identification of the ruptured aneurysm in patients with subarachnoid hemorrhage with multiple aneurysms,2019,2019-01-01,American Journal of Neuroradiology,Rajabzadeh-Oghaz H.,10.3174/ajnr.A6259,2-s2.0-85074963927,SCOPUS_ID:85074963927,16,Article,
Prevalence of superior semicircular canal dehiscence on high-resolution CT imaging in patients without vestibular or auditory abnormalities,2019,2019-01-01,American Journal of Neuroradiology,Berning A.W.,10.3174/ajnr.A5999,2-s2.0-85064566004,SCOPUS_ID:85064566004,60,Article,
PACS integration of semiautomated imaging software improves day-to-day MS disease activity detection,2019,2019-01-01,American Journal of Neuroradiology,Dahan A.,10.3174/ajnr.A6195,2-s2.0-85073082573,SCOPUS_ID:85073082573,8,Article,
Carotid plaque CTA analysis in symptomatic subjects with bilateral intraplaque hemorrhage: A preliminary analysis,2019,2019-01-01,American Journal of Neuroradiology,Saba L.,10.3174/ajnr.A6160,2-s2.0-85071784963,SCOPUS_ID:85071784963,32,Article,
Quantification of iodine leakage on dual-energy CT as a marker of blood-brain barrier permeability in traumatic hemorrhagic contusions: Prediction of surgical intervention for intracranial pressure management,2019,2019-01-01,American Journal of Neuroradiology,Bodanapally U.K.,10.3174/ajnr.A6316,2-s2.0-85076506446,SCOPUS_ID:85076506446,11,Conference Paper,
Altered relationship between working memory and brain microstructure after mild traumatic brain injury,2019,2019-01-01,American Journal of Neuroradiology,Chung S.,10.3174/ajnr.A6146,2-s2.0-85071784489,SCOPUS_ID:85071784489,31,Article,
Reply,2019,2019-01-01,American Journal of Neuroradiology,D’Anna G.,10.3174/ajnr.A6215,2-s2.0-85073086061,SCOPUS_ID:85073086061,0,Letter,
MR imaging of the extracranial facial nerve with the CISS sequence,2019,2019-01-01,American Journal of Neuroradiology,Guenette J.P.,10.3174/ajnr.A6261,2-s2.0-85074965060,SCOPUS_ID:85074965060,35,Article,
A multicenter pilot study on the clinical utility of computational modeling for flow-diverter treatment planning,2019,2019-01-01,American Journal of Neuroradiology,Chong B.W.,10.3174/ajnr.A6222,2-s2.0-85073080780,SCOPUS_ID:85073080780,11,Conference Paper,
"Risk of acute kidney injury with consecutive, multidose use of iodinated contrast in patients with acute ischemic stroke",2019,2019-01-01,American Journal of Neuroradiology,Jia Z.Y.,10.3174/ajnr.A5959,2-s2.0-85064557447,SCOPUS_ID:85064557447,11,Article,
Etiology-specific mineralization patterns in patients with labyrinthitis ossificans,2019,2019-01-01,American Journal of Neuroradiology,Buch K.,10.3174/ajnr.A5985,2-s2.0-85062961295,SCOPUS_ID:85062961295,14,Article,
Impact of balloon-guiding catheter location on recanalization in patients with acute stroke treated by mechanical thrombectomy,2019,2019-01-01,American Journal of Neuroradiology,Jeong D.E.,10.3174/ajnr.A6031,2-s2.0-85066163501,SCOPUS_ID:85066163501,29,Article,
Volumetry of mesiotemporal structures reflects serostatus in patients with limbic encephalitis,2019,2019-01-01,American Journal of Neuroradiology,Ernst L.,10.3174/ajnr.A6289,2-s2.0-85076503588,SCOPUS_ID:85076503588,13,Conference Paper,
Dose reduction while preserving diagnostic quality in head CT: Advancing the application of iterative reconstruction using a live animal model,2019,2019-01-01,American Journal of Neuroradiology,Raslau F.D.,10.3174/ajnr.A6258,2-s2.0-85074964703,SCOPUS_ID:85074964703,6,Article,
A persistent foramen of huschke: A small road to misery in necrotizing external otitis,2019,2019-01-01,American Journal of Neuroradiology,Van Der Meer W.L.,10.3174/ajnr.A6161,2-s2.0-85071782501,SCOPUS_ID:85071782501,23,Article,
Virtual monoenergetic images from spectral detector CT enable radiation dose reduction in unenhanced cranial CT,2019,2019-01-01,American Journal of Neuroradiology,Reimer R.P.,10.3174/ajnr.A6220,2-s2.0-85073080617,SCOPUS_ID:85073080617,10,Article,
Comparison of prasugrel and clopidogrel used as antiplatelet medication for endovascular treatment of unruptured intracranial aneurysms: A meta-analysis,2019,2019-01-01,American Journal of Neuroradiology,Cagnazzo F.,10.3174/ajnr.A6004,2-s2.0-85064540382,SCOPUS_ID:85064540382,28,Article,
"White matter abnormalities in multiple sclerosis evaluated by quantitative synthetic MRI, diffusion tensor imaging, and neurite orientation dispersion and density imaging",2019,2019-01-01,American Journal of Neuroradiology,Hagiwara A.,10.3174/ajnr.A6209,2-s2.0-85073080007,SCOPUS_ID:85073080007,57,Article,
Mixed solid and cystic mass in an infant,2019,2019-01-01,American Journal of Neuroradiology,Summerfield D.,,2-s2.0-85074962277,SCOPUS_ID:85074962277,4,Article,
Distal transradial access in the anatomic snuffbox for diagnostic cerebral angiography,2019,2019-01-01,American Journal of Neuroradiology,Patel P.,10.3174/ajnr.A6178,2-s2.0-85071768160,SCOPUS_ID:85071768160,34,Article,
Impact of vessel wall MR imaging in the work-up for ischemic stroke,2019,2019-01-01,American Journal of Neuroradiology,Song J.W.,10.3174/ajnr.A6241,2-s2.0-85073088837,SCOPUS_ID:85073088837,4,Note,
Utility of dynamic susceptibility contrast perfusion-weighted MR imaging and 11 C-methionine PET/CT for differentiation of tumor recurrence from radiation injury in patients with high-grade gliomas,2019,2019-01-01,American Journal of Neuroradiology,Qiao Z.,10.3174/ajnr.A5952,2-s2.0-85061500132,SCOPUS_ID:85061500132,38,Article,
Two-layered susceptibility vessel sign and high overestimation ratio on MRI are predictive of cardioembolic stroke,2019,2019-01-01,American Journal of Neuroradiology,Derraz I.,10.3174/ajnr.A5865,2-s2.0-85059910931,SCOPUS_ID:85059910931,13,Article,
T1-hyperintense plaques on intracranial-versus-extracranial vessel wall MRI,2019,2019-01-01,American Journal of Neuroradiology,Yuan W.,10.3174/ajnr.A5878,2-s2.0-85059918115,SCOPUS_ID:85059918115,1,Letter,
Oculodentodigital dysplasia: A hypomyelinating leukodystrophy with a characteristic MRI pattern of brain stem involvement,2019,2019-01-01,American Journal of Neuroradiology,Harting I.,10.3174/ajnr.A6051,2-s2.0-85066163666,SCOPUS_ID:85066163666,18,Article,
It is not necessary to discontinue seizure threshold-lowering medications prior to myelography,2019,2019-01-01,American Journal of Neuroradiology,Krupa M.,10.3174/ajnr.A6027,2-s2.0-85066163951,SCOPUS_ID:85066163951,3,Article,
Disproportionate international contributions to subspecialties of neuroradiology in the American journal of neuroradiology,2019,2019-01-01,American Journal of Neuroradiology,Emamzadehfard S.,10.3174/ajnr.A5885,2-s2.0-85059912338,SCOPUS_ID:85059912338,4,Letter,
Imaging characteristics of wingless pathway subgroup medulloblastomas: Results from the German HIT/SIOP-trial cohort,2019,2019-01-01,American Journal of Neuroradiology,Stock A.,10.3174/ajnr.A6286,2-s2.0-85074963936,SCOPUS_ID:85074963936,13,Article,
Multinodular and vacuolating neuronal tumor of the cerebrum: Does the name require review?,2019,2019-01-01,American Journal of Neuroradiology,Agarwal A.,10.3174/ajnr.A6284,2-s2.0-85076505538,SCOPUS_ID:85076505538,11,Letter,
DWI for monitoring the acute response of malignant gliomas to photodynamic therapy,2019,2019-01-01,American Journal of Neuroradiology,Fujita Y.,10.3174/ajnr.A6300,2-s2.0-85076506304,SCOPUS_ID:85076506304,7,Article,
Optimizing the quality of 4D-DSA temporal information,2019,2019-01-01,American Journal of Neuroradiology,Ruedinger K.L.,10.3174/ajnr.A6290,2-s2.0-85076503452,SCOPUS_ID:85076503452,10,Article,
Across the Pons and to the Milky Way: Where are the neuroradiology publications?,2019,2019-01-01,American Journal of Neuroradiology,Lehman V.,10.3174/ajnr.A6039,2-s2.0-85066163525,SCOPUS_ID:85066163525,0,Letter,
Localization of parotid gland tumors in relation to the intraparotid facial nerve on 3D double-echo steady-state with water excitation sequence,2019,2019-01-01,American Journal of Neuroradiology,Fujii H.,10.3174/ajnr.A6078,2-s2.0-85068197218,SCOPUS_ID:85068197218,37,Article,
Compressed sensing-sensitivity encoding (CS-SENSe) accelerated brain imaging: Reduced scan time without reduced image quality,2019,2019-01-01,American Journal of Neuroradiology,Vranic J.E.,10.3174/ajnr.A5905,2-s2.0-85059910928,SCOPUS_ID:85059910928,104,Article,
Imaging G-ratio in multiple sclerosis using high-gradient diffusion MRI and macromolecular tissue volume,2019,2019-01-01,American Journal of Neuroradiology,Yu F.,10.3174/ajnr.A6283,2-s2.0-85074963471,SCOPUS_ID:85074963471,30,Article,
Diagnostic accuracy and scope of intraoperative transoral ultrasound and transoral ultrasound-guided fine-needle aspiration of retropharyngeal masses,2019,2019-01-01,American Journal of Neuroradiology,Vu T.H.,10.3174/ajnr.A6236,2-s2.0-85074964560,SCOPUS_ID:85074964560,8,Article,
Lateral posterior choroidal collateral anastomosis predicts recurrent ipsilateral hemorrhage in adult patients with moyamoya disease,2019,2019-01-01,American Journal of Neuroradiology,Wang J.,10.3174/ajnr.A6208,2-s2.0-85073080349,SCOPUS_ID:85073080349,19,Article,
Persisting embryonal infundibular recess in morning glory syndrome: Clinical report of a novel association,2019,2019-01-01,American Journal of Neuroradiology,D'Amico A.,10.3174/ajnr.A6005,2-s2.0-85066443737,SCOPUS_ID:85066443737,7,Article,
Regional cerebral blood flow in the posterior cingulate and precuneus and the entorhinal cortical atrophy score differentiate mild cognitive impairment and dementia due to Alzheimer disease,2019,2019-01-01,American Journal of Neuroradiology,Thomas B.,10.3174/ajnr.A6219,2-s2.0-85073085754,SCOPUS_ID:85073085754,33,Article,
Comparison of pipeline embolization device sizing based on conventional 2D measurements and virtual simulation using the Sim&Size software: An agreement study,2019,2019-01-01,American Journal of Neuroradiology,Ospel J.M.,10.3174/ajnr.A5973,2-s2.0-85063010206,SCOPUS_ID:85063010206,34,Article,
Predicting factors of angiographic aneurysm occlusion after treatment with the woven endobridge device: A single-center experience with midterm follow-up,2019,2019-01-01,American Journal of Neuroradiology,Cagnazzo F.,10.3174/ajnr.A6221,2-s2.0-85073082127,SCOPUS_ID:85073082127,32,Article,
MRI features of histologically diagnosed supratentorial primitive neuroectodermal tumors and pineoblastomas in correlation with molecular diagnoses and outcomes: A report from the Children's Oncology Group ACNS0332 trial,2019,2019-01-01,American Journal of Neuroradiology,Jaju A.,10.3174/ajnr.A6253,2-s2.0-85074962582,SCOPUS_ID:85074962582,16,Article,
Intraspinal paragonimiasis in children: MRI findings and suggestions for pathogenesis,2019,2019-01-01,American Journal of Neuroradiology,Qin Y.,10.3174/ajnr.A6296,2-s2.0-85076503119,SCOPUS_ID:85076503119,9,Article,
GJA1 variants cause spastic paraplegia associated with cerebral hypomyelination,2019,2019-01-01,American Journal of Neuroradiology,Saint-Val L.,10.3174/ajnr.A6036,2-s2.0-85066163664,SCOPUS_ID:85066163664,7,Article,
Engorged medullary veins in neurosarcoidosis: A reflection of underlying phlebitis?,2019,2019-01-01,American Journal of Neuroradiology,Bathla G.,10.3174/ajnr.A5951,2-s2.0-85062999196,SCOPUS_ID:85062999196,1,Letter,
Diffusion-weighted MR imaging in a prospective cohort of children with cerebral malaria offers insights into pathophysiology and prognosis,2019,2019-01-01,American Journal of Neuroradiology,Moghaddam S.M.,10.3174/ajnr.A6159,2-s2.0-85071788485,SCOPUS_ID:85071788485,13,Conference Paper,
Reply,2019,2019-01-01,American Journal of Neuroradiology,Buch K.,10.3174/ajnr.A6049,2-s2.0-85066163623,SCOPUS_ID:85066163623,0,Letter,
Y-Stent-Assisted Coiling of Wide-Neck Bifurcation Intracranial Aneurysms: A Meta-Analysis,2019,2019-01-01,American Journal of Neuroradiology,Cagnazzo F.,10.3174/ajnr.A5900,2-s2.0-85059883908,SCOPUS_ID:85059883908,82,Article,
Automated aspects in acute ischemic stroke: A comparative analysis with CT perfusion,2019,2019-01-01,American Journal of Neuroradiology,Sundaram V.K.,10.3174/ajnr.A6303,2-s2.0-85076505240,SCOPUS_ID:85076505240,43,Article,
Cerebral venous thrombosis: MR black-blood thrombus imaging with enhanced blood signal suppression,2019,2019-01-01,American Journal of Neuroradiology,Wang G.,10.3174/ajnr.A6212,2-s2.0-85073081547,SCOPUS_ID:85073081547,22,Article,
Spontaneous intracranial hypotension: A systematic imaging approach for CSF leak localization and management based on MRI and digital subtraction myelography,2019,2019-01-01,American Journal of Neuroradiology,Farb R.I.,10.3174/ajnr.A6016,2-s2.0-85064568668,SCOPUS_ID:85064568668,208,Article,
Diagnostic impact of intracranial vessel wall MRI in 205 patients with ischemic stroke or TIA,2019,2019-01-01,American Journal of Neuroradiology,Schaafsma J.D.,10.3174/ajnr.A6202,2-s2.0-85073090774,SCOPUS_ID:85073090774,35,Article,
Moving toward a consensus DSC-MRI protocol: Validation of a low-flip angle single-dose option as a reference standard for brain tumors,2019,2019-01-01,American Journal of Neuroradiology,Schmainda K.M.,10.3174/ajnr.A6015,2-s2.0-85064588009,SCOPUS_ID:85064588009,48,Article,
Methodologic concerns on the reported values for assessing permeability of the blood-brain barrier in the hippocampus,2019,2019-01-01,American Journal of Neuroradiology,Lim C.M.,10.3174/ajnr.A6228,2-s2.0-85076504363,SCOPUS_ID:85076504363,3,Letter,
Image processing to improve detection of mesial temporal sclerosis in adults,2019,2019-01-01,American Journal of Neuroradiology,Dahi F.,10.3174/ajnr.A6022,2-s2.0-85066163869,SCOPUS_ID:85066163869,4,Article,
Comparison of CBF measured with combined velocity-selective arterial spin-labeling and pulsed arterial spin-labeling to blood flow patterns assessed by conventional angiography in pediatric Moyamoya,2019,2019-01-01,American Journal of Neuroradiology,Bolar D.S.,10.3174/ajnr.A6262,2-s2.0-85074962976,SCOPUS_ID:85074962976,37,Article,
Flow-diversion treatment of unruptured saccular anterior communicating artery aneurysms: A systematic review and meta-analysis,2019,2019-01-01,American Journal of Neuroradiology,Cagnazzo F.,10.3174/ajnr.A5967,2-s2.0-85062957040,SCOPUS_ID:85062957040,24,Article,
Dynamic contrast-enhanced MRI to differentiate parotid neoplasms using golden-angle radial sparse parallel imaging,2019,2019-01-01,American Journal of Neuroradiology,Mogen J.L.,10.3174/ajnr.A6055,2-s2.0-85068198462,SCOPUS_ID:85068198462,19,Article,
Coil embolization in patients with recurrent cerebral aneurysms who previously underwent surgical clipping,2019,2019-01-01,American Journal of Neuroradiology,Kim S.T.,10.3174/ajnr.A5909,2-s2.0-85059881677,SCOPUS_ID:85059881677,10,Article,
Placement of a stent within a flow diverter improves aneurysm occlusion rates,2019,2019-01-01,American Journal of Neuroradiology,Ocal O.,10.3174/ajnr.A6237,2-s2.0-85074964756,SCOPUS_ID:85074964756,10,Article,
Molecular subtype classification in lower-grade glioma with accelerated DTI,2019,2019-01-01,American Journal of Neuroradiology,Aliotta E.,10.3174/ajnr.A6162,2-s2.0-85071783885,SCOPUS_ID:85071783885,28,Article,
Paranasal sinus CT is of variable value in patients with pediatric cancer with neutropenic fever,2019,2019-01-01,American Journal of Neuroradiology,Pfeifer C.M.,10.3174/ajnr.A6007,2-s2.0-85064538768,SCOPUS_ID:85064538768,2,Letter,
Reply,2019,2019-01-01,American Journal of Neuroradiology,Kadom N.,10.3174/ajnr.A6062,2-s2.0-85068196494,SCOPUS_ID:85068196494,0,Letter,
Toward better understanding of flow diversion in bifurcation aneurysms,2018,2018-12-01,American Journal of Neuroradiology,Shapiro M.,10.3174/ajnr.A5874,2-s2.0-85059286467,SCOPUS_ID:85059286467,16,Article,
MRI evidence of altered callosal sodium in mild traumatic brain injury,2018,2018-12-01,American Journal of Neuroradiology,Grover H.,10.3174/ajnr.A5903,2-s2.0-85059259241,SCOPUS_ID:85059259241,11,Article,
"Gadolinium and multiple sclerosis: Vessels, barriers of the brain, and glymphatics",2018,2018-12-01,American Journal of Neuroradiology,Saade C.,10.3174/ajnr.A5773,2-s2.0-85059291372,SCOPUS_ID:85059291372,34,Review,
Reply,2018,2018-12-01,American Journal of Neuroradiology,Chang P.D.,10.3174/ajnr.A5913,2-s2.0-85059248664,SCOPUS_ID:85059248664,1,Letter,
Transdural blood supply in cerebral arteriovenous malformations: A systematic evaluation of angioarchitecture,2018,2018-12-01,American Journal of Neuroradiology,Stein K.P.,10.3174/ajnr.A5881,2-s2.0-85059261201,SCOPUS_ID:85059261201,3,Article,
Reply,2018,2018-12-01,American Journal of Neuroradiology,Larsen N.,10.3174/ajnr.A5860,2-s2.0-85059248893,SCOPUS_ID:85059248893,0,Letter,
Depiction of the superior petrosal vein complex by 3D contrast-enhanced MR angiography,2018,2018-12-01,American Journal of Neuroradiology,Bender B.,10.3174/ajnr.A5864,2-s2.0-85059283982,SCOPUS_ID:85059283982,9,Article,
Interaction of developmental venous anomalies with resting-state functional MRI measures,2018,2018-12-01,American Journal of Neuroradiology,Sundermann B.,10.3174/ajnr.A5847,2-s2.0-85059284991,SCOPUS_ID:85059284991,5,Conference Paper,
Brain atrophy is associated with disability progression in patients with MS followed in a clinical routine,2018,2018-12-01,American Journal of Neuroradiology,Ghione E.,10.3174/ajnr.A5876,2-s2.0-85058765170,SCOPUS_ID:85058765170,42,Article,
Imaging and surgical findings in patients with hemi-laryngopharyngeal spasm and the potential role of MRI in the diagnostic work-up,2018,2018-12-01,American Journal of Neuroradiology,Avecillas-Chasin J.,10.3174/ajnr.A5851,2-s2.0-85059264345,SCOPUS_ID:85059264345,9,Article,
Cannulation of occluded inferior petrosal sinuses for the transvenous embolization of cavernous sinus dural arteriovenous fistulas: Usefulness of a frontier-wire probing technique,2018,2018-12-01,American Journal of Neuroradiology,Jia Z.,10.3174/ajnr.A5868,2-s2.0-85059256974,SCOPUS_ID:85059256974,23,Article,
The top 20 most prolific authors in the American journal of neuroradiology: What is their impact?,2018,2018-12-01,American Journal of Neuroradiology,Huntley J.,10.3174/ajnr.A5852,2-s2.0-85059276383,SCOPUS_ID:85059276383,2,Review,
Erratum: In vivo imaging of venous side cerebral small-vessel disease in older adults: An MRI method at 7T (American Journal of Neuroradiology (2017) 38 (1923-28) DOI: 10.3174/ajnr.A5327),2018,2018-12-01,American Journal of Neuroradiology,Shaaban C.E.,10.3174/ajnr.A5880,2-s2.0-85059273140,SCOPUS_ID:85059273140,0,Erratum,
Percutaneous radiofrequency ablation of spinal osteoid osteomas using a targeted navigational bipolar electrode system,2018,2018-12-01,American Journal of Neuroradiology,Tomasian A.,10.3174/ajnr.A5831,2-s2.0-85059269479,SCOPUS_ID:85059269479,7,Article,
Contralateral approach to coil embolization of proximal A1 aneurysms using the anterior communicating artery,2018,2018-12-01,American Journal of Neuroradiology,Kwon H.J.,10.3174/ajnr.A5875,2-s2.0-85059281200,SCOPUS_ID:85059281200,8,Article,
Reply,2018,2018-12-01,American Journal of Neuroradiology,Oh J.,10.3174/ajnr.A5850,2-s2.0-85059291737,SCOPUS_ID:85059291737,2,Letter,
Brain MR imaging findings in Woodhouse-Sakati syndrome,2018,2018-12-01,American Journal of Neuroradiology,Abusrair A.H.,10.3174/ajnr.A5879,2-s2.0-85059260009,SCOPUS_ID:85059260009,23,Article,
Critical assessment of myelography practices: A call for rational guideline revision,2018,2018-12-01,American Journal of Neuroradiology,Shah L.M.,10.3174/ajnr.A5867,2-s2.0-85059288648,SCOPUS_ID:85059288648,5,Article,
Diffusional kurtosis along the corticospinal tract in adult normal pressure hydrocephalus,2018,2018-12-01,American Journal of Neuroradiology,Ades-Aron B.,10.3174/ajnr.A5845,2-s2.0-85058758997,SCOPUS_ID:85058758997,7,Article,
Value of BRAF V600E in high-risk thyroid nodules with benign cytology results,2018,2018-12-01,American Journal of Neuroradiology,Chen X.,10.3174/ajnr.A5898,2-s2.0-85059284078,SCOPUS_ID:85059284078,16,Article,
Synthesizing a contrast-enhancement map in patients with high-grade gliomas based on a postcontrast MR imaging quantification only,2018,2018-12-01,American Journal of Neuroradiology,Warntjes M.,10.3174/ajnr.A5870,2-s2.0-85059251181,SCOPUS_ID:85059251181,10,Article,
Pipeline diameter significantly impacts the long-term fate of jailed side branches during treatment of intracranial aneurysms,2018,2018-12-01,American Journal of Neuroradiology,Miller T.R.,10.3174/ajnr.A5863,2-s2.0-85059252447,SCOPUS_ID:85059252447,16,Article,
Isolated internal auditory canal diverticula: A normal anatomic variant not associated with sensorineural hearing loss,2018,2018-12-01,American Journal of Neuroradiology,Mihal D.C.,10.3174/ajnr.A5862,2-s2.0-85059285808,SCOPUS_ID:85059285808,12,Article,
Differentiation of hemorrhage from iodine using spectral detector CT: A phantom study,2018,2018-12-01,American Journal of Neuroradiology,Van Hedent S.,10.3174/ajnr.A5872,2-s2.0-85059287993,SCOPUS_ID:85059287993,27,Article,
Retrospective review of otic capsule contour and thickness in patients with otosclerosis and individuals with normal hearing on CT,2018,2018-12-01,American Journal of Neuroradiology,Sanghan N.,10.3174/ajnr.A5892,2-s2.0-85058764376,SCOPUS_ID:85058764376,22,Article,
Towards reproducible results: Validating CT hemorrhage-detection algorithms on standard datasets,2018,2018-12-01,American Journal of Neuroradiology,Damodaran N.,10.3174/ajnr.A5849,2-s2.0-85059289544,SCOPUS_ID:85059289544,0,Letter,
Neuropsychiatric lupus with antibody-mediated striatal encephalitis,2018,2018-12-01,American Journal of Neuroradiology,Kelley B.P.,10.3174/ajnr.A5842,2-s2.0-85059280384,SCOPUS_ID:85059280384,16,Article,
Peeking into the black box of coregistration in clinical fMRI: Which registration methods are used and how well do they perform?,2018,2018-12-01,American Journal of Neuroradiology,Raslau F.D.,10.3174/ajnr.A5846,2-s2.0-85059271873,SCOPUS_ID:85059271873,0,Article,
"MRI, magnetoencephalography, and surgical outcome of oligodendrocytosis versus focal cortical dysplasia type I",2018,2018-12-01,American Journal of Neuroradiology,Mata-Mbemba D.,10.3174/ajnr.A5877,2-s2.0-85059251068,SCOPUS_ID:85059251068,12,Article,
Hypertension is associated with white matter disruption in apparently healthy middle-aged individuals,2018,2018-12-01,American Journal of Neuroradiology,Hannawi Y.,10.3174/ajnr.A5871,2-s2.0-85059280072,SCOPUS_ID:85059280072,32,Conference Paper,
Abnormal cerebral perfusion profile in older adults with HIV-associated neurocognitive disorder: Discriminative power of arterial spin-labeling,2018,2018-12-01,American Journal of Neuroradiology,Narvid J.,10.3174/ajnr.A5902,2-s2.0-85059249106,SCOPUS_ID:85059249106,12,Article,
Application of 3D T1 black-blood imaging in the diagnosis of leptomeningeal carcinomatosis: Potential pitfall of slow-flowing blood,2018,2018-12-01,American Journal of Neuroradiology,Nabavizadeh S.A.,10.3174/ajnr.A5832,2-s2.0-85059251825,SCOPUS_ID:85059251825,1,Letter,
Initial and long-term outcomes of complex bifurcation aneurysms treated by Y-stent-assisted coiling with low-profile braided stents,2018,2018-12-01,American Journal of Neuroradiology,Aydin K.,10.3174/ajnr.A5869,2-s2.0-85059262160,SCOPUS_ID:85059262160,21,Article,
Perspectives on neuroradiology medical expert testimony: Fact and fiction,2018,2018-12-01,American Journal of Neuroradiology,Yousem D.M.,10.3174/ajnr.A5779,2-s2.0-85059253228,SCOPUS_ID:85059253228,2,Review,
Vessel wall enhancement in treated unruptured aneurysms,2018,2018-12-01,American Journal of Neuroradiology,Corrêa D.,10.3174/ajnr.A5843,2-s2.0-85059285860,SCOPUS_ID:85059285860,1,Letter,
How to size intracranial aneurysms: A phantom study of invasive and noninvasive methods,2018,2018-12-01,American Journal of Neuroradiology,Behme D.,10.3174/ajnr.A5866,2-s2.0-85059262744,SCOPUS_ID:85059262744,7,Article,
Functional MRI as an objective measure of olfaction deficit in patients with traumatic anosmia,2018,2018-12-01,American Journal of Neuroradiology,Moon W.J.,10.3174/ajnr.A5873,2-s2.0-85059252400,SCOPUS_ID:85059252400,23,Article,
Natural history of endoscopic third ventriculostomy in adults: Serial evaluation with high-resolution CISS,2018,2018-12-01,American Journal of Neuroradiology,Trelles M.,10.3174/ajnr.A5861,2-s2.0-85059251910,SCOPUS_ID:85059251910,5,Article,
Does phase-contrast imaging through the cerebral aqueduct predict the outcome of lumbar CSF drainage or shunt surgery in patients with suspected adult hydrocephalus?,2018,2018-12-01,American Journal of Neuroradiology,Blitz A.M.,10.3174/ajnr.A5857,2-s2.0-85059276527,SCOPUS_ID:85059276527,21,Article,
MR imaging for differentiating contrast staining from hemorrhagic transformation after endovascular thrombectomy in acute ischemic stroke: Phantom and patient study,2018,2018-12-01,American Journal of Neuroradiology,You S.H.,10.3174/ajnr.A5848,2-s2.0-85059285370,SCOPUS_ID:85059285370,21,Article,
Shape features of the lesion habitat to differentiate brain tumor progression from pseudoprogression on routine multiparametric MRI: A multisite study,2018,2018-12-01,American Journal of Neuroradiology,Ismail M.,10.3174/ajnr.A5858,2-s2.0-85059271756,SCOPUS_ID:85059271756,91,Article,
Long-term ultrasound follow-up of incidentally detected thyroglossal duct cysts in adults,2018,2018-12-01,American Journal of Neuroradiology,Kim S.C.,10.3174/ajnr.A5882,2-s2.0-85059248601,SCOPUS_ID:85059248601,4,Article,
The central vein: FLAIR signal abnormalities associated with developmental venous anomalies in patients with multiple sclerosis,2018,2018-11-01,American Journal of Neuroradiology,Rogers D.M.,10.3174/ajnr.A5819,2-s2.0-85056645674,SCOPUS_ID:85056645674,13,Article,
Do all patients with multiple sclerosis benefit from the use of contrast on serial follow-Up MR imaging? a retrospective analysis,2018,2018-11-01,American Journal of Neuroradiology,Mattay R.R.,10.3174/ajnr.A5828,2-s2.0-85056652957,SCOPUS_ID:85056652957,22,Article,
Methodologic issues on interrater reliability regarding structural and DTI-based corticospinal tract asymmetry,2018,2018-11-01,American Journal of Neuroradiology,Jalalvandi F.,10.3174/ajnr.A5799,2-s2.0-85056617704,SCOPUS_ID:85056617704,0,Letter,
Detection of leukocortical lesions in multiple sclerosis and their association with physical and cognitive impairment: A comparison of conventional and synthetic phase-sensitive inversion recovery mri,2018,2018-11-01,American Journal of Neuroradiology,Forslin Y.,10.3174/ajnr.A5815,2-s2.0-85056635444,SCOPUS_ID:85056635444,19,Article,
Engorgement of deep medullary veins in neurosarcoidosis: A common-yet-underrecognized cerebrovascular finding on SWI,2018,2018-11-01,American Journal of Neuroradiology,Zamora C.,10.3174/ajnr.A5783,2-s2.0-85056661960,SCOPUS_ID:85056661960,26,Article,
MR Venous flow in sigmoid sinus diverticulum,2018,2018-11-01,American Journal of Neuroradiology,Amans M.R.,10.3174/ajnr.A5833,2-s2.0-85056612349,SCOPUS_ID:85056612349,51,Article,
MRI findings suggestive of herpes simplex encephalitis in patients with anti-NMDA receptor encephalitis,2018,2018-11-01,American Journal of Neuroradiology,Scheel M.,10.3174/ajnr.A5788,2-s2.0-85056656149,SCOPUS_ID:85056656149,2,Letter,
Neuroimaging findings of zika virus-associated neurologic complications in adults,2018,2018-11-01,American Journal of Neuroradiology,Da Cruz L.C.H.,10.3174/ajnr.A5649,2-s2.0-85056640861,SCOPUS_ID:85056640861,32,Review,
Spinal coccidioidomycosis: MR imaging findings in 41 patients,2018,2018-11-01,American Journal of Neuroradiology,Crete R.N.,10.3174/ajnr.A5818,2-s2.0-85056636985,SCOPUS_ID:85056636985,24,Conference Paper,
Subtraction CTA: An alternative imaging option for the follow-up of flow-diverter-treated aneurysms?,2018,2018-11-01,American Journal of Neuroradiology,Conde M.P.D.,10.3174/ajnr.A5817,2-s2.0-85056614826,SCOPUS_ID:85056614826,10,Article,
Optimization of acquisition and analysis methods for clinical dynamic susceptibility contrast MRI using a population-based digital reference object,2018,2018-11-01,American Journal of Neuroradiology,Semmineh N.B.,10.3174/ajnr.A5827,2-s2.0-85056632144,SCOPUS_ID:85056632144,36,Article,
Reply,2018,2018-11-01,American Journal of Neuroradiology,Zhang T.,10.3174/ajnr.A5800,2-s2.0-85056628662,SCOPUS_ID:85056628662,1,Letter,
Flow-diversion effect of LEO stents: Aneurysm occlusion and flow remodeling of covered side branches and perforators,2018,2018-11-01,American Journal of Neuroradiology,Cagnazzo F.,10.3174/ajnr.A5803,2-s2.0-85056662060,SCOPUS_ID:85056662060,26,Article,
"MR neurography of the lumbosacral plexus for lower extremity radiculopathy: Frequency of findings, characteristics of abnormal intraneural signal, and correlation with electromyography",2018,2018-11-01,American Journal of Neuroradiology,Chazen J.L.,10.3174/ajnr.A5797,2-s2.0-85056645653,SCOPUS_ID:85056645653,15,Article,
Outcomes of stent retriever versus aspiration-first thrombectomy in ischemic stroke: A systematic review and meta-analysis,2018,2018-11-01,American Journal of Neuroradiology,Tsang C.O.A.,10.3174/ajnr.A5825,2-s2.0-85056622758,SCOPUS_ID:85056622758,69,Review,
Spinal epidural arteriovenous fistula with perimedullary venous reflux: Clinical and neuroradiologic features of an underestimated vascular disorder,2018,2018-11-01,American Journal of Neuroradiology,Mull M.,10.3174/ajnr.A5854,2-s2.0-85056656026,SCOPUS_ID:85056656026,19,Article,
The woven endo bridge finally coming home across the atlantic: What to expect?,2018,2018-11-01,American Journal of Neuroradiology,Van Rooij W.J.,10.3174/ajnr.A5798,2-s2.0-85056638348,SCOPUS_ID:85056638348,9,Review,
"Comment on ""blood flow mimicking aneurysmal wall enhancement: A diagnostic pitfall of vessel wall MRI using the postcontrast 3d turbo spin-echo MR imaging sequence""",2018,2018-11-01,American Journal of Neuroradiology,Edjlali M.,10.3174/ajnr.A5777,2-s2.0-85056632122,SCOPUS_ID:85056632122,1,Letter,
Corticopallidal connectome of the globus pallidus externus in humans: An exploratory study of structural connectivity using probabilistic diffusion tractography,2018,2018-11-01,American Journal of Neuroradiology,Grewal S.,10.3174/ajnr.A5816,2-s2.0-85056633898,SCOPUS_ID:85056633898,20,Article,
Treatment of intracranial aneurysms with self-expandable braided stents: A systematic review and meta-analysis,2018,2018-11-01,American Journal of Neuroradiology,Cagnazzo F.,10.3174/ajnr.A5804,2-s2.0-85056645598,SCOPUS_ID:85056645598,35,Review,
Prospective multicenter study of changes in MTT after aneurysmal SAH and relationship to delayed cerebral ischemia in patients with good- and poor-grade admission status,2018,2018-11-01,American Journal of Neuroradiology,Murphy A.,10.3174/ajnr.A5844,2-s2.0-85056651006,SCOPUS_ID:85056651006,11,Article,
Standards of practice in acute ischemic stroke intervention: International recommendations,2018,2018-11-01,American Journal of Neuroradiology,Pierot L.,10.3174/ajnr.A5853,2-s2.0-85056638021,SCOPUS_ID:85056638021,25,Article,
Usefulness of vessel wall mr imaging for follow-up after stent-assisted coil embolization of intracranial aneurysms,2018,2018-11-01,American Journal of Neuroradiology,Kim S.,10.3174/ajnr.A5824,2-s2.0-85056656725,SCOPUS_ID:85056656725,9,Article,
Characteristics of MR neuroimaging services billed by radiologists versus nonradiologists,2018,2018-11-01,American Journal of Neuroradiology,Sharp P.E.,10.3174/ajnr.A5807,2-s2.0-85056633644,SCOPUS_ID:85056633644,1,Conference Paper,
Reply,2018,2018-11-01,American Journal of Neuroradiology,Foesleitner O.,10.3174/ajnr.A5822,2-s2.0-85056621353,SCOPUS_ID:85056621353,0,Letter,
MR imaging in menière disease: Is the contact between the vestibular endolymphatic space and the oval window a reliable biomarker?,2018,2018-11-01,American Journal of Neuroradiology,Conte G.,10.3174/ajnr.A5841,2-s2.0-85055884065,SCOPUS_ID:85055884065,28,Article,
Cerebral blood flow and marrow diffusion alterations in children with sickle cell anemia after bone marrow transplantation and transfusion,2018,2018-11-01,American Journal of Neuroradiology,Whitehead M.T.,10.3174/ajnr.A5830,2-s2.0-85056673321,SCOPUS_ID:85056673321,11,Article,
Fluoroscopically guided facet injections: Comparison of intra-articular and periarticular steroid and anesthetic injection on immediate and short-term pain relief,2018,2018-11-01,American Journal of Neuroradiology,Kershen L.M.,10.3174/ajnr.A5805,2-s2.0-85056617110,SCOPUS_ID:85056617110,12,Conference Paper,
Facial venous malformations are associated with cerebral developmental venous anomalies,2018,2018-11-01,American Journal of Neuroradiology,Brinjikji W.,10.3174/ajnr.A5811,2-s2.0-85056617738,SCOPUS_ID:85056617738,18,Article,
Vessel wall MRI for targeting biopsies of intracranial vasculitis,2018,2018-11-01,American Journal of Neuroradiology,Zeiler S.R.,10.3174/ajnr.A5801,2-s2.0-85056650655,SCOPUS_ID:85056650655,56,Article,
Reply,2018,2018-11-01,American Journal of Neuroradiology,Hodel J.,10.3174/ajnr.A5789,2-s2.0-85056662270,SCOPUS_ID:85056662270,0,Letter,
Systematic assessment of multispectral voxel-based morphometry in previously MRI-negative focal epilepsy,2018,2018-11-01,American Journal of Neuroradiology,Kotikalapudi R.,10.3174/ajnr.a5809,2-s2.0-85056650710,SCOPUS_ID:85056650710,21,Article,
Does the presence or absence of DESH predict outcomes in adult hydrocephalus?,2018,2018-11-01,American Journal of Neuroradiology,Ahmed A.K.,10.3174/ajnr.A5820,2-s2.0-85056620247,SCOPUS_ID:85056620247,27,Article,
Aberrant structural brain connectivity in adolescents with attentional problems who were born prematurely,2018,2018-11-01,American Journal of Neuroradiology,Tymofiyeva O.,10.3174/ajnr.A5834,2-s2.0-85056643004,SCOPUS_ID:85056643004,4,Article,
Impact of ischemic lesion location on the MRS score in patients with ischemic stroke: A voxel-based approach,2018,2018-11-01,American Journal of Neuroradiology,Ernst M.,10.3174/ajnr.A5821,2-s2.0-85056665921,SCOPUS_ID:85056665921,39,Article,
Low wall shear stress is associated with local aneurysm wall enhancement on high-resolution MR vessel wall imaging,2018,2018-11-01,American Journal of Neuroradiology,Xiao W.,10.3174/ajnr.A5806,2-s2.0-85056663520,SCOPUS_ID:85056663520,44,Article,
Expanding the distinctive neuroimaging phenotype of ACTA2 mutations,2018,2018-11-01,American Journal of Neuroradiology,D'Arco F.,10.3174/ajnr.A5823,2-s2.0-85056651423,SCOPUS_ID:85056651423,32,Article,
Balloon-guide catheters are needed for effective flow reversal during mechanical thrombectomy,2018,2018-11-01,American Journal of Neuroradiology,Nikoubashman O.,10.3174/ajnr.A5829,2-s2.0-85056616203,SCOPUS_ID:85056616203,39,Article,
Hemodynamic impairment measured by positron-emission tomography is regionally associated with decreased cortical thickness in moyamoya phenomenon,2018,2018-11-01,American Journal of Neuroradiology,Lee J.J.,10.3174/ajnr.A5812,2-s2.0-85056625922,SCOPUS_ID:85056625922,10,Article,
Reply,2018,2018-10-01,American Journal of Neuroradiology,Chandra R.V.,10.3174/ajnr.A5781,2-s2.0-85054562513,SCOPUS_ID:85054562513,0,Letter,
Vertebroplasty: Expectation or evidence-based interventional radiology?,2018,2018-10-01,American Journal of Neuroradiology,Braillon A.,10.3174/ajnr.A5762,2-s2.0-85054593340,SCOPUS_ID:85054593340,1,Letter,
Quantification of blood velocity with 4d digital subtraction angiography using the shifted least-squares method,2018,2018-10-01,American Journal of Neuroradiology,Wu Y.,10.3174/ajnr.A5793,2-s2.0-85054590694,SCOPUS_ID:85054590694,26,Article,
Longitudinal findings of MRI and PET in west syndrome with subtle focal cortical dysplasia,2018,2018-10-01,American Journal of Neuroradiology,Sakaguchi Y.,10.3174/ajnr.A5772,2-s2.0-85054597280,SCOPUS_ID:85054597280,17,Article,
Deep learning in neuroradiology,2018,2018-10-01,American Journal of Neuroradiology,Zaharchuk G.,10.3174/ajnr.A5543,2-s2.0-85054361567,SCOPUS_ID:85054361567,274,Review,
Reply,2018,2018-10-01,American Journal of Neuroradiology,Tawfik A.M.,10.3174/ajnr.A5778,2-s2.0-85054559649,SCOPUS_ID:85054559649,0,Letter,
Near-term decrease in brain volume following mild traumatic injury is detectible in the context of preinjury volumetric stability: Neurobiologic insights from analysis of historical imaging examinations,2018,2018-10-01,American Journal of Neuroradiology,Goldman-Yassen A.,10.3174/ajnr.A5769,2-s2.0-85054590846,SCOPUS_ID:85054590846,4,Conference Paper,
Clinical evaluation of highly accelerated compressed sensing time-of-flight MR angiography for intracranial arterial stenosis,2018,2018-10-01,American Journal of Neuroradiology,Lu S.S.,10.3174/ajnr.A5786,2-s2.0-85054596356,SCOPUS_ID:85054596356,29,Article,
Multiple brain developmental venous anomalies as a marker for constitutional mismatch repair deficiency syndrome,2018,2018-10-01,American Journal of Neuroradiology,Shiran S.I.,10.3174/ajnr.A5766,2-s2.0-85054590987,SCOPUS_ID:85054590987,34,Conference Paper,
MR imaging of the facial nerve through the temporal bone at 3t with a noncontrast ultrashort echo time sequence,2018,2018-10-01,American Journal of Neuroradiology,Guenette J.P.,10.3174/ajnr.A5754,2-s2.0-85054572652,SCOPUS_ID:85054572652,18,Article,
Apparent diffusion coefficient levels and neurodevelopmental outcome in fetuses with brain MR imaging white matter hyperintense signal,2018,2018-10-01,American Journal of Neuroradiology,Katorza E.,10.3174/ajnr.A5802,2-s2.0-85054574175,SCOPUS_ID:85054574175,17,Article,
"Comparison of Advanced Imaging Resources, Radiology workforce, and payment methodologies between the United States and Canada",2018,2018-10-01,American Journal of Neuroradiology,Valand H.A.,10.3174/ajnr.A5755,2-s2.0-85054557806,SCOPUS_ID:85054557806,4,Review,
Thrombus permeability on dynamic CTA predicts good outcome after reperfusion therapy,2018,2018-10-01,American Journal of Neuroradiology,Chen Z.,10.3174/ajnr.A5785,2-s2.0-85054597257,SCOPUS_ID:85054597257,24,Article,
Clinical value of hybrid TOF-PET/MR imaging-based multiparametric imaging in localizing seizure focus in patients with MRI-negative temporal lobe epilepsy,2018,2018-10-01,American Journal of Neuroradiology,Shang K.,10.3174/ajnr.A5814,2-s2.0-85054572033,SCOPUS_ID:85054572033,46,Article,
CT versus MR imaging in estimating cochlear radiation dose during gamma knife surgery for vestibular schwannomas,2018,2018-10-01,American Journal of Neuroradiology,Faramand A.M.,10.3174/ajnr.A5808,2-s2.0-85054590231,SCOPUS_ID:85054590231,3,Article,
Spinal instrumentation rescue with cement augmentation,2018,2018-10-01,American Journal of Neuroradiology,Cianfoni A.,10.3174/ajnr.A5795,2-s2.0-85054559627,SCOPUS_ID:85054559627,10,Article,
Quality-control assessment to improve the accuracy of dynamic contrast-enhanced MR imaging perfusion,2018,2018-10-01,American Journal of Neuroradiology,Lecler A.,10.3174/ajnr.A5787,2-s2.0-85054579326,SCOPUS_ID:85054579326,0,Letter,
Spinal imaging findings of open spinal dysraphisms on fetal and postnatal MRI,2018,2018-10-01,American Journal of Neuroradiology,Nagaraj U.D.,10.3174/ajnr.A5760,2-s2.0-85054562471,SCOPUS_ID:85054562471,25,Conference Paper,
Multidelay arterial spin-labeling MRI in neonates and infants: Cerebral perfusion changes during brain maturation,2018,2018-10-01,American Journal of Neuroradiology,Kim H.G.,10.3174/ajnr.A5774,2-s2.0-85054560243,SCOPUS_ID:85054560243,26,Article,
Imaging of clival hypoplasia in CHARGE syndrome and hypothesis for development: A case-control study,2018,2018-10-01,American Journal of Neuroradiology,De Geus C.,10.3174/ajnr.A5810,2-s2.0-85054591366,SCOPUS_ID:85054591366,9,Article,
"Radiologic-pathologic correlation of tumor thickness and its prognostic importance in squamous cell carcinoma of the oral cavity: Implications for the eighth edition tumor, node, metastasis classification",2018,2018-10-01,American Journal of Neuroradiology,Weimar E.A.M.,10.3174/ajnr.A5782,2-s2.0-85054571589,SCOPUS_ID:85054571589,50,Article,
The diagnostic value of diffusion-weighted imaging in differentiating metastatic lymph nodes of head and neck squamous cell carcinoma: A systematic review and meta-analysis,2018,2018-10-01,American Journal of Neuroradiology,Suh C.H.,10.3174/ajnr.A5813,2-s2.0-85054563719,SCOPUS_ID:85054563719,35,Article,
Longitudinal persistence of meningeal enhancement on postcontrast 7T 3D-FLAIR MRI in multiple sclerosis,2018,2018-10-01,American Journal of Neuroradiology,Jonas S.N.,10.3174/ajnr.A5796,2-s2.0-85054595829,SCOPUS_ID:85054595829,36,Article,
Cerebrovascular reactivity during prolonged breath-hold in experienced freedivers,2018,2018-10-01,American Journal of Neuroradiology,Keil V.C.,10.3174/ajnr.A5790,2-s2.0-85054593657,SCOPUS_ID:85054593657,13,Article,
Predicting genotype and survival in glioma using standard clinical MR imaging apparent diffusion coefficient images: A pilot study from the cancer genome atlas,2018,2018-10-01,American Journal of Neuroradiology,Wu C.C.,10.3174/ajnr.A5794,2-s2.0-85054566053,SCOPUS_ID:85054566053,68,Article,
3D black-blood luminal angiography derived from high-resolution MR vessel wall imaging in detecting MCA stenosis: A preliminary study,2018,2018-10-01,American Journal of Neuroradiology,Bai X.,10.3174/ajnr.A5770,2-s2.0-85054593022,SCOPUS_ID:85054593022,18,Article,
Reply,2018,2018-10-01,American Journal of Neuroradiology,Karimi S.,10.3174/ajnr.A5826,2-s2.0-85054594333,SCOPUS_ID:85054594333,0,Letter,
"Comment on ""common origin of brachiocephalic and left common carotid arteries: Proposal of new terminology""",2018,2018-10-01,American Journal of Neuroradiology,Rajagopal R.,10.3174/ajnr.A5761,2-s2.0-85054586462,SCOPUS_ID:85054586462,1,Letter,
Reasons for reperfusion failures in stent-retriever-based thrombectomy: Registry analysis and proposal of a classification system,2018,2018-10-01,American Journal of Neuroradiology,Kaesmacher J.,10.3174/ajnr.A5759,2-s2.0-85054560195,SCOPUS_ID:85054560195,89,Article,
Correlation between human papillomavirus status and quantitative MR imaging parameters including diffusion-weighted imaging and texture features in oropharyngeal carcinoma,2018,2018-10-01,American Journal of Neuroradiology,Ravanelli M.,10.3174/ajnr.A5792,2-s2.0-85054580071,SCOPUS_ID:85054580071,52,Article,
Identification of hostile hemodynamics and geometries of cerebral aneurysms: A case-control study,2018,2018-10-01,American Journal of Neuroradiology,Chung B.J.,10.3174/ajnr.A5764,2-s2.0-85054571703,SCOPUS_ID:85054571703,45,Article,
Integrating 3D rotational angiography into gamma knife planning,2018,2018-10-01,American Journal of Neuroradiology,Hasegawa H.,10.3174/ajnr.A5763,2-s2.0-85054564409,SCOPUS_ID:85054564409,5,Article,
Dilated vein of the filum terminale on MRI: A marker for deep lumbar and sacral dural and epidural arteriovenous fistulas,2018,2018-10-01,American Journal of Neuroradiology,Brinjikji W.,10.3174/ajnr.A5784,2-s2.0-85054587226,SCOPUS_ID:85054587226,14,Article,
Negative predictive value of NI-RADS category 2 in the first posttreatment FDG-PET/CT in head and neck squamous cell carcinoma,2018,2018-10-01,American Journal of Neuroradiology,Wangaryattawanich P.,10.3174/ajnr.A5767,2-s2.0-85054590484,SCOPUS_ID:85054590484,30,Conference Paper,
The impact of persistent leukoencephalopathy on brain white matter microstructure in long-term survivors of acute lymphoblastic leukemia treated with chemotherapy only,2018,2018-10-01,American Journal of Neuroradiology,Sabin N.D.,10.3174/ajnr.A5791,2-s2.0-85054596215,SCOPUS_ID:85054596215,26,Article,
Automated integration of multimodal MRI for the probabilistic detection of the central vein sign in white matter lesions,2018,2018-10-01,American Journal of Neuroradiology,Dworkin J.D.,10.3174/ajnr.A5765,2-s2.0-85054601944,SCOPUS_ID:85054601944,41,Article,
Toward a better understanding of dural arteriovenous fistula angioarchitecture: Superselective transvenous embolization of a sigmoid common arterial collector,2018,2018-09-01,American Journal of Neuroradiology,Shapiro M.,10.3174/ajnr.A5740,2-s2.0-85053043983,SCOPUS_ID:85053043983,21,Article,
Gadolinium deposition within the pediatric brain: No increased intrinsic T1-weighted signal intensity within the dentate nucleus following the administration of a minimum of 4 doses of the macrocyclic agent gadoteridol,2018,2018-09-01,American Journal of Neuroradiology,Young J.R.,10.3174/ajnr.A5748,2-s2.0-85053060020,SCOPUS_ID:85053060020,17,Article,
Feasibility of a synthetic MR imaging sequence for spine imaging,2018,2018-09-01,American Journal of Neuroradiology,Vargas M.I.,10.3174/ajnr.A5728,2-s2.0-85053052047,SCOPUS_ID:85053052047,29,Article,
Adjunctive efficacy of intra-arterial conebeam CT angiography relative to DSA in the diagnosis and surgical planning of micro-arteriovenous malformations,2018,2018-09-01,American Journal of Neuroradiology,Al-Smadi A.,10.3174/ajnr.A5745,2-s2.0-85053053514,SCOPUS_ID:85053053514,7,Article,
"Blunt cerebrovascular injuries: Advances in screening, imaging, and management trends",2018,2018-09-01,American Journal of Neuroradiology,Malhotra A.,10.3174/ajnr.A5733,2-s2.0-85053053619,SCOPUS_ID:85053053619,11,Letter,
Contrast-enhanced CISS imaging for evaluation of neurovascular compression in trigeminal neuralgia: Improved correlation with symptoms and prediction of surgical outcomes,2018,2018-09-01,American Journal of Neuroradiology,Blitz A.M.,10.3174/ajnr.A5743,2-s2.0-85053029985,SCOPUS_ID:85053029985,26,Conference Paper,
Value of contrast-enhanced MRA versus time-of-flight MRA in acute ischemic stroke MRI,2018,2018-09-01,American Journal of Neuroradiology,Boujan T.,10.3174/ajnr.A5771,2-s2.0-85053048448,SCOPUS_ID:85053048448,56,Article,
Hybrid 3D/2D convolutional neural network for hemorrhage evaluation on head CT,2018,2018-09-01,American Journal of Neuroradiology,Chang P.D.,10.3174/ajnr.A5742,2-s2.0-85053057237,SCOPUS_ID:85053057237,243,Article,
Breath-hold blood oxygen level-dependent MRI: A tool for the assessment of cerebrovascular reserve in children with moyamoya disease,2018,2018-09-01,American Journal of Neuroradiology,Dlamini N.,10.3174/ajnr.A5739,2-s2.0-85053025276,SCOPUS_ID:85053025276,42,Article,
Acutely ruptured intracranial aneurysms treated with flow-diverter stents: A systematic review and meta-analysis,2018,2018-09-01,American Journal of Neuroradiology,Cagnazzo F.,10.3174/ajnr.A5730,2-s2.0-85053036615,SCOPUS_ID:85053036615,170,Article,
Reply,2018,2018-09-01,American Journal of Neuroradiology,Sugiyama A.,10.3174/ajnr.A5757,2-s2.0-85053026336,SCOPUS_ID:85053026336,4,Letter,
Association between type 1 modic changes and propionibacterium acnes infection in the cervical spine: An observational study,2018,2018-09-01,American Journal of Neuroradiology,Georgy M.M.,10.3174/ajnr.A5741,2-s2.0-85053057070,SCOPUS_ID:85053057070,24,Conference Paper,
Intracranial serpentine aneurysms: Spontaneous changes of angiographic filling pattern,2018,2018-09-01,American Journal of Neuroradiology,Kandemirli S.G.,10.3174/ajnr.A5746,2-s2.0-85053069849,SCOPUS_ID:85053069849,15,Article,
Five-year longitudinal study of neck vessel cross-sectional area in multiple sclerosis,2018,2018-09-01,American Journal of Neuroradiology,Pelizzari L.,10.3174/ajnr.A5738,2-s2.0-85053038481,SCOPUS_ID:85053038481,14,Article,
MR imaging features of adult-onset neuronal intranuclear inclusion disease may be indistinguishable from fragile X-associated tremor/ataxia syndrome,2018,2018-09-01,American Journal of Neuroradiology,Padilha I.G.,10.3174/ajnr.A5729,2-s2.0-85053070528,SCOPUS_ID:85053070528,27,Letter,
Investigation of a new version of the liquid embolic agent PHIL with extra-low-viscosity in an endovascular embolization model,2018,2018-09-01,American Journal of Neuroradiology,Vollherbst D.,10.3174/ajnr.A5750,2-s2.0-85053071177,SCOPUS_ID:85053071177,23,Article,
Pseudo-leptomeningeal contrast enhancement at 3T in pediatric patients sedated by propofol,2018,2018-09-01,American Journal of Neuroradiology,McKinney A.M.,10.3174/ajnr.A5736,2-s2.0-85053067737,SCOPUS_ID:85053067737,4,Article,
MR thermography-guided head and neck lesion laser ablation,2018,2018-09-01,American Journal of Neuroradiology,Ginat D.T.,10.3174/ajnr.A5726,2-s2.0-85053053655,SCOPUS_ID:85053053655,7,Article,
Time course of cerebral perfusion changes in children with migraine with aura mimicking stroke,2018,2018-09-01,American Journal of Neuroradiology,Cobb-Pitstick K.M.,10.3174/ajnr.A5693,2-s2.0-85053032757,SCOPUS_ID:85053032757,30,Article,
Reply,2018,2018-09-01,American Journal of Neuroradiology,Nagpal P.,10.3174/ajnr.A5758,2-s2.0-85053037074,SCOPUS_ID:85053037074,0,Letter,
Reply,2018,2018-09-01,American Journal of Neuroradiology,Nagpal P.,10.3174/ajnr.A5758,2-s2.0-85053037074,SCOPUS_ID:85053037074,0,Letter,
Comparison of a photon-counting-detector CT with an energy-integrating-detector CT for temporal bone imaging: A cadaveric study,2018,2018-09-01,American Journal of Neuroradiology,Zhou W.,10.3174/ajnr.A5768,2-s2.0-85053063958,SCOPUS_ID:85053063958,114,Article,
"Evaluation of thick-slab overlapping MIP images of contrast-enhanced 3D T1-weighted CUBE for detection of intracranial metastases: A pilot study for comparison of lesion detection, interpretation time, and sensitivity with nonoverlapping CUBE MIP, CUBE, and inversion-recovery-prepared fast-spoiled gradient recalled brain volume",2018,2018-09-01,American Journal of Neuroradiology,Yoon B.C.,10.3174/ajnr.A5747,2-s2.0-85053041209,SCOPUS_ID:85053041209,15,Conference Paper,
Simultaneous bipedicular radiofrequency ablation combined with vertebral augmentation for local tumor control of spinal metastases,2018,2018-09-01,American Journal of Neuroradiology,Tomasian A.,10.3174/ajnr.A5752,2-s2.0-85053072150,SCOPUS_ID:85053072150,49,Article,
Adult-onset leukoencephalopathy with axonal spheroids and pigmented glia: An MRI study of 16 French cases,2018,2018-09-01,American Journal of Neuroradiology,Codjia P.,10.3174/ajnr.A5744,2-s2.0-85053060567,SCOPUS_ID:85053060567,41,Article,
"Feasibility, safety, and periprocedural complications associated with endovascular treatment of ruptured intracranial aneurysms according to the depth of anesthesia",2018,2018-09-01,American Journal of Neuroradiology,Song J.,10.3174/ajnr.A5753,2-s2.0-85053045928,SCOPUS_ID:85053045928,9,Article,
Gadolinium deposition in deep brain structures: Relationship with dose and ionization of linear gadolinium-based contrast agents,2018,2018-09-01,American Journal of Neuroradiology,Kang H.,10.3174/ajnr.A5751,2-s2.0-85053058656,SCOPUS_ID:85053058656,22,Conference Paper,
"Longitudinal microstructural changes in traumatic brain injury in rats: A diffusional kurtosis imaging, histology, and behavior study",2018,2018-09-01,American Journal of Neuroradiology,Wang M.L.,10.3174/ajnr.A5737,2-s2.0-85053036003,SCOPUS_ID:85053036003,19,Article,
Brachial plexus ultrasound and MRI in children with brachial plexus birth injury,2018,2018-09-01,American Journal of Neuroradiology,Gunes A.,10.3174/ajnr.A5749,2-s2.0-85053063768,SCOPUS_ID:85053063768,28,Article,
Review of the imaging features of benign osteoporotic and malignant vertebral compression fractures,2018,2018-09-01,American Journal of Neuroradiology,Mauch J.T.,10.3174/ajnr.A5528,2-s2.0-85053069437,SCOPUS_ID:85053069437,108,Review,
MRI findings in tumefactive demyelinating lesions: A systematic review and meta-analysis,2018,2018-09-01,American Journal of Neuroradiology,Suh C.H.,10.3174/ajnr.A5775,2-s2.0-85053032377,SCOPUS_ID:85053032377,60,Review,
Prognostic value of the metabolic and volumetric parameters of11C-methionine positron-emission tomography for gliomas: A systematic review and meta-analysis,2018,2018-09-01,American Journal of Neuroradiology,Kim Y.I.,10.3174/ajnr.A5707,2-s2.0-85053025761,SCOPUS_ID:85053025761,14,Review,
Quantitative MRI of perivascular spaces at 3T for early diagnosis of mild cognitive impairment,2018,2018-09-01,American Journal of Neuroradiology,Niazi M.,10.3174/ajnr.A5734,2-s2.0-85053066352,SCOPUS_ID:85053066352,43,Article,
Reversible dilation of the superior ophthalmic vein in intubated patients,2018,2018-08-01,American Journal of Neuroradiology,Nabavizadeh S.A.,10.3174/ajnr.A5699,2-s2.0-85051420114,SCOPUS_ID:85051420114,10,Article,
Neurodevelopmental correlates of fetal motor behavior assessed using cine MR imaging,2018,2018-08-01,American Journal of Neuroradiology,Hayat T.T.A.,10.3174/ajnr.A5694,2-s2.0-85049838862,SCOPUS_ID:85049838862,12,Article,
Arterial spin-labeling in children with brain tumor: A meta-analysis,2018,2018-08-01,American Journal of Neuroradiology,Delgado A.F.,10.3174/ajnr.A5727,2-s2.0-85051441753,SCOPUS_ID:85051441753,24,Article,
"Primary angioplasty without stenting for symptomatic, high-grade intracranial stenosis with poor circulation",2018,2018-08-01,American Journal of Neuroradiology,Wang Y.,10.3174/ajnr.A5708,2-s2.0-85051420852,SCOPUS_ID:85051420852,19,Article,
The bone does not predict the brain in sturge-weber syndrome,2018,2018-08-01,American Journal of Neuroradiology,Warne R.R.,10.3174/ajnr.A5722,2-s2.0-85051437090,SCOPUS_ID:85051437090,10,Article,
Assessing corticospinal tract asymmetry in unilateral polymicrogyria,2018,2018-08-01,American Journal of Neuroradiology,Foesleitner O.,10.3174/ajnr.A5715,2-s2.0-85051420135,SCOPUS_ID:85051420135,8,Article,
Thalamocortical connections and executive function in pediatric temporal and frontal lobe epilepsy,2018,2018-08-01,American Journal of Neuroradiology,Law N.,10.3174/ajnr.A5691,2-s2.0-85051420581,SCOPUS_ID:85051420581,30,Article,
Comparative study of MRI biomarkers in the substantia nigra to discriminate idiopathic Parkinson disease,2018,2018-08-01,American Journal of Neuroradiology,Pyatigorskaya N.,10.3174/ajnr.A5702,2-s2.0-85051416033,SCOPUS_ID:85051416033,83,Article,
Reply,2018,2018-08-01,American Journal of Neuroradiology,Kuno H.,10.3174/ajnr.A5756,2-s2.0-85051438448,SCOPUS_ID:85051438448,0,Letter,
Preoperative mapping of the supplementary motor area in patients with brain tumor using resting-state fMRI with seed-based analysis,2018,2018-08-01,American Journal of Neuroradiology,Wongsripuemtet J.,10.3174/ajnr.A5709,2-s2.0-85051433580,SCOPUS_ID:85051433580,22,Article,
Think a-head campaign of image gently: Shared decision-making in pediatric head trauma,2018,2018-08-01,American Journal of Neuroradiology,Kadom N.,10.3174/ajnr.A5718,2-s2.0-85051421091,SCOPUS_ID:85051421091,7,Review,
Regarding: ⇜localized marked elongation of the distal internal carotid artery with or without PHACE syndrome: Segmental dolichoectasia of the distal internal carotid artery”,2018,2018-08-01,American Journal of Neuroradiology,Brinjikji W.,10.3174/ajnr.A5686,2-s2.0-85051415860,SCOPUS_ID:85051415860,4,Letter,
Radiation-induced myelitis: Initial and follow-up MRI and clinical features in patients at a single tertiary care institution during 20 years,2018,2018-08-01,American Journal of Neuroradiology,Khan M.,10.3174/ajnr.A5671,2-s2.0-85051445630,SCOPUS_ID:85051445630,50,Article,
Added value of spectroscopy to perfusion MRI in the differential diagnostic performance of common malignant brain tumors,2018,2018-08-01,American Journal of Neuroradiology,Vallée A.,10.3174/ajnr.A5725,2-s2.0-85051417213,SCOPUS_ID:85051417213,21,Article,
Contextual radiology reporting: A new approach to neuroradiology structured templates,2018,2018-08-01,American Journal of Neuroradiology,Mamlouk M.D.,10.3174/ajnr.A5697,2-s2.0-85051437902,SCOPUS_ID:85051437902,44,Review,
Medullary edema and enhancement with a straight upper border in cases of dural arteriovenous fistulas,2018,2018-08-01,American Journal of Neuroradiology,Byrne D.,10.3174/ajnr.A5681,2-s2.0-85051434955,SCOPUS_ID:85051434955,0,Letter,
Zonally magnified oblique multislice and non-zonally magnified oblique multislice DWI of the cervical spinal cord,2018,2018-08-01,American Journal of Neuroradiology,Alizadeh M.,10.3174/ajnr.A5703,2-s2.0-85051426471,SCOPUS_ID:85051426471,11,Article,
Another important pitfall in the diagnosis of dural sinus thrombosis in neonates,2018,2018-08-01,American Journal of Neuroradiology,Hakim A.,10.3174/ajnr.A5674,2-s2.0-85051415379,SCOPUS_ID:85051415379,1,Letter,
Prognostic implications of gadolinium enhancement of skull base chordomas,2018,2018-08-01,American Journal of Neuroradiology,Lin E.,10.3174/ajnr.A5714,2-s2.0-85051434748,SCOPUS_ID:85051434748,23,Article,
Reply,2018,2018-08-01,American Journal of Neuroradiology,Jia Z.Y.,,2-s2.0-85051428259,SCOPUS_ID:85051428259,0,Letter,
Brain perfusion measurements using multidelay arterial spin-labeling are systematically biased by the number of delays,2018,2018-08-01,American Journal of Neuroradiology,Van Der Thiel M.,10.3174/ajnr.A5717,2-s2.0-85051440735,SCOPUS_ID:85051440735,41,Article,
Clinical value of vascular permeability estimates using dynamic susceptibility contrast MRI: Improved diagnostic performance in distinguishing hypervascular primary CNS Lymphoma from Glioblastoma,2018,2018-08-01,American Journal of Neuroradiology,Lee B.,10.3174/ajnrA.5732,2-s2.0-85051414158,SCOPUS_ID:85051414158,16,Article,
Resting-state functional MRI: Everything that nonexperts have always wanted to know,2018,2018-08-01,American Journal of Neuroradiology,Lv H.,10.3174/ajnr.A5527,2-s2.0-85049117711,SCOPUS_ID:85049117711,536,Review,
Rapid-sequence MRI of the brain: A distinct imaging study,2018,2018-08-01,American Journal of Neuroradiology,Pfeifer C.M.,10.3174/ajnr.A5685,2-s2.0-85051442544,SCOPUS_ID:85051442544,14,Letter,
Detection of the stellate and thoracic sympathetic chain Ganglia with high-resolution 3D-CISS MR imaging,2018,2018-08-01,American Journal of Neuroradiology,Chaudhry A.,10.3174/ajnr.A5698,2-s2.0-85051428807,SCOPUS_ID:85051428807,11,Article,
Morphology-specific discrimination between MS white matter lesions and benign white matter hyperintensities using ultra-high-field MRI,2018,2018-08-01,American Journal of Neuroradiology,Hosseini Z.,10.3174/ajnr.A5705,2-s2.0-85051419713,SCOPUS_ID:85051419713,39,Article,
Noncontrast head CT in children: National variation in radiation dose indices in the United States,2018,2018-08-01,American Journal of Neuroradiology,Sadigh G.,10.3174/ajnr.A5719,2-s2.0-85051440855,SCOPUS_ID:85051440855,21,Article,
Ultrafast brain MRI can be used for indications beyond shunted hydrocephalus in pediatric patients,2018,2018-08-01,American Journal of Neuroradiology,Tekes A.,10.3174/ajnr.A5724,2-s2.0-85051430844,SCOPUS_ID:85051430844,32,Article,
Clinical utility of a novel ultrafast T2-weighted sequence for spine imaging,2018,2018-08-01,American Journal of Neuroradiology,Keerthivasan M.B.,10.3174/ajnr.A5713,2-s2.0-85051423721,SCOPUS_ID:85051423721,7,Article,
Application of 3D fast spin-echo T1 black-blood imaging in the diagnosis and prognostic prediction of patients with leptomeningeal carcinomatosis,2018,2018-08-01,American Journal of Neuroradiology,Oh J.,10.3174/ajnr.A5721,2-s2.0-85051435260,SCOPUS_ID:85051435260,30,Article,
Application of reduced-FOV diffusion-weighted imaging in evaluation of normal pituitary glands and pituitary macroadenomas,2018,2018-08-01,American Journal of Neuroradiology,Wang M.,10.3174/ajnr.A5735,2-s2.0-85051428621,SCOPUS_ID:85051428621,18,Article,
MR imaging features of anaplastic pleomorphic xanthoastrocytoma mimicking high-grade astrocytoma,2018,2018-08-01,American Journal of Neuroradiology,She D.,10.3174/ajnr.A5701,2-s2.0-85051433323,SCOPUS_ID:85051433323,25,Article,
REPLY,2018,2018-08-01,American Journal of Neuroradiology,Jia Z.Y.,10.3174/ajnr.A5695,2-s2.0-85071551152,SCOPUS_ID:85071551152,1,Letter,
Clinically relevant imaging features for MGMT promoter methylation in multiple glioblastoma studies: A systematic review and meta-analysis,2018,2018-08-01,American Journal of Neuroradiology,Suh C.H.,10.3174/ajnr.A5711,2-s2.0-85051422217,SCOPUS_ID:85051422217,48,Article,
Detection and characteristics of temporal encephaloceles in patients with refractory epilepsy,2018,2018-08-01,American Journal of Neuroradiology,Campbell Z.M.,10.3174/ajnr.A5704,2-s2.0-85051430345,SCOPUS_ID:85051430345,59,Article,
C1 posterior arch flare point: A useful landmark for fluoroscopically guided c1-2 puncture,2018,2018-08-01,American Journal of Neuroradiology,Peckham M.E.,10.3174/ajnr.A5706,2-s2.0-85051427449,SCOPUS_ID:85051427449,7,Article,
Impact of focal white matter damage on localized subcortical gray matter atrophy in multiple sclerosis: A 5-year study,2018,2018-08-01,American Journal of Neuroradiology,Fuchs T.A.,10.3174/ajnr.A5720,2-s2.0-85051444145,SCOPUS_ID:85051444145,18,Article,
Hematocrit measurement with R2* and quantitative susceptibility mapping in postmortem brain,2018,2018-07-01,American Journal of Neuroradiology,Walsh A.J.,10.3174/ajnr.A5677,2-s2.0-85049824475,SCOPUS_ID:85049824475,3,Article,
Diffusion-weighted imaging and diffusion tensor imaging for differentiating high-grade glioma from solitary brain metastasis: A systematic review and meta-analysis,2018,2018-07-01,American Journal of Neuroradiology,Suh C.H.,10.3174/ajnr.A5650,2-s2.0-85049848645,SCOPUS_ID:85049848645,42,Article,
Prevalence of cerebral microhemorrhage following chronic blast-related mild traumatic brain injury in military service members using susceptibility-weighted MRI,2018,2018-07-01,American Journal of Neuroradiology,Lotan E.,10.3174/ajnr.A5688,2-s2.0-85049835958,SCOPUS_ID:85049835958,14,Article,
Visualization and classification of deeply seated collateral networks in moyamoya angiopathy with 7T MRI,2018,2018-07-01,American Journal of Neuroradiology,Matsushige T.,10.3174/ajnr.A5700,2-s2.0-85049857381,SCOPUS_ID:85049857381,29,Article,
Quantitative assessment of normal fetal brain myelination using fast macromolecular proton fraction mapping,2018,2018-07-01,American Journal of Neuroradiology,Yarnykh V.L.,10.3174/ajnr.A5668,2-s2.0-85049852694,SCOPUS_ID:85049852694,42,Article,
Common origin of brachiocephalic and left common carotid arteries: Proposal of new terminology,2018,2018-07-01,American Journal of Neuroradiology,Tawfik A.M.,10.3174/ajnr.A5659,2-s2.0-85049854720,SCOPUS_ID:85049854720,9,Letter,
Deep-learning convolutional neural networks accurately classify genetic mutations in gliomas,2018,2018-07-01,American Journal of Neuroradiology,Chang P.,10.3174/ajnr.A5667,2-s2.0-85049830790,SCOPUS_ID:85049830790,435,Article,
Reply,2018,2018-07-01,American Journal of Neuroradiology,Hill B.,10.3174/ajnr.A5661,2-s2.0-85049860510,SCOPUS_ID:85049860510,0,Letter,
Diffusion-weighted zonal oblique multislice-EPI enhances the detection of small lesions with diffusion restriction in the brain stem and hippocampus: A clinical report of selected cases,2018,2018-07-01,American Journal of Neuroradiology,Sartoretti T.,10.3174/ajnr.A5635,2-s2.0-85049831547,SCOPUS_ID:85049831547,7,Article,
Improved detection of new MS lesions during follow-up using an automated MR coregistration-fusion method,2018,2018-07-01,American Journal of Neuroradiology,Galletto Pregliasco A.,10.3174/ajnr.A5690,2-s2.0-85049854112,SCOPUS_ID:85049854112,18,Article,
Cerebrovascular manifestations of neurosarcoidosis: An underrecognized aspect of the imaging spectrum,2018,2018-07-01,American Journal of Neuroradiology,Bathla G.,10.3174/ajnr.A5492,2-s2.0-85049833970,SCOPUS_ID:85049833970,51,Review,
Is Gd-DTPA necessary in clinical practice for peripheral nerve injury?,2018,2018-07-01,American Journal of Neuroradiology,Vargas M.I.,10.3174/ajnr.A5637,2-s2.0-85049831691,SCOPUS_ID:85049831691,0,Letter,
Hydroxybutyrate detection with proton MR spectroscopy in children with drug-resistant epilepsy on the ketogenic diet,2018,2018-07-01,American Journal of Neuroradiology,Wright J.N.,10.3174/ajnr.A5648,2-s2.0-85049850032,SCOPUS_ID:85049850032,12,Article,
Clinical significance of intraplaque hemorrhage in low- and high-grade basilar artery stenosis on high-resolution MRI,2018,2018-07-01,American Journal of Neuroradiology,Zhu C.,10.3174/ajnr.A5676,2-s2.0-85049868484,SCOPUS_ID:85049868484,56,Article,
Reply,2018,2018-07-01,American Journal of Neuroradiology,Vanjare H.,10.3174/ajnr.A5658,2-s2.0-85049840911,SCOPUS_ID:85049840911,0,Letter,
Efficacy and safety of percutaneous microwave ablation and cementoplasty in the treatment of painful spinal metastases and myeloma,2018,2018-07-01,American Journal of Neuroradiology,Khan M.A.,10.3174/ajnr.A5680,2-s2.0-85049855524,SCOPUS_ID:85049855524,94,Article,
MSVAT-SPACE-STIR and SEMAC-STIR for reduction of metallic artifacts in 3T head and neck MRI,2018,2018-07-01,American Journal of Neuroradiology,Hilgenfeld T.,10.3174/ajnr.A5678,2-s2.0-85049842324,SCOPUS_ID:85049842324,21,Article,
Cerebral perfusion is perturbed by preterm birth and brain injury,2018,2018-07-01,American Journal of Neuroradiology,Mahdi E.S.,10.3174/ajnr.A5669,2-s2.0-85049860888,SCOPUS_ID:85049860888,17,Article,
Endovascular treatment of dural arteriovenous fistulas using transarterial liquid embolization in combination with transvenous balloon-assisted protection of the venous Sinus,2018,2018-07-01,American Journal of Neuroradiology,Vollherbst D.,10.3174/ajnr.A5651,2-s2.0-85049860872,SCOPUS_ID:85049860872,26,Article,
Mobile stroke unit reduces time to image acquisition and reporting,2018,2018-07-01,American Journal of Neuroradiology,Nyberg E.M.,10.3174/ajnr.A5673,2-s2.0-85049852117,SCOPUS_ID:85049852117,8,Article,
"A qualitative and quantitative correlation study of lumbar intervertebral disc degeneration using glycosaminoglycan chemical exchange saturation transfer, pfirrmann grade, and T1-",2018,2018-07-01,American Journal of Neuroradiology,Togao O.,10.3174/ajnr.A5657,2-s2.0-85049846377,SCOPUS_ID:85049846377,19,Article,
Role of the apparent diffusion coefficient as a predictor of tumor progression in patients with chordoma,2018,2018-07-01,American Journal of Neuroradiology,Sasaki T.,10.3174/ajnr.A5664,2-s2.0-85049833342,SCOPUS_ID:85049833342,11,Article,
Risk of branch occlusion and ischemic complications with the pipeline embolization device in the treatment of posterior circulation aneurysms,2018,2018-07-01,American Journal of Neuroradiology,Adeeb N.,10.3174/ajnr.A5696,2-s2.0-85049835309,SCOPUS_ID:85049835309,58,Article,
Abnormal blood oxygen level-dependent fluctuations in focal cortical dysplasia and the perilesional zone: Initial findings,2018,2018-07-01,American Journal of Neuroradiology,Gupta L.,10.3174/ajnr.A5684,2-s2.0-85049840429,SCOPUS_ID:85049840429,13,Article,
"MRI-based methods for spinal cord atrophy evaluation: A comparison of cervical cord cross-sectional area, cervical cord volume, and full spinal cord volume in patients with aquaporin-4 antibody seropositive neuromyelitis optica spectrum disorders",2018,2018-07-01,American Journal of Neuroradiology,Chien C.,10.3174/ajnr.A5665,2-s2.0-85049842253,SCOPUS_ID:85049842253,17,Article,
Quantitative susceptibility mapping after sports-related concussion,2018,2018-07-01,American Journal of Neuroradiology,Koch K.,10.3174/ajnr.A5692,2-s2.0-85049830789,SCOPUS_ID:85049830789,25,Article,
Extent of microstructural tissue damage correlates with hemodynamic failure in high-grade carotid occlusive disease: An MRI study using quantitative T2 and DSC perfusion,2018,2018-07-01,American Journal of Neuroradiology,Seiler A.,10.3174/ajnr.A5666,2-s2.0-85049851353,SCOPUS_ID:85049851353,9,Article,
Relationship between cough-associated changes in CSF flow and disease severity in chiari i malformation: An exploratory study using real-time MRI,2018,2018-07-01,American Journal of Neuroradiology,Bezuidenhout A.F.,10.3174/ajnr.A5670,2-s2.0-85049861621,SCOPUS_ID:85049861621,15,Article,
Prediction of borderzone infarction by CTA in patients undergoing carotid embolization for carotid blowout,2018,2018-07-01,American Journal of Neuroradiology,Lee B.C.,10.3174/ajnr.A5672,2-s2.0-85049844747,SCOPUS_ID:85049844747,9,Article,
Imaging differences between neuromyelitis optica spectrum disorders and multiple sclerosis: A multi-institutional study in Japan,2018,2018-07-01,American Journal of Neuroradiology,Tatekawa H.,10.3174/ajnr.A5663,2-s2.0-85049861661,SCOPUS_ID:85049861661,22,Article,
Identification of chronic active multiple sclerosis lesions on 3T MRI,2018,2018-07-01,American Journal of Neuroradiology,Absinta M.,10.3174/ajnr.A5660,2-s2.0-85049867380,SCOPUS_ID:85049867380,119,Article,
Neuroimaging in dengue seropositive cases,2018,2018-07-01,American Journal of Neuroradiology,Sookaromdee P.,10.3174/ajnr.A5646,2-s2.0-85049860757,SCOPUS_ID:85049860757,0,Letter,
Balanced steady-state free precession sequence (CISS/FIESTA/3D driven equilibrium radiofrequency reset pulse) increases the diagnostic yield for spinal drop metastases in children with brain tumors,2018,2018-07-01,American Journal of Neuroradiology,Buch K.,10.3174/ajnr.A5645,2-s2.0-85049828923,SCOPUS_ID:85049828923,25,Article,
Global and widespread local white matter abnormalities in juvenile neuronal ceroid lipofuscinosis,2018,2018-07-01,American Journal of Neuroradiology,Roine U.,10.3174/ajnr.A5687,2-s2.0-85049836745,SCOPUS_ID:85049836745,9,Article,
Multicentric experience in distal-to-proximal revascularization of tandem occlusion stroke related to internal carotid artery dissection,2018,2018-06-01,American Journal of Neuroradiology,Marnat G.,10.3174/ajnr.A5640,2-s2.0-85048683392,SCOPUS_ID:85048683392,33,Article,
MRI planimetry and magnetic resonance parkinsonism index in the differential diagnosis of patients with Parkinsonism,2018,2018-06-01,American Journal of Neuroradiology,Constantinides V.C.,10.3174/ajnr.A5618,2-s2.0-85048690697,SCOPUS_ID:85048690697,30,Article,
Clival malformations in CHARGE syndrome,2018,2018-06-01,American Journal of Neuroradiology,Mahdi E.,10.3174/ajnr.A5612,2-s2.0-85048654880,SCOPUS_ID:85048654880,14,Article,
Value of quantitative collateral scoring on CT angiography in patients with acute ischemic stroke,2018,2018-06-01,American Journal of Neuroradiology,Boers A.M.M.,10.3174/ajnr.A5623,2-s2.0-85048672294,SCOPUS_ID:85048672294,61,Article,
"Comparative analysis of diffusional kurtosis imaging, diffusion tensor imaging, and diffusion-weighted imaging in grading and assessing cellular proliferation of meningiomas",2018,2018-06-01,American Journal of Neuroradiology,Lin L.,10.3174/ajnr.A5662,2-s2.0-85048657342,SCOPUS_ID:85048657342,43,Article,
Treatment of distal anterior cerebral artery aneurysms with flow-diverter stents: A single-center experience,2018,2018-06-01,American Journal of Neuroradiology,Cagnazzo F.,10.3174/ajnr.A5615,2-s2.0-85048696330,SCOPUS_ID:85048696330,62,Article,
Characteristic MR imaging findings of the neonatal brain in RASopathies,2018,2018-06-01,American Journal of Neuroradiology,Cizmeci M.N.,10.3174/ajnr.A5611,2-s2.0-85048661520,SCOPUS_ID:85048661520,17,Article,
Multisociety consensus quality improvement revised consensus statement for endovascular therapy of acute ischemic stroke,2018,2018-06-01,American Journal of Neuroradiology,Sacks D.,10.1016/j.jvir.2017.11.026,2-s2.0-85048687413,SCOPUS_ID:85048687413,45,Article,
Comparison of 3T intracranial vessel wall MRI sequences,2018,2018-06-01,American Journal of Neuroradiology,Lindenholz A.,10.3174/ajnr.A5629,2-s2.0-85048681532,SCOPUS_ID:85048681532,15,Article,
Consensus needed for noncontrast CT markers in intracerebral hemorrhage,2018,2018-06-01,American Journal of Neuroradiology,Boulouis G.,10.3174/ajnr.A5604,2-s2.0-85048674571,SCOPUS_ID:85048674571,3,Letter,
Who’s contributing most to American neuroscience journals: American or foreign authors?,2018,2018-06-01,American Journal of Neuroradiology,Charkhchi P.,10.3174/ajnr.A5624,2-s2.0-85048686966,SCOPUS_ID:85048686966,7,Article,
Slow collateral flow is associated with thrombus extension in patients with acute large-artery occlusion,2018,2018-06-01,American Journal of Neuroradiology,Zhang R.,10.3174/ajnr.A5614,2-s2.0-85048686820,SCOPUS_ID:85048686820,8,Article,
Multisite concordance of DSC-MRI analysis for brain tumors: Results of a National Cancer Institute Quantitative Imaging Network Collaborative Project,2018,2018-06-01,American Journal of Neuroradiology,Schmainda K.M.,10.3174/ajnr.A5675,2-s2.0-85048696048,SCOPUS_ID:85048696048,51,Article,
Anatomic and angiographic analyses of ophthalmic artery collaterals in moyamoya disease,2018,2018-06-01,American Journal of Neuroradiology,Robert T.,10.3174/ajnr.A5622,2-s2.0-85048695882,SCOPUS_ID:85048695882,25,Article,
Submandibular gland transfer: A potential imaging pitfall,2018,2018-06-01,American Journal of Neuroradiology,Wu X.,10.3174/ajnr.A5609,2-s2.0-85048666369,SCOPUS_ID:85048666369,5,Article,
Reply,2018,2018-06-01,American Journal of Neuroradiology,Al-Haddad C.E.,10.3174/ajnr.A5647,2-s2.0-85048653525,SCOPUS_ID:85048653525,0,Letter,
Reply,2018,2018-06-01,American Journal of Neuroradiology,Al-Haddad C.E.,10.3174/ajnr.A5647,2-s2.0-85048653525,SCOPUS_ID:85048653525,0,Letter,
Segmentation of the globus pallidus internus using probabilistic diffusion tractography for deep brain stimulation targeting in Parkinson disease,2018,2018-06-01,American Journal of Neuroradiology,Middlebrooks E.H.,10.3174/ajnr.A5641,2-s2.0-85048660733,SCOPUS_ID:85048660733,43,Article,
Blood flow mimicking aneurysmal wall enhancement: A diagnostic pitfall of vessel wall MRI using the postcontrast 3D turbo spin-echo MR imaging sequence,2018,2018-06-01,American Journal of Neuroradiology,Kalsoum E.,10.3174/ajnr.A5616,2-s2.0-85048694913,SCOPUS_ID:85048694913,40,Article,
Postnatal brain growth assessed by sequential cranial ultrasonography in infants born <30 weeks’ gestational age,2018,2018-06-01,American Journal of Neuroradiology,Cuzzilla R.,10.3174/ajnr.A5679,2-s2.0-85048668606,SCOPUS_ID:85048668606,19,Article,
Cavitary plaques in otospongiosis: CT findings and clinical implications,2018,2018-06-01,American Journal of Neuroradiology,Puac P.,10.3174/ajnr.A5613,2-s2.0-85048663745,SCOPUS_ID:85048663745,22,Article,
Use of diffusional kurtosis imaging and dynamic contrast-enhanced MR imaging to predict posttraumatic epilepsy in rabbits,2018,2018-06-01,American Journal of Neuroradiology,Li W.,10.3174/ajnr.A5656,2-s2.0-85048688360,SCOPUS_ID:85048688360,2,Article,
CSF pressure change in relation to opening pressure and CSF volume removed,2018,2018-06-01,American Journal of Neuroradiology,Griffith B.,10.3174/ajnr.A5642,2-s2.0-85048693045,SCOPUS_ID:85048693045,13,Article,
Surpass streamline flow-diverter embolization device for treatment of iatrogenic and traumatic internal carotid artery injuries,2018,2018-06-01,American Journal of Neuroradiology,Ghorbani M.,10.3174/ajnr.A5607,2-s2.0-85048699395,SCOPUS_ID:85048699395,17,Article,
Dark rims: Novel sequence enhances diagnostic specificity in multiple sclerosis,2018,2018-06-01,American Journal of Neuroradiology,Tillema J.,10.3174/ajnr.A5636,2-s2.0-85048670266,SCOPUS_ID:85048670266,18,Article,
Clinical outcomes of endovascular treatment within 24 hours in patients with mild ischemic stroke and perfusion imaging selection,2018,2018-06-01,American Journal of Neuroradiology,Shang X.,10.3174/ajnr.A5644,2-s2.0-85048657517,SCOPUS_ID:85048657517,13,Article,
Association of quantified location-specific blood volumes with delayed cerebral ischemia after aneurysmal subarachnoid hemorrhage,2018,2018-06-01,American Journal of Neuroradiology,Van Der Steen W.E.,10.3174/ajnr.A5626,2-s2.0-85048658123,SCOPUS_ID:85048658123,25,Conference Paper,
Targeting the clot in acute stroke,2018,2018-06-01,American Journal of Neuroradiology,Lövblad K.O.,10.3174/ajnr.A5600,2-s2.0-85048662078,SCOPUS_ID:85048662078,3,Letter,
Altered white matter microstructure in the corpus callosum and its cerebral interhemispheric tracts in adolescent idiopathic scoliosis: Diffusion tensor imaging analysis,2018,2018-06-01,American Journal of Neuroradiology,Xue C.,10.3174/ajnr.A5634,2-s2.0-85048697927,SCOPUS_ID:85048697927,20,Article,
Edge contrast of the FLAIR hyperintense region predicts survival in patients with high-grade gliomas following treatment with bevacizumab,2018,2018-06-01,American Journal of Neuroradiology,Bahrami N.,10.3174/ajnr.A5620,2-s2.0-85048658046,SCOPUS_ID:85048658046,17,Article,
Sequential apparent diffusion coefficient for assessment of tumor progression in patients with low-grade glioma,2018,2018-06-01,American Journal of Neuroradiology,Chen I.,10.3174/ajnr.A5639,2-s2.0-85048673141,SCOPUS_ID:85048673141,8,Article,
Volumetric brain MRI study in fetuses with congenital heart disease,2018,2018-06-01,American Journal of Neuroradiology,Olshaker H.,10.3174/ajnr.A5628,2-s2.0-85048680522,SCOPUS_ID:85048680522,29,Article,
What have we learned from perfusion MRI in multiple sclerosis?,2018,2018-06-01,American Journal of Neuroradiology,Lapointe E.,10.3174/ajnr.A5504,2-s2.0-85048660949,SCOPUS_ID:85048660949,58,Review,
Noninvasive assessment of hemodynamic stress distribution after indirect revascularization for pediatric Moyamoya vasculopathy,2018,2018-06-01,American Journal of Neuroradiology,Tortora D.,10.3174/ajnr.A5627,2-s2.0-85048667033,SCOPUS_ID:85048667033,7,Article,
Increasing the accuracy of optic nerve measurement using 3D volumetry,2018,2018-06-01,American Journal of Neuroradiology,Lecler A.,10.3174/ajnr.A5625,2-s2.0-85048662782,SCOPUS_ID:85048662782,1,Letter,
"Percutaneous CT-guided biopsies of the cervical spine: Technique, histopathologic and microbiologic yield, and safety at a single academic institution",2018,2018-05-01,American Journal of Neuroradiology,Wiesner E.L.,10.3174/ajnr.A5603,2-s2.0-85047069644,SCOPUS_ID:85047069644,26,Article,
Transforaminal lumbar puncture: An alternative technique in patients with challenging access,2018,2018-05-01,American Journal of Neuroradiology,Nascene D.R.,10.3174/ajnr.A5596,2-s2.0-85047056424,SCOPUS_ID:85047056424,51,Article,
Brain MRI characteristics of patients with anti-n-methyl-daspartate receptor encephalitis and their associations with 2-year clinical outcome,2018,2018-05-01,American Journal of Neuroradiology,Zhang T.,10.3174/ajnr.A5593,2-s2.0-85047091072,SCOPUS_ID:85047091072,106,Article,
European multicenter study for the evaluation of a dual-layer flow-diverting stent for treatment of wide-neck intracranial aneurysms: The european flow-redirection intraluminal device study,2018,2018-05-01,American Journal of Neuroradiology,Killer-Oberpfalzer M.,10.3174/ajnr.A5592,2-s2.0-85047065985,SCOPUS_ID:85047065985,79,Article,
Endovascular management of acute stroke in the elderly: A systematic review and meta-analysis,2018,2018-05-01,American Journal of Neuroradiology,Hilditch C.A.,10.3174/ajnr.A5598,2-s2.0-85047103095,SCOPUS_ID:85047103095,84,Article,
Localized marked elongation of the distal internal carotid artery with or without PHACE syndrome: Segmental dolichoectasia of the distal internal carotid artery,2018,2018-05-01,American Journal of Neuroradiology,Jia Z.Y.,10.3174/ajnr.A5573,2-s2.0-85047061479,SCOPUS_ID:85047061479,11,Article,
Endovascular treatment of very large and giant intracranial aneurysms: Comparison between reconstructive and deconstructive techniques - A meta-analysis,2018,2018-05-01,American Journal of Neuroradiology,Cagnazzo F.,10.3174/ajnr.A5591,2-s2.0-85047087536,SCOPUS_ID:85047087536,62,Article,
An update on the adjunctive neurovascular support of wide-neck aneurysm embolization and reconstruction trial: 1-year safety and angiographic results,2018,2018-05-01,American Journal of Neuroradiology,Spiotta A.M.,10.3174/ajnr.A5599,2-s2.0-85047091293,SCOPUS_ID:85047091293,25,Article,
Reply,2018,2018-05-01,American Journal of Neuroradiology,Jadhav A.P.,10.3174/ajnr.A5617,2-s2.0-85047093164,SCOPUS_ID:85047093164,0,Letter,
Long-term outcomes of patients with stent tips embedded into internal carotid artery branches during aneurysm coiling,2018,2018-05-01,American Journal of Neuroradiology,Ban S.P.,10.3174/ajnr.A5583,2-s2.0-85047077803,SCOPUS_ID:85047077803,0,Article,
Signal change of acute cortical and juxtacortical microinfarction on follow-up MRI,2018,2018-05-01,American Journal of Neuroradiology,Miyata M.,10.3174/ajnr.A5606,2-s2.0-85047078508,SCOPUS_ID:85047078508,7,Article,
Interaction should guide management decisions,2018,2018-05-01,American Journal of Neuroradiology,Johansson E.,10.3174/ajnr.A5579,2-s2.0-85047092923,SCOPUS_ID:85047092923,0,Letter,
3D deep learning angiography (3D-DLA) from C-arm Conebeam CT,2018,2018-05-01,American Journal of Neuroradiology,Montoya J.C.,10.3174/ajnr.A5597,2-s2.0-85047083981,SCOPUS_ID:85047083981,16,Article,
Cerebellar growth impairment characterizes school-aged children born preterm without perinatal brain lesions,2018,2018-05-01,American Journal of Neuroradiology,Pieterman K.,10.3174/ajnr.A5589,2-s2.0-85047099720,SCOPUS_ID:85047099720,16,Article,
MRI characteristics of primary tumors and metastatic lesions in molecular subgroups of pediatric medulloblastoma: A single-center study,2018,2018-05-01,American Journal of Neuroradiology,Mata-Mbemba D.,10.3174/ajnr.A5578,2-s2.0-85047102832,SCOPUS_ID:85047102832,42,Conference Paper,
Fast and robust unsupervised identification of MS lesion change using the statistical detection of changes algorithm,2018,2018-05-01,American Journal of Neuroradiology,Nguyen T.D.,10.3174/ajnr.A5594,2-s2.0-85047086778,SCOPUS_ID:85047086778,5,Article,
"Parent artery reconstruction for large or giant cerebral aneurysms using the tubridge flow diverter: A multicenter, randomized, controlled clinical trial (PARAT)",2018,2018-05-01,American Journal of Neuroradiology,Liu J.M.,10.3174/ajnr.A5619,2-s2.0-85047068871,SCOPUS_ID:85047068871,125,Article,
Randomized assessment of the safety and efficacy of intra-arterial infusion of autologous stem cells in subacute ischemic stroke,2018,2018-05-01,American Journal of Neuroradiology,Bhatia V.,10.3174/ajnr.A5586,2-s2.0-85047059968,SCOPUS_ID:85047059968,73,Article,
Differentiating atypical hemangiomas and metastatic vertebral lesions: The role of T1-weighted dynamic contrast-enhanced MRI,2018,2018-05-01,American Journal of Neuroradiology,Morales K.A.,10.3174/ajnr.A5630,2-s2.0-85047057527,SCOPUS_ID:85047057527,61,Article,
Evaluation of the normal cochlear second interscalar ridge angle and depth on 3D T2-weighted images: A tool for the diagnosis of scala communis and incomplete partition type II,2018,2018-05-01,American Journal of Neuroradiology,Booth T.N.,10.3174/ajnr.A5585,2-s2.0-85047055453,SCOPUS_ID:85047055453,11,Conference Paper,
Management of small unruptured intracranial aneurysms: A survey of neuroradiologists,2018,2018-05-01,American Journal of Neuroradiology,Malhotra A.,10.3174/ajnr.A5631,2-s2.0-85047082532,SCOPUS_ID:85047082532,40,Article,
Vertebroplasty and kyphoplasty for osteoporotic vertebral fractures: What are the latest data?,2018,2018-05-01,American Journal of Neuroradiology,Chandra R.V.,10.3174/ajnr.A5458,2-s2.0-85047054741,SCOPUS_ID:85047054741,120,Review,
Accuracy of CT angiography for differentiating pseudo-occlusion from true occlusion or high-grade stenosis of the extracranial ICA in acute ischemic stroke: A retrospective MR CLEAN substudy,2018,2018-05-01,American Journal of Neuroradiology,Kappelhof M.,10.3174/ajnr.A5601,2-s2.0-85047069394,SCOPUS_ID:85047069394,37,Article,
Congenital aqueductal stenosis: Findings at fetal MRI that accurately predict a postnatal diagnosis,2018,2018-05-01,American Journal of Neuroradiology,Heaphy-Henault K.J.,10.3174/ajnr.A5590,2-s2.0-85047079568,SCOPUS_ID:85047079568,44,Article,
Factors influencing confidence in diagnostic ratings and retreatment recommendations in coiled aneurysms,2018,2018-05-01,American Journal of Neuroradiology,Ernst M.,10.3174/ajnr.A5581,2-s2.0-85047085866,SCOPUS_ID:85047085866,2,Article,
Brain diffusion abnormalities in children with tension-type and migraine-type headaches,2018,2018-05-01,American Journal of Neuroradiology,Santoro J.D.,10.3174/ajnr.A5582,2-s2.0-85047087552,SCOPUS_ID:85047087552,11,Conference Paper,
Reply,2018,2018-05-01,American Journal of Neuroradiology,Korutz A.W.,10.3174/ajnr.A5575,2-s2.0-85047075605,SCOPUS_ID:85047075605,0,Letter,
Diagnosing early ischemic changes with the latest-generation flat detector CT: A comparative study with multidetector CT,2018,2018-05-01,American Journal of Neuroradiology,Maier I.L.,10.3174/ajnr.A5595,2-s2.0-85047094630,SCOPUS_ID:85047094630,27,Article,
The new low-profile WEB 17 system for treatment of intracranial aneurysms: First clinical experiences,2018,2018-05-01,American Journal of Neuroradiology,Van Rooij S.B.T.,10.3174/ajnr.A5608,2-s2.0-85047067287,SCOPUS_ID:85047067287,47,Article,
Aneurysmal parent artery-specific inflow conditions for complete and incomplete circle of willis configurations,2018,2018-05-01,American Journal of Neuroradiology,Cornelissen B.M.W.,10.3174/ajnr.A5602,2-s2.0-85047076931,SCOPUS_ID:85047076931,23,Article,
Prenatal brain MR imaging: Reference linear biometric centiles between 20 and 24 gestational weeks,2018,2018-05-01,American Journal of Neuroradiology,Conte G.,10.3174/ajnr.A5574,2-s2.0-85047061382,SCOPUS_ID:85047061382,30,Article,
Pacemakers in MRI for the neuroradiologist: Revisited,2018,2018-05-01,American Journal of Neuroradiology,Kanal E.,10.3174/ajnr.A5565,2-s2.0-85047070917,SCOPUS_ID:85047070917,0,Letter,
Under pressure: Comparison of aspiration techniques for endovascular mechanical thrombectomy,2018,2018-05-01,American Journal of Neuroradiology,Nikoubashman O.,10.3174/ajnr.A5605,2-s2.0-85047070769,SCOPUS_ID:85047070769,24,Article,
The importance of flexion MRI in Hirayama disease with special reference to laminodural space measurements,2018,2018-05-01,American Journal of Neuroradiology,Boruah D.K.,10.3174/ajnr.A5577,2-s2.0-85047097061,SCOPUS_ID:85047097061,34,Article,
Anatomic malformations of the middle and inner ear in 22q11.2 deletion syndrome: Case series and literature review,2018,2018-05-01,American Journal of Neuroradiology,Verheij E.,10.3174/ajnr.A5588,2-s2.0-85047066693,SCOPUS_ID:85047066693,21,Article,
Neuroradiology fellowship case requirements need reform,2018,2018-04-01,American Journal of Neuroradiology,Pfeifer C.M.,10.3174/ajnr.A5553,2-s2.0-85045186119,SCOPUS_ID:85045186119,2,Letter,
Radiation dosimetry of 3D rotational neuroangiography and 2D-DSA in children,2018,2018-04-01,American Journal of Neuroradiology,Shkumat N.A.,10.3174/ajnr.A5568,2-s2.0-85045207496,SCOPUS_ID:85045207496,18,Article,
7T brain MRS in HIV infection: Correlation with cognitive impairment and performance on neuropsychological tests,2018,2018-04-01,American Journal of Neuroradiology,Mohamed M.,10.3174/ajnr.A5547,2-s2.0-85045183832,SCOPUS_ID:85045183832,23,Article,
Revenue increase following 2017 multiple procedures payment reduction modification: Differential impact on neuroradiology - Report from an academic medical center,2018,2018-04-01,American Journal of Neuroradiology,Noveiry B.B.,10.3174/ajnr.A5555,2-s2.0-85045194366,SCOPUS_ID:85045194366,3,Review,
Brain imaging in cases with positive serology for dengue with neurologic symptoms: A clinicoradiologic correlation,2018,2018-04-01,American Journal of Neuroradiology,Vanjare H.A.,10.3174/ajnr.A5544,2-s2.0-85045181207,SCOPUS_ID:85045181207,25,Article,
MRI features can predict 1p/19q status in intracranial gliomas,2018,2018-04-01,American Journal of Neuroradiology,Lasocki A.,10.3174/ajnr.A5572,2-s2.0-85045207389,SCOPUS_ID:85045207389,100,Article,
Reply,2018,2018-04-01,American Journal of Neuroradiology,Heit J.,10.3174/ajnr.A5584,2-s2.0-85045186588,SCOPUS_ID:85045186588,0,Letter,
Modeling early postnatal brain growth and development with CT: Changes in the brain radiodensity histogram from birth to 2 years,2018,2018-04-01,American Journal of Neuroradiology,Cauley K.,10.3174/ajnr.A5559,2-s2.0-85045191470,SCOPUS_ID:85045191470,10,Conference Paper,
Dual-energy CT in hemorrhagic progression of cerebral contusion: Overestimation of hematoma volumes on standard 120-kv images and rectification with virtual high-energy monochromatic images after contrast-enhanced whole-body imaging,2018,2018-04-01,American Journal of Neuroradiology,Bodanapally U.K.,10.3174/ajnr.A5558,2-s2.0-85045219794,SCOPUS_ID:85045219794,18,Article,
"""Delayed pial vessels"" in multiphase CT angiography aid in the detection of arterial occlusion in anterior circulation",2018,2018-04-01,American Journal of Neuroradiology,Singh R.J.,10.3174/ajnr.A5529,2-s2.0-85045204025,SCOPUS_ID:85045204025,1,Letter,
Quantification of intracranial aneurysm volume pulsation with 7TMRI,2018,2018-04-01,American Journal of Neuroradiology,Kleinloog R.,10.3174/ajnr.A5546,2-s2.0-85045210020,SCOPUS_ID:85045210020,11,Article,
Evaluation of the sensitivity of inhomogeneous magnetization transfer (ihMT) MRI for multiple sclerosis,2018,2018-04-01,American Journal of Neuroradiology,Van Obberghen E.,10.3174/ajnr.A5563,2-s2.0-85045196831,SCOPUS_ID:85045196831,54,Article,
Whole-tumor histogram and texture analyses of DTI for evaluation of IDH1-Mutation and 1p/19q-codeletion status in world health organization grade II gliomas,2018,2018-04-01,American Journal of Neuroradiology,Park Y.W.,10.3174/ajnr.A5569,2-s2.0-85045180571,SCOPUS_ID:85045180571,64,Article,
A patient dose-reduction technique for neuroendovascular image-guided interventions: Image-quality comparison study,2018,2018-04-01,American Journal of Neuroradiology,Sonig A.,10.3174/ajnr.A5552,2-s2.0-85045187427,SCOPUS_ID:85045187427,5,Conference Paper,
Prediction of the multisegment clot sign on dynamic CT angiography of cardioembolic stroke,2018,2018-04-01,American Journal of Neuroradiology,Chen Z.,10.3174/ajnr.A5549,2-s2.0-85045213324,SCOPUS_ID:85045213324,12,Article,
Iron-insensitive quantitative assessment of subcortical gray matter demyelination in multiple sclerosis using the macromolecular proton fraction,2018,2018-04-01,American Journal of Neuroradiology,Yarnykh V.L.,10.3174/ajnr.A5542,2-s2.0-85045188896,SCOPUS_ID:85045188896,34,Article,
MRI features of aquaporin-4 antibody-positive longitudinally extensive transverse myelitis: Insights into the diagnosis of neuromyelitis optica spectrum disorders,2018,2018-04-01,American Journal of Neuroradiology,Chee C.G.,10.3174/ajnr.A5551,2-s2.0-85045218740,SCOPUS_ID:85045218740,25,Article,
Early hemodynamic response assessment of stereotactic radiosurgery for a cerebral arteriovenous malformation using 4D flow MRI,2018,2018-04-01,American Journal of Neuroradiology,Li C.Q.,10.3174/ajnr.A5535,2-s2.0-85045181926,SCOPUS_ID:85045181926,19,Conference Paper,
An automated statistical technique for counting distinct multiple sclerosis lesions,2018,2018-04-01,American Journal of Neuroradiology,Dworkin J.D.,10.3174/ajnr.A5556,2-s2.0-85045218334,SCOPUS_ID:85045218334,37,Article,
Intraoperative conebeam CT for assessment of intracochlear positioning of electrode arrays in adult recipients of cochlear implants,2018,2018-04-01,American Journal of Neuroradiology,Jia H.,10.3174/ajnr.A5567,2-s2.0-85045188286,SCOPUS_ID:85045188286,28,Conference Paper,
HARMless: Transient cortical and sulcal hyperintensity on gadolinium-enhanced flair after elective endovascular coiling of intracranial aneurysms,2018,2018-04-01,American Journal of Neuroradiology,Suthiphosuwan S.,10.3174/ajnr.A5561,2-s2.0-85045189737,SCOPUS_ID:85045189737,6,Article,
Brain injury lesion imaging using preconditioned quantitative susceptibility mapping without skull stripping,2018,2018-04-01,American Journal of Neuroradiology,Soman S.,10.3174/ajnr.A5550,2-s2.0-85045195131,SCOPUS_ID:85045195131,5,Conference Paper,
Normal values of magnetic relaxation parameters of spine components with the synthetic MRI sequence,2018,2018-04-01,American Journal of Neuroradiology,Drake-Pérez M.,10.3174/ajnr.A5566,2-s2.0-85045222854,SCOPUS_ID:85045222854,34,Article,
MRI with DWI for the detection of posttreatment head and neck squamous cell carcinoma: Why morphologic MRI criteria Matter,2018,2018-04-01,American Journal of Neuroradiology,Ailianou A.,10.3174/ajnr.A5548,2-s2.0-85042696001,SCOPUS_ID:85042696001,43,Article,
Altered regional homogeneity in chronic insomnia disorder with or without cognitive impairment,2018,2018-04-01,American Journal of Neuroradiology,Pang R.,10.3174/ajnr.A5587,2-s2.0-85045207986,SCOPUS_ID:85045207986,21,Article,
Alphabet soup: Sagittal balance correction osteotomies of the spine - What radiologists should know,2018,2018-04-01,American Journal of Neuroradiology,Takahashi T.,10.3174/ajnr.A5444,2-s2.0-85045204391,SCOPUS_ID:85045204391,4,Review,
Clinical validation of a predictive model for the presence of cervical lymph node metastasis in papillary thyroid cancer,2018,2018-04-01,American Journal of Neuroradiology,Patel N.U.,10.3174/ajnr.A5554,2-s2.0-85045219174,SCOPUS_ID:85045219174,8,Conference Paper,
Quantitative phase-contrast MR angiography to measure hemodynamic changes in idiopathic intracranial hypertension,2018,2018-04-01,American Journal of Neuroradiology,Juhász J.,10.3174/ajnr.A5571,2-s2.0-85045208399,SCOPUS_ID:85045208399,12,Article,
Melanoma of the sinonasal tract: Value of a septate pattern on precontrast T1-weighted MR imaging,2018,2018-04-01,American Journal of Neuroradiology,Kim Y.K.,10.3174/ajnr.A5539,2-s2.0-85045183849,SCOPUS_ID:85045183849,12,Article,
Arterial spin-labeling improves detection of intracranial dural arteriovenous fistulas with MRI,2018,2018-04-01,American Journal of Neuroradiology,Amukotuwa S.A.,10.3174/ajnr.A5570,2-s2.0-85045184058,SCOPUS_ID:85045184058,42,Article,
Utility of repeat head CT in patients with blunt traumatic brain injury presenting with small isolated falcine or tentorial subdural hematomas,2018,2018-04-01,American Journal of Neuroradiology,Devulapalli K.K.,10.3174/ajnr.A5557,2-s2.0-85045180142,SCOPUS_ID:85045180142,7,Article,
Evaluation of leptomeningeal contrast enhancement using pre-and postcontrast subtraction 3D-FLAIR imaging in multiple sclerosis,2018,2018-04-01,American Journal of Neuroradiology,Zivadinov R.,10.3174/ajnr.A5541,2-s2.0-85045205764,SCOPUS_ID:85045205764,50,Article,
Reply,2018,2018-04-01,American Journal of Neuroradiology,Byrne D.,10.3174/ajnr.A5536,2-s2.0-85045195372,SCOPUS_ID:85045195372,0,Letter,
Relationship between ischemic injury and patient outcomes after surgical or endovascular treatment of ruptured anterior communicating artery aneurysms,2018,2018-04-01,American Journal of Neuroradiology,Mugikura S.,10.3174/ajnr.A5564,2-s2.0-85045219832,SCOPUS_ID:85045219832,0,Letter,
"Blunt cerebrovascular injuries: Advances in screening, imaging, and management trends",2018,2018-03-01,American Journal of Neuroradiology,Nagpal P.,10.3174/ajnr.A5412,2-s2.0-85043692678,SCOPUS_ID:85043692678,59,Review,
Concerns about a new preterm MR imaging scoring system,2018,2018-03-01,American Journal of Neuroradiology,De Vries L.S.,10.3174/ajnr.A5466,2-s2.0-85043687600,SCOPUS_ID:85043687600,1,Letter,
Development of high signal intensity within the globus pallidus and dentate nucleus following multiple administrations of gadobenate dimeglumine,2018,2018-03-01,American Journal of Neuroradiology,Bolles G.M.,10.3174/ajnr.A5510,2-s2.0-85043720104,SCOPUS_ID:85043720104,10,Article,
Iodine extravasation quantification on dual-energy ct of the brain performed after mechanical thrombectomy for acute ischemic stroke can predict hemorrhagic complications,2018,2018-03-01,American Journal of Neuroradiology,Bonatti M.,10.3174/ajnr.A5513,2-s2.0-85043680435,SCOPUS_ID:85043680435,74,Article,
Comparison of MR imaging and dual-energy ct for the evaluation of cartilage invasion by laryngeal and hypopharyngeal squamous cell carcinoma,2018,2018-03-01,American Journal of Neuroradiology,Kuno H.,10.3174/ajnr.A5530,2-s2.0-85043690505,SCOPUS_ID:85043690505,63,Article,
Cerebellar hypoperfusion in migraine attack: Incidence and significance,2018,2018-03-01,American Journal of Neuroradiology,Kellner-Weldon F.,10.3174/ajnr.A5508,2-s2.0-85043683086,SCOPUS_ID:85043683086,29,Article,
Beware of multiphase CTA interpretation,2018,2018-03-01,American Journal of Neuroradiology,Raz E.,10.3174/ajnr.A5499,2-s2.0-85043684772,SCOPUS_ID:85043684772,0,Letter,
Reply,2018,2018-03-01,American Journal of Neuroradiology,George J.M.,10.3174/ajnr.A5478,2-s2.0-85043690318,SCOPUS_ID:85043690318,0,Letter,
T2 relaxometry mri predicts cerebral palsy in preterm infants,2018,2018-03-01,American Journal of Neuroradiology,Chen L.W.,10.3174/ajnr.A5501,2-s2.0-85043709038,SCOPUS_ID:85043709038,8,Article,
Substantia nigra free water increases longitudinally in Parkinson disease,2018,2018-03-01,American Journal of Neuroradiology,Guttuso T.,10.3174/ajnr.A5545,2-s2.0-85043713807,SCOPUS_ID:85043713807,57,Article,
Improved visualization of cortical lesions in multiple sclerosis using 7T MP2RAGE,2018,2018-03-01,American Journal of Neuroradiology,Beck E.S.,10.3174/ajnr.A5534,2-s2.0-85043684245,SCOPUS_ID:85043684245,78,Article,
Cerebral mitochondrial microangiopathy leads to leukoencephalopathy in mitochondrial neurogastrointestinal encephalopathy,2018,2018-03-01,American Journal of Neuroradiology,Gramegna L.L.,10.3174/ajnr.A5507,2-s2.0-85043698154,SCOPUS_ID:85043698154,20,Article,
Intravoxel incoherent motion MR imaging in the differentiation of benign and malignant sinonasal lesions: Comparison with conventional diffusion-weighted MR imaging,2018,2018-03-01,American Journal of Neuroradiology,Xiao Z.,10.3174/ajnr.A5532,2-s2.0-85043720542,SCOPUS_ID:85043720542,18,Article,
MR imaging-based evaluations of olfactory bulb atrophy in patients with olfactory dysfunction,2018,2018-03-01,American Journal of Neuroradiology,Chung M.S.,10.3174/ajnr.A5491,2-s2.0-85043708171,SCOPUS_ID:85043708171,44,Article,
Spinal arteriovenous vascular malformations in patients with neural tube defects,2018,2018-03-01,American Journal of Neuroradiology,Giordan E.,10.3174/ajnr.A5498,2-s2.0-85043698403,SCOPUS_ID:85043698403,9,Article,
Reply,2018,2018-03-01,American Journal of Neuroradiology,Byrne D.,10.3174/ajnr.A5511,2-s2.0-85043715122,SCOPUS_ID:85043715122,0,Letter,
Pressure mapping and hemodynamic assessment of intracranial dural sinuses and dural arteriovenous fistulas with 4D Flow MRI,2018,2018-03-01,American Journal of Neuroradiology,Rivera-Rivera L.A.,10.3174/ajnr.A5494,2-s2.0-85043694387,SCOPUS_ID:85043694387,22,Article,
Local glioma cells are associated with vascular dysregulation,2018,2018-03-01,American Journal of Neuroradiology,Bowden S.G.,10.3174/ajnr.A5526,2-s2.0-85043697422,SCOPUS_ID:85043697422,16,Article,
Nonsphericity index and size ratio identify morphologic differences between growing and stable aneurysms in a longitudinal study of 93 cases,2018,2018-03-01,American Journal of Neuroradiology,Chien A.,10.3174/ajnr.A5531,2-s2.0-85043708665,SCOPUS_ID:85043708665,21,Article,
Cerebral mitochondrial microangiopathy leads to leukoencephalopathy in mitochondrial neurogastrointestinal encephalopathy,2018,2018-03-01,American Journal of Neuroradiology,Gramegna L.L.,10.3174/ajnr.A5507,2-s2.0-85043698154,SCOPUS_ID:85043698154,20,Article,
Sonographic development of the pericallosal vascularization in the first and early second trimester of pregnancy,2018,2018-03-01,American Journal of Neuroradiology,De Keersmaecker B.,10.3174/ajnr.A5562,2-s2.0-85043700632,SCOPUS_ID:85043700632,10,Article,
Comparison of blood oxygenation level-dependent fMRI and provocative DSC perfusion MR imaging for monitoring cerebrovascular reserve in intracranial chronic cerebrovascular disease,2018,2018-03-01,American Journal of Neuroradiology,Thulborn K.R.,10.3174/ajnr.A5515,2-s2.0-85043720255,SCOPUS_ID:85043720255,7,Article,
Quantitative analysis of conebeam CT for delineating stents in stent-assisted coil embolization,2018,2018-03-01,American Journal of Neuroradiology,Kuriyama T.,10.3174/ajnr.A5533,2-s2.0-85043690250,SCOPUS_ID:85043690250,12,Article,
Prenatal factors associated with postnatal brain injury in infants with congenital diaphragmatic hernia,2018,2018-03-01,American Journal of Neuroradiology,Radhakrishnan R.,10.3174/ajnr.A5500,2-s2.0-85043681896,SCOPUS_ID:85043681896,15,Article,
Endovascular thrombectomy in wake-up stroke and stroke with unknown symptom onset,2018,2018-03-01,American Journal of Neuroradiology,Bucke P.,10.3174/ajnr.A5540,2-s2.0-85043689569,SCOPUS_ID:85043689569,21,Article,
High signal intensity in the dentate nucleus and globus pallidus on unenhanced t1-weighted mr images: Comparison between gadobutrol and linear gadolinium-based contrast agents,2018,2018-03-01,American Journal of Neuroradiology,Moser F.G.,10.3174/ajnr.A5538,2-s2.0-85043708441,SCOPUS_ID:85043708441,29,Article,
Imaging of anaplastic thyroid carcinoma,2018,2018-03-01,American Journal of Neuroradiology,Ahmed S.,10.3174/ajnr.A5487,2-s2.0-85043702410,SCOPUS_ID:85043702410,37,Article,
Accuracy of the compressed sensing accelerated 3D-FLAIR sequence for the detection of MS plaques at 3T,2018,2018-03-01,American Journal of Neuroradiology,Toledano-Massiah S.,10.3174/ajnr.A5517,2-s2.0-85043691783,SCOPUS_ID:85043691783,59,Article,
Looking deep into the eye-of-the-tiger in pantothenate kinase-associated neurodegeneration,2018,2018-03-01,American Journal of Neuroradiology,Lee J.H.,10.3174/ajnr.A5514,2-s2.0-85043711973,SCOPUS_ID:85043711973,19,Article,
Using correlative properties of neighboring pixels to improve gray-white differentiation in pediatric head CT images,2018,2018-03-01,American Journal of Neuroradiology,Madaelil T.P.,10.3174/ajnr.A5506,2-s2.0-85043698984,SCOPUS_ID:85043698984,7,Article,
Optimization of DARTEL settings for the detection of Alzheimer disease,2018,2018-03-01,American Journal of Neuroradiology,Komatsu J.,10.3174/ajnr.A5509,2-s2.0-85043685276,SCOPUS_ID:85043685276,8,Article,
Multiparametric analysis of permeability and adc histogram metrics for classification of pediatric brain tumors by tumor grade,2018,2018-03-01,American Journal of Neuroradiology,Vajapeyam S.,10.3174/ajnr.A5502,2-s2.0-85043707981,SCOPUS_ID:85043707981,17,Article,
Expression changes in lactate and glucose metabolism and associated transporters in basal ganglia following hypoxic-ischemic reperfusion injury in piglets,2018,2018-03-01,American Journal of Neuroradiology,Zheng Y.,10.3174/ajnr.A5505,2-s2.0-85043686667,SCOPUS_ID:85043686667,22,Article,
Spinal angiogram: A treacherous criterion standard,2018,2018-03-01,American Journal of Neuroradiology,Clarencon F.,10.3174/ajnr.A5470,2-s2.0-85043683016,SCOPUS_ID:85043683016,0,Letter,
MR imaging criteria for the detection of nasopharyngeal carcinoma: Discrimination of early-stage primary tumors from benign hyperplasia,2018,2018-03-01,American Journal of Neuroradiology,King A.D.,10.3174/ajnr.A5493,2-s2.0-85043697278,SCOPUS_ID:85043697278,44,Article,
Better Than Nothing: A Rational Approach for Minimizing the Impact of Outflow Strategy on Cerebrovascular Simulations,2018,2018-02-01,American Journal of Neuroradiology,Chnafa C.,10.3174/ajnr.A5484,2-s2.0-85042147354,SCOPUS_ID:85042147354,90,Article,
Temporal Lobe Malformations in Achondroplasia: Expanding the Brain Imaging Phenotype Associated with FGFR3-Related Skeletal Dysplasias,2018,2018-02-01,American Journal of Neuroradiology,Manikkam S.A.,10.3174/ajnr.A5468,2-s2.0-85042156065,SCOPUS_ID:85042156065,25,Article,
Dural Arteriovenous Fistulas: A Characteristic Pattern of Edema and Enhancement of the Medulla on MRI,2018,2018-02-01,American Journal of Neuroradiology,Copelan A.Z.,10.3174/ajnr.A5460,2-s2.0-85042151188,SCOPUS_ID:85042151188,15,Article,
Diagnostic Accuracy of Amino Acid and FDG-PET in Differentiating Brain Metastasis Recurrence from Radionecrosis after Radiotherapy: A Systematic Review and Meta-Analysis,2018,2018-02-01,American Journal of Neuroradiology,Li H.,10.3174/ajnr.A5472,2-s2.0-85042148079,SCOPUS_ID:85042148079,56,Article,
Noninvasive Assessment of Intracranial Pressure Status in Idiopathic Intracranial Hypertension Using Displacement Encoding with Stimulated Echoes (DENSE) MRI: A Prospective Patient Study with Contemporaneous CSF Pressure Correlation,2018,2018-02-01,American Journal of Neuroradiology,Saindane A.M.,10.3174/ajnr.A5486,2-s2.0-85042169254,SCOPUS_ID:85042169254,15,Article,
Diagnostic Accuracy of Centrally Restricted Diffusion in the Differentiation of Treatment-Related Necrosis from Tumor Recurrence in High-Grade Gliomas,2018,2018-02-01,American Journal of Neuroradiology,Zakhari N.,10.3174/ajnr.A5485,2-s2.0-85042142449,SCOPUS_ID:85042142449,35,Article,
Leukoaraiosis Attenuates Diagnostic Accuracy of Large-Vessel Occlusion Scales,2018,2018-02-01,American Journal of Neuroradiology,Mayasi Y.,10.3174/ajnr.A5473,2-s2.0-85040866709,SCOPUS_ID:85040866709,9,Article,
Combining Quantitative Susceptibility Mapping with Automatic Zero Reference (QSM0) and Myelin Water Fraction Imaging to Quantify Iron-Related Myelin Damage in Chronic Active MS Lesions,2018,2018-02-01,American Journal of Neuroradiology,Yao Y.,10.3174/ajnr.A5482,2-s2.0-85042149752,SCOPUS_ID:85042149752,49,Article,
Measuring Cerebral and Cerebellar Glutathione in Children Using1H MEGA-PRESS MRS,2018,2018-02-01,American Journal of Neuroradiology,Raschke F.,10.3174/ajnr.A5457,2-s2.0-85042153712,SCOPUS_ID:85042153712,9,Article,
Optic Nerve Measurement on MRI in the Pediatric Population: Normative Values and Correlations,2018,2018-02-01,American Journal of Neuroradiology,Al-Haddad C.E.,10.3174/ajnr.A5456,2-s2.0-85042165921,SCOPUS_ID:85042165921,32,Article,
On the Reproducibility of Inversion Recovery Intravoxel Incoherent Motion Imaging in Cerebrovascular Disease,2018,2018-02-01,American Journal of Neuroradiology,Wong S.M.,10.3174/ajnr.A5474,2-s2.0-85042159188,SCOPUS_ID:85042159188,15,Article,
The Role of Hemodynamics in Intracranial Bifurcation Arteries after Aneurysm Treatment with Flow-Diverter Stents,2018,2018-02-01,American Journal of Neuroradiology,Narata A.P.,10.3174/ajnr.A5471,2-s2.0-85042162241,SCOPUS_ID:85042162241,16,Article,
Feasibility of Permanent Stenting with Solitaire FR as a Rescue Treatment for the Reperfusion of Acute Intracranial Artery Occlusion,2018,2018-02-01,American Journal of Neuroradiology,Woo H.G.,10.3174/ajnr.A5477,2-s2.0-85042147223,SCOPUS_ID:85042147223,34,Article,
Economic Considerations in MR Imaging of Patients with Cardiac Devices,2018,2018-02-01,American Journal of Neuroradiology,Antonucci M.U.,10.3174/ajnr.A5450,2-s2.0-85042158468,SCOPUS_ID:85042158468,0,Letter,
White Matter Changes Related to Subconcussive Impact Frequency during a Single Season of High School Football,2018,2018-02-01,American Journal of Neuroradiology,Kuzminski S.J.,10.3174/ajnr.A5489,2-s2.0-85042163375,SCOPUS_ID:85042163375,43,Article,
"The Anesthesiologist, Rather Than the Anesthesia, May Influence the Outcomes following Stroke Thrombectomy",2018,2018-02-01,American Journal of Neuroradiology,Fandino W.,10.3174/ajnr.A5430,2-s2.0-85042146809,SCOPUS_ID:85042146809,2,Letter,
"Radiomics in Brain Tumor: Image Assessment, Quantitative Feature Descriptors, and Machine-Learning Approaches",2018,2018-02-01,American Journal of Neuroradiology,Zhou M.,10.3174/ajnr.A5391,2-s2.0-85042155083,SCOPUS_ID:85042155083,350,Review,
Lymphographic-Like Technique for the Treatment of Microcystic Lymphatic Malformation Components of <3 mm,2018,2018-02-01,American Journal of Neuroradiology,Da Ros V.,10.3174/ajnr.A5449,2-s2.0-85042160077,SCOPUS_ID:85042160077,24,Article,
Systematic Radiation Dose Reduction in Cervical Spine CT of Human Cadaveric Specimens: How Low Can We Go?,2018,2018-02-01,American Journal of Neuroradiology,Tozakidou M.,10.3174/ajnr.A5490,2-s2.0-85042143452,SCOPUS_ID:85042143452,19,Article,
REPLY:,2018,2018-02-01,American Journal of Neuroradiology,Korutz A.W.,10.3174/ajnr.A5467,2-s2.0-85042161722,SCOPUS_ID:85042161722,0,Letter,
Intranasal Esthesioneuroblastoma: CT Patterns Aid in Preventing Routine Nasal Polypectomy,2018,2018-02-01,American Journal of Neuroradiology,Peckham M.E.,10.3174/ajnr.A5464,2-s2.0-85042161246,SCOPUS_ID:85042161246,12,Article,
Carotid Artery Wall Imaging: Perspective and Guidelines from the ASNR Vessel Wall Imaging Study Group and Expert Consensus Recommendations of the American Society of Neuroradiology,2018,2018-02-01,American Journal of Neuroradiology,Saba L.,10.3174/ajnr.A5488,2-s2.0-85042156444,SCOPUS_ID:85042156444,286,Article,
Improved Precision of Automatic Brain Volume Measurements in Patients with Clinically Isolated Syndrome and Multiple Sclerosis Using Edema Correction,2018,2018-02-01,American Journal of Neuroradiology,Warntjes J.B.M.,10.3174/ajnr.A5476,2-s2.0-85042162728,SCOPUS_ID:85042162728,8,Article,
"Optimal Fat Suppression in Head and Neck MRI: Comparison of Multipoint Dixon with 2 Different Fat-Suppression Techniques, Spectral Presaturation and Inversion Recovery, and STIR",2018,2018-02-01,American Journal of Neuroradiology,Gaddikeri S.,10.3174/ajnr.A5483,2-s2.0-85042159581,SCOPUS_ID:85042159581,43,Article,
John Nash and the Organization of Stroke Care,2018,2018-02-01,American Journal of Neuroradiology,Goyal M.,10.3174/ajnr.A5481,2-s2.0-85042169023,SCOPUS_ID:85042169023,6,Review,
MR Perfusion to Determine the Status of Collaterals in Patients with Acute Ischemic Stroke: A Look Beyond Time Maps,2018,2018-02-01,American Journal of Neuroradiology,Nael K.,10.3174/ajnr.A5454,2-s2.0-85042154984,SCOPUS_ID:85042154984,26,Article,
Addition of Amide Proton Transfer Imaging to FDG-PET/CT Improves Diagnostic Accuracy in Glioma Grading: A Preliminary Study Using the Continuous Net Reclassification Analysis,2018,2018-02-01,American Journal of Neuroradiology,Sakata A.,10.3174/ajnr.A5503,2-s2.0-85042163558,SCOPUS_ID:85042163558,15,Article,
MR Imaging Characteristics Associate with Tumor-Associated Macrophages in Glioblastoma and Provide an Improved Signature for Survival Prognostication,2018,2018-02-01,American Journal of Neuroradiology,Zhou J.,10.3174/ajnr.A5441,2-s2.0-85042143262,SCOPUS_ID:85042143262,30,Article,
Cervical Cord Atrophy and Long-Term Disease Progression in Patients with Primary-Progressive Multiple Sclerosis,2018,2018-02-01,American Journal of Neuroradiology,Aymerich F.X.,10.3174/ajnr.A5495,2-s2.0-85042142278,SCOPUS_ID:85042142278,25,Article,
"Feasibility of brain atrophy measurement in clinical routine without prior standardization of the MRI protocol: RESULTS from ms-mrius, a longitudinal observational, multicenter real-world Outcome study in patients with relapsing-remitting MS",2018,2018-02-01,American Journal of Neuroradiology,Zivadinov R.,10.3174/ajnr.A5442,2-s2.0-85042160705,SCOPUS_ID:85042160705,32,Article,
The CT Swirl Sign Is Associated with Hematoma Expansion in Intracerebral Hemorrhage,2018,2018-02-01,American Journal of Neuroradiology,Ng D.,10.3174/ajnr.A5465,2-s2.0-85042167134,SCOPUS_ID:85042167134,65,Article,
Semiautomated Middle Ear Volume Measurement as a Predictor of Postsurgical Outcomes for Congenital Aural Atresia,2018,2018-02-01,American Journal of Neuroradiology,Kabadi S.J.,10.3174/ajnr.A5475,2-s2.0-85042165528,SCOPUS_ID:85042165528,16,Article,
Clinical and Radiologic Characteristics of Deep Lumbosacral Dural Arteriovenous Fistulas,2018,2018-02-01,American Journal of Neuroradiology,Jablawi F.,10.3174/ajnr.A5497,2-s2.0-85042150328,SCOPUS_ID:85042150328,19,Article,
REPLY:,2018,2018-02-01,American Journal of Neuroradiology,Nunes R.H.,10.3174/ajnr.a5447,2-s2.0-85042167404,SCOPUS_ID:85042167404,0,Letter,
Multiparametric Imaging Improves Confidence in the Diagnosis of Multinodular and Vacuolating Neuronal Tumor of the Cerebrum,2018,2018-02-01,American Journal of Neuroradiology,Lecler A.,10.3174/ajnr.A5425,2-s2.0-85042155262,SCOPUS_ID:85042155262,9,Letter,
Diffusion-Weighted Imaging of Brain Metastasis from Lung Cancer: Correlation of MRI Parameters with the Histologic Type and Gene Mutation Status,2018,2018-02-01,American Journal of Neuroradiology,Jung W.S.,10.3174/ajnr.A5516,2-s2.0-85042162824,SCOPUS_ID:85042162824,42,Article,
"Perivascular spaces in old age: Assessment, distribution, and correlation with white matter hyperintensities",2018,2018-01-01,American Journal of Neuroradiology,Laveskog A.,10.3174/ajnr.A5455,2-s2.0-85040464582,SCOPUS_ID:85040464582,55,Article,
Do fluid-attenuated inversion recovery vascular hyperintensities represent good collaterals before reperfusion therapy?,2018,2018-01-01,American Journal of Neuroradiology,Mahdjoub E.,10.3174/ajnr.A5431,2-s2.0-85040465748,SCOPUS_ID:85040465748,41,Article,
Diffusion-weighted imaging of the head and neck: Influence of fat-suppression technique and multishot 2D navigated interleaved acquisitions,2018,2018-01-01,American Journal of Neuroradiology,Bae Y.J.,10.3174/ajnr.A5426,2-s2.0-85040449133,SCOPUS_ID:85040449133,18,Article,
Long-term effectiveness of direct CT-guided aspiration and fenestration of symptomatic lumbar facet synovial cysts,2018,2018-01-01,American Journal of Neuroradiology,Shah V.N.,10.3174/ajnr.A5428,2-s2.0-85040447219,SCOPUS_ID:85040447219,17,Article,
Posttreatment infarct volumes when compared with 24-hour and 90-day clinical outcomes: Insights from the REVASCAT randomized controlled trial,2018,2018-01-01,American Journal of Neuroradiology,Al-Ajlan F.S.,10.3174/ajnr.A5463,2-s2.0-85040464880,SCOPUS_ID:85040464880,26,Article,
Role of MR neurography for the diagnosis of peripheral trigeminal nerve injuries in patients with prior molar tooth extraction,2018,2018-01-01,American Journal of Neuroradiology,Dessouky R.,10.3174/ajnr.A5438,2-s2.0-85040448452,SCOPUS_ID:85040448452,49,Article,
Spatial correlation of pathology and perfusion changes within the cortex and white matter in multiple sclerosis,2018,2018-01-01,American Journal of Neuroradiology,Mulholland A.D.,10.3174/ajnr.A5410,2-s2.0-85040443087,SCOPUS_ID:85040443087,8,Article,
Hemodynamic changes caused by multiple stenting in vertebral artery fusiform aneurysms: A patient-specific computational fluid dynamics study,2018,2018-01-01,American Journal of Neuroradiology,Lv N.,10.3174/ajnr.A5452,2-s2.0-85040447573,SCOPUS_ID:85040447573,15,Article,
"Health care economics: A study guide for neuroradiology fellows, part 2",2018,2018-01-01,American Journal of Neuroradiology,Weiner S.L.,10.3174/ajnr.A5382,2-s2.0-85040465104,SCOPUS_ID:85040465104,4,Review,
Semiautomated evaluation of the primary motor cortex in patients with amyotrophic lateral sclerosis at 3t,2018,2018-01-01,American Journal of Neuroradiology,Donatelli G.,10.3174/ajnr.A5423,2-s2.0-85040466599,SCOPUS_ID:85040466599,16,Article,
Gadolinium DTPA enhancement characteristics of the rat sciatic nerve after crush injury at 4.7T,2018,2018-01-01,American Journal of Neuroradiology,Hill B.J.,10.3174/ajnr.A5437,2-s2.0-85040443299,SCOPUS_ID:85040443299,14,Article,
Can arterial spin-labeling with multiple postlabeling delays predict cerebrovascular reserve?,2018,2018-01-01,American Journal of Neuroradiology,Choi H.J.,10.3174/ajnr.A5439,2-s2.0-85040462345,SCOPUS_ID:85040462345,24,Article,
Bipolar radiofrequency ablation of spinal tumors: The effect of the posterior vertebral cortex defect on temperature distribution in the spinal canal,2018,2018-01-01,American Journal of Neuroradiology,Zhang C.,10.3174/ajnr.A5393,2-s2.0-85040443044,SCOPUS_ID:85040443044,4,Letter,
Brain structural changes following HIV infection: Meta-analysis,2018,2018-01-01,American Journal of Neuroradiology,O'Connor E.E.,10.3174/ajnr.A5432,2-s2.0-85040449513,SCOPUS_ID:85040449513,57,Article,
Two-center experience in the endovascular treatment of ruptured and unruptured intracranial aneurysms using the web device: A retrospective analysis,2018,2018-01-01,American Journal of Neuroradiology,Popielski J.,10.3174/ajnr.A5413,2-s2.0-85040444533,SCOPUS_ID:85040444533,62,Article,
Association of developmental venous anomalies with demyelinating lesions in patients with multiple sclerosis,2018,2018-01-01,American Journal of Neuroradiology,Rogers D.M.,10.3174/ajnr.A5374,2-s2.0-85040466783,SCOPUS_ID:85040466783,14,Article,
Brain structural changes following HIV infection: Meta-analysis,2018,2018-01-01,American Journal of Neuroradiology,O'Connor E.E.,10.3174/ajnr.A5432,2-s2.0-85040449513,SCOPUS_ID:85040449513,57,Article,
Prediction of IDH1-mutation and 1p/19q-codeletion status using preoperative MR imaging phenotypes in lower grade gliomas,2018,2018-01-01,American Journal of Neuroradiology,Park Y.W.,10.3174/ajnr.A5421,2-s2.0-85040440494,SCOPUS_ID:85040440494,147,Article,
Influences for gender disparity in academic neuroradiology,2018,2018-01-01,American Journal of Neuroradiology,Ahmadi M.,10.3174/ajnr.A5443,2-s2.0-85040450565,SCOPUS_ID:85040450565,79,Article,
Dynamic contrast-enhanced MRI-derived intracellular water lifetime (T i ): A prognostic marker for patients with head and neck squamous cell carcinomas,2018,2018-01-01,American Journal of Neuroradiology,Chawla S.,10.3174/ajnr.A5440,2-s2.0-85040444345,SCOPUS_ID:85040444345,33,Article,
Reply,2018,2018-01-01,American Journal of Neuroradiology,Thakur S.K.,10.3174/ajnr.A5525,2-s2.0-85040445887,SCOPUS_ID:85040445887,0,Letter,
Improved spatiotemporal resolution of dynamic susceptibility contrast perfusion mri in brain tumors using simultaneous multi-slice echo-planar imaging,2018,2018-01-01,American Journal of Neuroradiology,Chakhoyan A.,10.3174/ajnr.A5433,2-s2.0-85040445089,SCOPUS_ID:85040445089,12,Article,
Imaging appearances and pathologic characteristics of spinal epidural meningioma,2018,2018-01-01,American Journal of Neuroradiology,Zhang L.H.,10.3174/ajnr.A5414,2-s2.0-85040450090,SCOPUS_ID:85040450090,23,Article,
CT attenuation analysis of carotid intraplaque hemorrhage,2018,2018-01-01,American Journal of Neuroradiology,Saba L.,10.3174/ajnr.A5461,2-s2.0-85040453563,SCOPUS_ID:85040453563,71,Article,
"Health care economics: A study guide for neuroradiology fellows, part 1",2018,2018-01-01,American Journal of Neuroradiology,Weiner S.L.,10.3174/ajnr.A5381,2-s2.0-85040446070,SCOPUS_ID:85040446070,4,Review,
Lower arterial cross-sectional area of carotid and vertebral arteries and higher frequency of secondary neck vessels are associated with multiple sclerosis,2018,2018-01-01,American Journal of Neuroradiology,Belov P.,10.3174/ajnr.A5469,2-s2.0-85040150060,SCOPUS_ID:85040150060,24,Article,
Heinz first to routinely catheterize carotid and vertebral arteries in America,2018,2018-01-01,American Journal of Neuroradiology,Heinz E.R.,10.3174/ajnr.A5429,2-s2.0-85040442874,SCOPUS_ID:85040442874,1,Letter,
Effect of an arm traction device on image quality and radiation exposure during neck CT: A prospective study,2018,2018-01-01,American Journal of Neuroradiology,Choi Y.J.,10.3174/ajnr.A5418,2-s2.0-85040461087,SCOPUS_ID:85040461087,9,Article,
Does the volume of csf removed affect the response to a tap in normal pressure hydrocephalus?,2018,2018-01-01,American Journal of Neuroradiology,Onder H.,10.3174/ajnr.A5422,2-s2.0-85040445783,SCOPUS_ID:85040445783,1,Letter,
Time for a time window extension: Insights from late presenters in the escape trial,2018,2018-01-01,American Journal of Neuroradiology,Evans J.W.,10.3174/ajnr.A5462,2-s2.0-85040448871,SCOPUS_ID:85040448871,31,Article,
Spinal cord gray matter atrophy in amyotrophic lateral sclerosis,2018,2018-01-01,American Journal of Neuroradiology,Paquin M.E.,10.3174/ajnr.A5427,2-s2.0-85040450095,SCOPUS_ID:85040450095,46,Article,
Deep brain nuclei t1 shortening after gadobenate dimeglumine in children: Influence of radiation and chemotherapy,2018,2018-01-01,American Journal of Neuroradiology,Kinner S.,10.3174/ajnr.A5453,2-s2.0-85040453895,SCOPUS_ID:85040453895,11,Article,
MR elastography analysis of glioma stiffness and IDH1-mutation status,2018,2018-01-01,American Journal of Neuroradiology,Pepin K.M.,10.3174/ajnr.A5415,2-s2.0-85040450440,SCOPUS_ID:85040450440,95,Article,
Reproducibility of deep gray matter atrophy rate measurement in a large multicenter dataset,2018,2018-01-01,American Journal of Neuroradiology,Meijerman A.,10.3174/ajnr.A5459,2-s2.0-85040452441,SCOPUS_ID:85040452441,15,Article,
Patterns of sonographically detectable echogenic foci in pediatric thyroid carcinoma with corresponding histopathology: An observational study,2018,2018-01-01,American Journal of Neuroradiology,Toslak I.E.,10.3174/ajnr.A5419,2-s2.0-85040444893,SCOPUS_ID:85040444893,11,Article,
WEB treatment of ruptured intracranial aneurysms: A single-center cohort of 100 patients,2017,2017-12-01,American Journal of Neuroradiology,Van Rooij S.B.T.,10.3174/ajnr.A5371,2-s2.0-85038570640,SCOPUS_ID:85038570640,80,Article,
Advantages of 70-kV CT angiography for the visualization of the adamkiewicz artery: Comparison with 120-kV imaging,2017,2017-12-01,American Journal of Neuroradiology,Shimoyama S.,10.3174/ajnr.A5372,2-s2.0-85038582139,SCOPUS_ID:85038582139,20,Article,
Endovascular treatment of vein of Galen malformations: A systematic review and meta-Analysis,2017,2017-12-01,American Journal of Neuroradiology,Brinjikji W.,10.3174/ajnr.A5403,2-s2.0-85038578109,SCOPUS_ID:85038578109,83,Review,
Hemodynamic characteristics of ruptured and unruptured multiple aneurysms at mirror and ipsilateral locations,2017,2017-12-01,American Journal of Neuroradiology,Doddasomayajula R.,10.3174/ajnr.A5397,2-s2.0-85038602359,SCOPUS_ID:85038602359,32,Article,
CT texture analysis potentially predicts local failure in head and neck squamous cell carcinoma treated with chemoradiotherapy,2017,2017-12-01,American Journal of Neuroradiology,Kuno H.,10.3174/ajnr.A5407,2-s2.0-85038597660,SCOPUS_ID:85038597660,80,Article,
Redefining the pulvinar sign in fabry disease,2017,2017-12-01,American Journal of Neuroradiology,Cocozza S.,10.3174/ajnr.A5420,2-s2.0-85038558236,SCOPUS_ID:85038558236,36,Article,
Redefining the pulvinar sign in fabry disease,2017,2017-12-01,American Journal of Neuroradiology,Cocozza S.,10.3174/ajnr.A5420,2-s2.0-85038558236,SCOPUS_ID:85038558236,36,Article,
Bring back the joy in neuroradiology,2017,2017-12-01,American Journal of Neuroradiology,Yousem D.,10.3174/ajnr.A5392,2-s2.0-85038557763,SCOPUS_ID:85038557763,0,Editorial,
"CT texture analysis: Defining and integrating new biomarkers for advanced oncologic imaging in precision medicine: A comment on ""CT texture analysis potentially predicts local failure in head and neck squamous cell carcinoma treated with chemoradiotherapy""",2017,2017-12-01,American Journal of Neuroradiology,Becker M.,10.3174/ajnr.A5451,2-s2.0-85038580153,SCOPUS_ID:85038580153,3,Note,
Necessary catheter diameters for mechanical thrombectomy with ADAPT,2017,2017-12-01,American Journal of Neuroradiology,Nikoubashman O.,10.3174/ajnr.A5401,2-s2.0-85038587016,SCOPUS_ID:85038587016,64,Article,
Predictors of incomplete occlusion following pipeline embolization of intracranial aneurysms: Is It less effective in older patients?,2017,2017-12-01,American Journal of Neuroradiology,Adeeb N.,10.3174/ajnr.A5375,2-s2.0-85038593423,SCOPUS_ID:85038593423,86,Article,
Reply,2017,2017-12-01,American Journal of Neuroradiology,Shinohara Y.,10.3174/ajnr.A5364,2-s2.0-85038579458,SCOPUS_ID:85038579458,0,Letter,
Zika virus iceberg: Very large,2017,2017-12-01,American Journal of Neuroradiology,Sriwijitalai W.,10.3174/ajnr.A5351,2-s2.0-85038588734,SCOPUS_ID:85038588734,0,Letter,
Photon-counting CT of the brain: In Vivo human results and image-quality assessment,2017,2017-12-01,American Journal of Neuroradiology,Pourmorteza A.,10.3174/ajnr.A5402,2-s2.0-85038595696,SCOPUS_ID:85038595696,110,Article,
Wide variability in prethrombectomy workflow practices in the United States: A multicenter survey,2017,2017-12-01,American Journal of Neuroradiology,Kansagra A.P.,10.3174/ajnr.A5384,2-s2.0-85038563319,SCOPUS_ID:85038563319,11,Conference Paper,
Quantitative synthetic MRI in children: Normative intracranial tissue segmentation values during development,2017,2017-12-01,American Journal of Neuroradiology,McAllister A.,10.3174/ajnr.A5398,2-s2.0-85038574052,SCOPUS_ID:85038574052,62,Article,
Comparison between the prebolus T1 measurement and the fixed T1 value in dynamic contrast-enhanced MR imaging for the differentiation of true progression from pseudoprogression in glioblastoma treated with concurrent radiation therapy and temozolomide chemotherapy,2017,2017-12-01,American Journal of Neuroradiology,Nam J.G.,10.3174/ajnr.A5417,2-s2.0-85038599824,SCOPUS_ID:85038599824,25,Article,
Safety and efficacy of aneurysm treatment with the WEB,2017,2017-12-01,American Journal of Neuroradiology,Pelz D.M.,10.3174/ajnr.A5387,2-s2.0-85038598569,SCOPUS_ID:85038598569,0,Letter,
Setting the stage for 2018: How the changes in the American joint committee on cancer/union for international cancer control cancer staging manual eighth edition impact radiologists,2017,2017-12-01,American Journal of Neuroradiology,Glastonbury C.M.,10.3174/ajnr.A5409,2-s2.0-85038557073,SCOPUS_ID:85038557073,37,Review,
Reply,2017,2017-12-01,American Journal of Neuroradiology,Reinacher P.C.,10.3174/ajnr.A5386,2-s2.0-85038593336,SCOPUS_ID:85038593336,1,Letter,
Reply,2017,2017-12-01,American Journal of Neuroradiology,Pierot L.,10.3174/ajnr.A5416,2-s2.0-85038562009,SCOPUS_ID:85038562009,0,Letter,
Head and neck MRI findings in CHARGE syndrome,2017,2017-12-01,American Journal of Neuroradiology,Hoch M.J.,10.3174/ajnr.A5297,2-s2.0-85037695511,SCOPUS_ID:85037695511,38,Conference Paper,
Initial investigation into microbleeds and white matter signal changes following radiotherapy for low-grade and benign brain tumors using ultra-high-field mri techniques,2017,2017-12-01,American Journal of Neuroradiology,Belliveau J.G.,10.3174/ajnr.A5395,2-s2.0-85038573490,SCOPUS_ID:85038573490,13,Article,
Treatment of middle cerebral artery aneurysms with flow- diverter stents: A systematic review and meta-Analysis,2017,2017-12-01,American Journal of Neuroradiology,Cagnazzo F.,10.3174/ajnr.A5388,2-s2.0-85038568286,SCOPUS_ID:85038568286,130,Review,
Regarding determining the orientation of directional deep brain stimulation electrodes using 3d rotational fluoroscopy,2017,2017-12-01,American Journal of Neuroradiology,Treuer H.,10.3174/ajnr.A5377,2-s2.0-85038564423,SCOPUS_ID:85038564423,7,Letter,
Association between carotid plaque features on CTA and cerebrovascular ischemia: A systematic review and meta-Analysis,2017,2017-12-01,American Journal of Neuroradiology,Baradaran H.,10.3174/ajnr.A5436,2-s2.0-85038564895,SCOPUS_ID:85038564895,105,Review,
Correlation between clinical outcomes and baseline CT and CT angiographic findings in the SWIFT PRIME trial,2017,2017-12-01,American Journal of Neuroradiology,Jadhav A.P.,10.3174/ajnr.A5406,2-s2.0-85038575359,SCOPUS_ID:85038575359,20,Article,
Gestational age at birth and brain white matter development in term-born infants and children,2017,2017-12-01,American Journal of Neuroradiology,Ou X.,10.3174/ajnr.A5408,2-s2.0-85038568832,SCOPUS_ID:85038568832,20,Article,
Basion-cartilaginous dens interval: An imaging parameter for craniovertebral junction assessment in children,2017,2017-12-01,American Journal of Neuroradiology,Singh A.K.,10.3174/ajnr.A5400,2-s2.0-85038600738,SCOPUS_ID:85038600738,10,Conference Paper,
Optimization of quantitative dynamic postgadolinium MRI technique using normalized ratios for the evaluation of temporomandibular joint synovitis in patients with juvenile idiopathic arthritis,2017,2017-12-01,American Journal of Neuroradiology,Caruso P.,10.3174/ajnr.A5424,2-s2.0-85038556251,SCOPUS_ID:85038556251,12,Conference Paper,
Anterior mesencephalic cap dysplasia: Novel brain stem malformative features associated with joubert syndrome,2017,2017-12-01,American Journal of Neuroradiology,Arrigoni F.,10.3174/ajnr.A5360,2-s2.0-85038571362,SCOPUS_ID:85038571362,21,Conference Paper,
Efficacy and safety of ethanol ablation for branchial cleft cysts,2017,2017-12-01,American Journal of Neuroradiology,Ha E.J.,10.3174/ajnr.A5373,2-s2.0-85038579910,SCOPUS_ID:85038579910,15,Article,
Preoperative cerebral oxygen extraction fraction imaging generated from 7t MR quantitative susceptibility mapping predicts development of cerebral hyperperfusion following carotid endarterectomy,2017,2017-12-01,American Journal of Neuroradiology,Nomura J.I.,10.3174/ajnr.A5390,2-s2.0-85038583650,SCOPUS_ID:85038583650,8,Article,
Pacemakers in MRI for the neuroradiologist,2017,2017-12-01,American Journal of Neuroradiology,Korutz A.W.,10.3174/ajnr.A5314,2-s2.0-85038580502,SCOPUS_ID:85038580502,13,Review,
WEB device: Ready for ruptured aneurysms?,2017,2017-12-01,American Journal of Neuroradiology,Caroff J.,10.3174/ajnr.A5367,2-s2.0-85038566896,SCOPUS_ID:85038566896,1,Note,
Pial artery supply as an anatomic risk factor for ischemic stroke in the treatment of intracranial dural arteriovenous fistulas,2017,2017-12-01,American Journal of Neuroradiology,Hetts S.W.,10.3174/ajnr.A5396,2-s2.0-85038588379,SCOPUS_ID:85038588379,25,Conference Paper,
Regarding perfusion MR imaging using a 3D pulsed continuous arterial spin-labeling method for acute cerebral infarction classified as branch atheromatous disease involving the lenticulostriate artery territory,2017,2017-12-01,American Journal of Neuroradiology,Shin D.H.,10.3174/ajnr.A5356,2-s2.0-85038564230,SCOPUS_ID:85038564230,0,Letter,
Flow diversion with low-profile braided stents for the treatment of very small or uncoilable intracranial aneurysms at or distal to the circle of willis,2017,2017-11-01,American Journal of Neuroradiology,Aydin K.,10.3174/ajnr.A5362,2-s2.0-85034576278,SCOPUS_ID:85034576278,38,Article,
Reaction time is negatively associated with corpus callosum area in the early stages of cadasil,2017,2017-11-01,American Journal of Neuroradiology,Delorme S.,10.3174/ajnr.A5378,2-s2.0-85034565313,SCOPUS_ID:85034565313,8,Article,
T1-weighted dynamic contrast-enhanced mr perfusion imaging characterizes tumor response to radiation therapy in chordoma,2017,2017-11-01,American Journal of Neuroradiology,Santos P.,10.3174/ajnr.A5383,2-s2.0-85034601723,SCOPUS_ID:85034601723,23,Article,
Topographic diagnosis of craniopharyngiomas: The accuracy of mri findings observed on conventional T1 and T2 images,2017,2017-11-01,American Journal of Neuroradiology,Prieto R.,10.3174/ajnr.A5361,2-s2.0-85034565672,SCOPUS_ID:85034565672,54,Article,
The diagnostic accuracy of contrast-enhanced CT of the neck for the investigation of sialolithiasis,2017,2017-11-01,American Journal of Neuroradiology,Purcell Y.M.,10.3174/ajnr.A5353,2-s2.0-85034605186,SCOPUS_ID:85034605186,19,Article,
Emergency department MR imaging scanner: Supportive data,2017,2017-11-01,American Journal of Neuroradiology,Yousem D.M.,10.3174/ajnr.A5315,2-s2.0-85034613787,SCOPUS_ID:85034613787,1,Letter,
The management and imaging of vestibular schwannomas,2017,2017-11-01,American Journal of Neuroradiology,Lin E.P.,10.3174/ajnr.A5213,2-s2.0-85034575746,SCOPUS_ID:85034575746,113,Review,
Radiomics approach fails to outperform null classifier on test data,2017,2017-11-01,American Journal of Neuroradiology,Colby J.B.,10.3174/ajnr.A5326,2-s2.0-85034619311,SCOPUS_ID:85034619311,3,Letter,
Cerebral microbleeds: A call for standardized advanced neuroimaging,2017,2017-11-01,American Journal of Neuroradiology,Rauscher A.,10.3174/ajnr.A5323,2-s2.0-85034619148,SCOPUS_ID:85034619148,0,Letter,
The brain thermal response as a potential neuroimaging biomarker of cerebrovascular impairment,2017,2017-11-01,American Journal of Neuroradiology,Fleischer C.C.,10.3174/ajnr.A5380,2-s2.0-85034596668,SCOPUS_ID:85034596668,16,Article,
Imaging findings of benign enhancing foramen magnum lesions,2017,2017-11-01,American Journal of Neuroradiology,Antonucci M.U.,10.3174/ajnr.A5330,2-s2.0-85034585730,SCOPUS_ID:85034585730,2,Letter,
Brain temperature is increased during the first days of life in asphyxiated newborns: Developing brain injury despite hypothermia treatment,2017,2017-11-01,American Journal of Neuroradiology,Owji Z.P.,10.3174/ajnr.A5350,2-s2.0-85034594456,SCOPUS_ID:85034594456,17,Article,
"Does the addition of a ""black bone"" sequence to a fast multisequence trauma mr protocol allow MRI to replace ct after traumatic brain injury in children?",2017,2017-11-01,American Journal of Neuroradiology,Dremmen M.H.G.,10.3174/ajnr.A5405,2-s2.0-85034597946,SCOPUS_ID:85034597946,63,Article,
Reply,2017,2017-11-01,American Journal of Neuroradiology,Bodanapally U.K.,10.3174/ajnr.A5379,2-s2.0-85034618715,SCOPUS_ID:85034618715,0,Letter,
Patient outcomes and cerebral infarction after ruptured anterior communicating artery aneurysm treatment,2017,2017-11-01,American Journal of Neuroradiology,Heit J.,10.3174/ajnr.A5355,2-s2.0-85034580827,SCOPUS_ID:85034580827,34,Article,
Perspectives,2017,2017-11-01,American Journal of Neuroradiology,Rees J.H.,10.3174/ajnr.P0043,2-s2.0-85034616576,SCOPUS_ID:85034616576,0,Note,
Pituitary macroadenoma and visual impairment: Postoperative outcome prediction with contrast-enhanced FIESTA,2017,2017-11-01,American Journal of Neuroradiology,Hisanaga S.,10.3174/ajnr.A5394,2-s2.0-85034617129,SCOPUS_ID:85034617129,20,Article,
Comparison of clinical outcomes of intracranial aneurysms: Procedural rupture versus spontaneous rupture,2017,2017-11-01,American Journal of Neuroradiology,Choi H.H.,10.3174/ajnr.A5344,2-s2.0-85034584411,SCOPUS_ID:85034584411,4,Article,
Reply,2017,2017-11-01,American Journal of Neuroradiology,Tiwari P.,10.3174/ajnr.A5366,2-s2.0-85034586035,SCOPUS_ID:85034586035,0,Letter,
Reply,2017,2017-11-01,American Journal of Neuroradiology,Buller M.,10.3174/ajnr.A5325,2-s2.0-85034585379,SCOPUS_ID:85034585379,0,Letter,
Reply,2017,2017-11-01,American Journal of Neuroradiology,Petr O.,10.3174/ajnr.A5435,2-s2.0-85034572258,SCOPUS_ID:85034572258,0,Letter,
Apparent diffusion coefficient histograms of human papillomavirus-positive and human papillomavirus-negative head and neck squamous cell carcinoma: Assessment of tumor heterogeneity and comparison with histopathology,2017,2017-11-01,American Journal of Neuroradiology,De Perrot T.,10.3174/ajnr.A5370,2-s2.0-85034591236,SCOPUS_ID:85034591236,70,Article,
MR neurography of greater occipital nerve neuropathy: Initial experience in patients with migraine,2017,2017-11-01,American Journal of Neuroradiology,Hwang L.,10.3174/ajnr.A5354,2-s2.0-85034586995,SCOPUS_ID:85034586995,25,Article,
Real-time motor cortex mapping for the safe resection of glioma: An intraoperative resting-state fMRI study,2017,2017-11-01,American Journal of Neuroradiology,Qiu T.M.,10.3174/ajnr.A5369,2-s2.0-85034599512,SCOPUS_ID:85034599512,31,Article,
Volume of structures in the fetal brain measured with a new semiautomated method,2017,2017-11-01,American Journal of Neuroradiology,Ber R.,10.3174/ajnr.A5349,2-s2.0-85034601564,SCOPUS_ID:85034601564,22,Article,
Added value of arterial spin-labeling mr imaging for the differentiation of cerebellar hemangioblastoma from metastasis,2017,2017-11-01,American Journal of Neuroradiology,Kang K.M.,10.3174/ajnr.A5363,2-s2.0-85034609186,SCOPUS_ID:85034609186,10,Article,
Arterial spin-labeling perfusion MR imaging demonstrates regional cbf decrease in idiopathic normal pressure hydrocephalus,2017,2017-11-01,American Journal of Neuroradiology,Virhammar J.,10.3174/ajnr.A5347,2-s2.0-85034610340,SCOPUS_ID:85034610340,43,Article,
Prevalence of internal auditory canal diverticulum and its association with hearing loss and otosclerosis,2017,2017-11-01,American Journal of Neuroradiology,Pippin K.J.,10.3174/ajnr.A5399,2-s2.0-85034578837,SCOPUS_ID:85034578837,23,Conference Paper,
Angioarchitectures and hemodynamic characteristics of posterior communicating artery aneurysms and their association with rupture status,2017,2017-11-01,American Journal of Neuroradiology,Chung B.J.,10.3174/ajnr.A5358,2-s2.0-85034602120,SCOPUS_ID:85034602120,32,Article,
MR imaging features of the cerebellum in adult-onset neuronal intranuclear inclusion disease: 8 cases,2017,2017-11-01,American Journal of Neuroradiology,Sugiyama A.,10.3174/ajnr.A5336,2-s2.0-85034603618,SCOPUS_ID:85034603618,92,Article,
Selective poststent balloon angioplasty for carotid stenting,2017,2017-11-01,American Journal of Neuroradiology,Pelz D.M.,10.3174/ajnr.A5346,2-s2.0-85034576130,SCOPUS_ID:85034576130,0,Letter,
Transient focal neurologic symptoms correspond to regional cerebral hypoperfusion by MRI: A stroke mimic in children,2017,2017-11-01,American Journal of Neuroradiology,Lehman L.,10.3174/ajnr.A5296,2-s2.0-85034574923,SCOPUS_ID:85034574923,11,Article,
Anterior circulation acute ischemic stroke associated with atherosclerotic lesions of the cervical ICA: A nosologic entity apart,2017,2017-11-01,American Journal of Neuroradiology,Eker O.F.,10.3174/ajnr.A5404,2-s2.0-85034571525,SCOPUS_ID:85034571525,11,Article,
Prevalence of intracranial aneurysms in patients with aortic dissection,2017,2017-11-01,American Journal of Neuroradiology,Jung W.S.,10.3174/ajnr.A5359,2-s2.0-85034583103,SCOPUS_ID:85034583103,15,Article,
Open globe injury: Ultrasound first!,2017,2017-11-01,American Journal of Neuroradiology,Lecler A.,10.3174/ajnr.A5282,2-s2.0-85034572689,SCOPUS_ID:85034572689,3,Letter,
Clinical and imaging characteristics of arteriopathy subtypes in children with arterial ischemic stroke: Results of the vips study,2017,2017-11-01,American Journal of Neuroradiology,Wintermark M.,10.3174/ajnr.A5376,2-s2.0-85034582070,SCOPUS_ID:85034582070,120,Article,
"Differences in morphologic and hemodynamic characteristics for ""pHASES-Based"" intracranial aneurysm locations",2017,2017-11-01,American Journal of Neuroradiology,Varble N.,10.3174/ajnr.A5341,2-s2.0-85034590651,SCOPUS_ID:85034590651,35,Article,
Detection of volume-changing metastatic brain tumors on longitudinal MRI using a semiautomated algorithm based on the jacobian operator field,2017,2017-11-01,American Journal of Neuroradiology,Shearkhani O.,10.3174/ajnr.A5352,2-s2.0-85034611970,SCOPUS_ID:85034611970,9,Article,
Measurement for detection of incomplete partition type II anomalies on MR imaging,2017,2017-10-01,American Journal of Neuroradiology,Reinshagen K.,10.3174/ajnr.A5335,2-s2.0-85031711054,SCOPUS_ID:85031711054,25,Article,
High-resolution hybrid imaging could improve cordotomy lesions and outcomes,2017,2017-10-01,American Journal of Neuroradiology,Vargas M.I.,10.3174/ajnr.A5269,2-s2.0-85031719690,SCOPUS_ID:85031719690,1,Letter,
"Neuroimaging changes in menkes disease, part 2,menkes working group in the Italian neuroimaging network for rare diseases",2017,2017-10-01,American Journal of Neuroradiology,Manara R.,10.3174/ajnr.A5192,2-s2.0-85031762886,SCOPUS_ID:85031762886,30,Review,
Assessment of iron deposition in the brain in frontotemporal dementia and its correlation with behavioral traits,2017,2017-10-01,American Journal of Neuroradiology,Sheelakumari R.,10.3174/ajnr.A5339,2-s2.0-85031714371,SCOPUS_ID:85031714371,32,Article,
Pre-And postcontrast 3D double inversion recovery sequence in multiple sclerosis: A simple and effective mr imaging protocol,2017,2017-10-01,American Journal of Neuroradiology,Eichinger P.,10.3174/ajnr.A5329,2-s2.0-85031756518,SCOPUS_ID:85031756518,12,Article,
Dual-energy CT in enhancing subdural effusions that masquerade as subdural hematomas: Diagnosis with virtual high-monochromatic (190-keV) images,2017,2017-10-01,American Journal of Neuroradiology,Bodanapally U.K.,10.3174/ajnr.A5318,2-s2.0-85031747382,SCOPUS_ID:85031747382,30,Article,
The concept of number needed to image,2017,2017-10-01,American Journal of Neuroradiology,Haller S.,10.3174/ajnr.A5276,2-s2.0-85031746828,SCOPUS_ID:85031746828,9,Letter,
Multicenter experience with FRED Jr flow re-direction endoluminal device for intracranial aneurysms in small arteries,2017,2017-10-01,American Journal of Neuroradiology,Möhlenbruch M.A.,10.3174/ajnr.A5332,2-s2.0-85031755989,SCOPUS_ID:85031755989,73,Conference Paper,
Minor stroke and thrombolysis: What is in the pipeline?,2017,2017-10-01,American Journal of Neuroradiology,Gallerini S.,10.3174/ajnr.A5298,2-s2.0-85031727345,SCOPUS_ID:85031727345,1,Letter,
Reply [1],2017,2017-10-01,American Journal of Neuroradiology,Messer M.,10.3174/ajnr.A5319,2-s2.0-85031718962,SCOPUS_ID:85031718962,0,Letter,
Yield of image-guided needle biopsy for infectious discitis: A systematic review and meta-Analysis,2017,2017-10-01,American Journal of Neuroradiology,McNamara A.,10.3174/ajnr.A5337,2-s2.0-85031738309,SCOPUS_ID:85031738309,97,Conference Paper,
Test-retest and interreader reproducibility of semiautomated atlas-based analysis of diffusion tensor imaging data in acute cervical spine trauma in adult patients,2017,2017-10-01,American Journal of Neuroradiology,Peterson D.J.,10.3174/ajnr.A5334,2-s2.0-85031729445,SCOPUS_ID:85031729445,9,Conference Paper,
Localizing the L5 vertebra using nerve morphology on MRI: An accurate and reliable technique,2017,2017-10-01,American Journal of Neuroradiology,Peckham M.E.,10.3174/ajnr.A5311,2-s2.0-85031718798,SCOPUS_ID:85031718798,13,Conference Paper,
American society of functional neuroradiology-recommended fMRI paradigm algorithms for presurgical language assessment,2017,2017-10-01,American Journal of Neuroradiology,Black D.F.,10.3174/ajnr.A5345,2-s2.0-85031713699,SCOPUS_ID:85031713699,131,Article,
Clinical impact of flat panel volume ct angiography in evaluating the accurate intraoperative deployment of flow-diverter stents,2017,2017-10-01,American Journal of Neuroradiology,Clarençon F.,10.3174/ajnr.A5343,2-s2.0-85031711102,SCOPUS_ID:85031711102,15,Article,
"Spinal cord, spinal root, and brain mri abnormalities in congenital zika syndrome",2017,2017-10-01,American Journal of Neuroradiology,Joob B.,10.3174/ajnr.A5268,2-s2.0-85031747310,SCOPUS_ID:85031747310,0,Letter,
"Multinodular and vacuolating neuronal tumor of the cerebrum: A new ""leave me alone"" lesion with a characteristic imaging pattern",2017,2017-10-01,American Journal of Neuroradiology,Nunes R.H.,10.3174/ajnr.A5281,2-s2.0-85031742429,SCOPUS_ID:85031742429,107,Article,
Erratum: Distinguishing neuroimaging features in patients presenting with visual hallucinations (American Journal of Neuroradiology (2016) 37 (774-781) DOI: 10.3174/ajnr.A4636),2017,2017-10-01,American Journal of Neuroradiology,,10.3174/ajnr.A5389,2-s2.0-85031759265,SCOPUS_ID:85031759265,0,Erratum,
Improved detection of anterior circulation occlusions: The delayed vessel sign on multiphase CT angiography,2017,2017-10-01,American Journal of Neuroradiology,Byrne D.,10.3174/ajnr.A5317,2-s2.0-85031741098,SCOPUS_ID:85031741098,45,Article,
Maximizing the tweet engagement rate in academia: Analysis of the AJNR twitter feed,2017,2017-10-01,American Journal of Neuroradiology,Wadhwa V.,10.3174/ajnr.A5283,2-s2.0-85031745742,SCOPUS_ID:85031745742,48,Review,
Diagnostic accuracy of neuroimaging to delineate diffuse gliomas within the brain: A meta-Analysis,2017,2017-10-01,American Journal of Neuroradiology,Verburg N.,10.3174/ajnr.A5368,2-s2.0-85031711098,SCOPUS_ID:85031711098,47,Article,
The use and utility of aspiration thrombectomy in acute ischemic stroke: A systematic review and meta-Analysis,2017,2017-10-01,American Journal of Neuroradiology,Wei D.,10.3174/ajnr.A5309,2-s2.0-85031758822,SCOPUS_ID:85031758822,21,Article,
[18F]-sodium fluoride PET MR-based localization and quantification of bone turnover as a biomarker for facet joint-induced disability,2017,2017-10-01,American Journal of Neuroradiology,Jenkins N.W.,10.3174/ajnr.A5348,2-s2.0-85031734479,SCOPUS_ID:85031734479,17,Article,
Spinal and paraspinal plexiform neurofibromas in patients with neurofibromatosis type 1: A novel scoring system for radiological-clinical correlation,2017,2017-10-01,American Journal of Neuroradiology,Mauda-Havakuk M.,10.3174/ajnr.A5338,2-s2.0-85031751441,SCOPUS_ID:85031751441,15,Review,
Packing density necessary to reach a high complete occlusion rate in circumferential unruptured intracranial aneurysms treated with stent-Assisted coil embolization,2017,2017-10-01,American Journal of Neuroradiology,Tosello R.,10.3174/ajnr.A5303,2-s2.0-85031711620,SCOPUS_ID:85031711620,14,Article,
Basal ganglia T1 hyperintensity in hereditary hemorrhagic telangiectasia,2017,2017-10-01,American Journal of Neuroradiology,Parvinian A.,10.3174/ajnr.A5322,2-s2.0-85031719032,SCOPUS_ID:85031719032,8,Article,
"Age, sex, and racial differences in neuroimaging use in acute stroke: A population-based study",2017,2017-10-01,American Journal of Neuroradiology,Vagal A.,10.3174/ajnr.A5340,2-s2.0-85031733618,SCOPUS_ID:85031733618,14,Conference Paper,
Coregistration and fusion: An easy and reliable method for identifying cranial nerve IV on MRI,2017,2017-10-01,American Journal of Neuroradiology,Lecler A.,10.3174/ajnr.A5286,2-s2.0-85031761360,SCOPUS_ID:85031761360,0,Letter,
3D pseudocontinuous arterial spin-labeling MR imaging in the preoperative evaluation of gliomas,2017,2017-10-01,American Journal of Neuroradiology,Zeng Q.,10.3174/ajnr.A5299,2-s2.0-85031747190,SCOPUS_ID:85031747190,49,Article,
"Neuroimaging changes in menkes disease, part 1",2017,2017-10-01,American Journal of Neuroradiology,Manara R.,10.3174/ajnr.A5186,2-s2.0-85031709544,SCOPUS_ID:85031709544,53,Review,
Imaging biomarkers for adult medulloblastomas: Genetic entities may be identified by their MR imaging radiophenotype,2017,2017-10-01,American Journal of Neuroradiology,Keil V.C.,10.3174/ajnr.A5313,2-s2.0-85031724964,SCOPUS_ID:85031724964,23,Conference Paper,
Reply,2017,2017-10-01,American Journal of Neuroradiology,Bunch P.,10.3174/ajnr.A5294,2-s2.0-85031757988,SCOPUS_ID:85031757988,0,Letter,
Flat panel angiography in the cross-sectional imaging of the temporal bone: Assessment of image quality and radiation dose compared with a 64-section multisection CT scanner,2017,2017-10-01,American Journal of Neuroradiology,Conte G.,10.3174/ajnr.A5302,2-s2.0-85031719399,SCOPUS_ID:85031719399,16,Article,
"Analysis of white matter damage in patients with multiple sclerosis via a novel in Vivo MR method for measuring myelin, axons, and G-ratio",2017,2017-10-01,American Journal of Neuroradiology,Hagiwara A.,10.3174/ajnr.A5312,2-s2.0-85031741819,SCOPUS_ID:85031741819,44,Article,
"Age, sex, and racial differences in neuroimaging use in acute stroke: A population-based study",2017,2017-10-01,American Journal of Neuroradiology,Vagal A.,10.3174/ajnr.A5340,2-s2.0-85031733618,SCOPUS_ID:85031733618,14,Conference Paper,
Anatomic location of tumor predicts the accuracy of motor function localization in diffuse lower-grade gliomas involving the hand knob area,2017,2017-10-01,American Journal of Neuroradiology,Fang S.,10.3174/ajnr.A5342,2-s2.0-85031709373,SCOPUS_ID:85031709373,33,Article,
Endovascular treatment of dural arteriovenous fistulas of the transverse and sigmoid sinuses using transarterial balloon-Assisted embolization combined with transvenous balloon protection of the venous sinus,2017,2017-10-01,American Journal of Neuroradiology,Piechowiak E.,10.3174/ajnr.A5333,2-s2.0-85031720934,SCOPUS_ID:85031720934,49,Article,
In vivo imaging of venous side cerebral small-vessel disease in older adults: An MRI method at 7T,2017,2017-10-01,American Journal of Neuroradiology,Shaaban C.E.,10.3174/ajnr.A5327,2-s2.0-85031742272,SCOPUS_ID:85031742272,47,Article,
"Intracranial perishunt catheter fluid collections with edema, a sign of shunt malfunction: Correlation of CT/MRI and nuclear medicine findings",2017,2017-09-01,American Journal of Neuroradiology,Kale H.,10.3174/ajnr.A5291,2-s2.0-85029234460,SCOPUS_ID:85029234460,7,Conference Paper,
"Pericortical enhancement on delayed postgadolinium fluid-attenuated inversion recovery images in normal aging, mild cognitive impairment, and Alzheimer disease",2017,2017-09-01,American Journal of Neuroradiology,Freeze W.M.,10.3174/ajnr.A5273,2-s2.0-85029232487,SCOPUS_ID:85029232487,37,Article,
Prospective comparison of changes in lumbar spine MRI findings over time between individuals with acute low back pain and controls: An exploratory study,2017,2017-09-01,American Journal of Neuroradiology,Panagopoulos J.,10.3174/ajnr.A5357,2-s2.0-85029231047,SCOPUS_ID:85029231047,16,Review,
"Sigmoid sinus diverticulum, dehiscence, and venous sinus stenosis: Potential causes of pulsatile tinnitus in patients with idiopathic intracranial hypertension?",2017,2017-09-01,American Journal of Neuroradiology,Lansley J.A.,10.3174/ajnr.A5277,2-s2.0-85029212406,SCOPUS_ID:85029212406,51,Conference Paper,
New ultrasound measurements to bridge the gap between prenatal and neonatal brain growth assessment,2017,2017-09-01,American Journal of Neuroradiology,Koning I.V.,10.3174/ajnr.A5278,2-s2.0-85029231861,SCOPUS_ID:85029231861,18,Article,
Association between intracranial atherosclerotic calcium burden and angiographic luminal stenosis measurements,2017,2017-09-01,American Journal of Neuroradiology,Baradaran H.,10.3174/ajnr.A5310,2-s2.0-85029230411,SCOPUS_ID:85029230411,14,Article,
Characteristics of CSF velocity-time profile in posttraumatic syringomyelia,2017,2017-09-01,American Journal of Neuroradiology,Yeo J.,10.3174/ajnr.A5304,2-s2.0-85029226988,SCOPUS_ID:85029226988,18,Article,
Syringohydromyelia in patients with Chiari i malformation: A retrospective analysis,2017,2017-09-01,American Journal of Neuroradiology,Gad K.A.,10.3174/ajnr.A5290,2-s2.0-85029210103,SCOPUS_ID:85029210103,30,Article,
Is hippocampal volumetry really all that matters?,2017,2017-09-01,American Journal of Neuroradiology,Haller S.,10.3174/ajnr.A5250,2-s2.0-85029231559,SCOPUS_ID:85029231559,2,Letter,
Amide proton transfer imaging allows detection of glioma grades and tumor proliferation: Comparison with Ki-67 expression and proton MR spectroscopy imaging,2017,2017-09-01,American Journal of Neuroradiology,Su C.,10.3174/ajnr.A5301,2-s2.0-85029218901,SCOPUS_ID:85029218901,64,Article,
Influence of carotid siphon anatomy on brain aneurysm presentation,2017,2017-09-01,American Journal of Neuroradiology,Waihrich E.,10.3174/ajnr.A5285,2-s2.0-85029215297,SCOPUS_ID:85029215297,13,Article,
Relationship between glioblastoma heterogeneity and survival time: An MR imaging texture analysis,2017,2017-09-01,American Journal of Neuroradiology,Liu Y.,10.3174/ajnr.A5279,2-s2.0-85029212812,SCOPUS_ID:85029212812,84,Article,
Ethanol ablation of ranulas: Short-term follow-up results and clinicoradiologic factors for successful outcome,2017,2017-09-01,American Journal of Neuroradiology,Ryu K.H.,10.3174/ajnr.A5292,2-s2.0-85029219763,SCOPUS_ID:85029219763,12,Article,
"Current and emerging therapies in multiple sclerosis: Implications for the radiologist, part 2-surveillance for treatment complications and disease progression",2017,2017-09-01,American Journal of Neuroradiology,McNamara C.,10.3174/ajnr.A5148,2-s2.0-85029222232,SCOPUS_ID:85029222232,10,Review,
How common is signal-intensity increase in optic nerve segments on 3D double inversion recovery sequences in visually asymptomatic patients with multiple sclerosis?,2017,2017-09-01,American Journal of Neuroradiology,Sartoretti T.,10.3174/ajnr.A5262,2-s2.0-85029225009,SCOPUS_ID:85029225009,21,Article,
Analysis of 30 spinal angiograms falsely reported as normal in 18 patients with subsequently documented spinal vascular malformations,2017,2017-09-01,American Journal of Neuroradiology,Barreras P.,10.3174/ajnr.A5275,2-s2.0-85029227950,SCOPUS_ID:85029227950,32,Article,
LAST 2 CH 2 ANCE: A summary of selection criteria for thrombectomy in acute ischemic stroke,2017,2017-09-01,American Journal of Neuroradiology,Yang P.,10.3174/ajnr.A5249,2-s2.0-85029229905,SCOPUS_ID:85029229905,4,Letter,
Identification and quantitative assessment of different components of intracranial atherosclerotic plaque by ex vivo 3T high-resolution multicontrast MRI,2017,2017-09-01,American Journal of Neuroradiology,Jiang Y.,10.3174/ajnr.A5266,2-s2.0-85029232924,SCOPUS_ID:85029232924,11,Article,
Comparison of gadoterate meglumine and gadobutrol in the MRI diagnosis of primary brain tumors: A double-blind randomized controlled intraindividual crossover study (the REMIND study),2017,2017-09-01,American Journal of Neuroradiology,Maravilla K.R.,10.3174/ajnr.A5316,2-s2.0-85029216496,SCOPUS_ID:85029216496,22,Article,
"Current and emerging therapies in multiple sclerosis: Implications for the radiologist, part 1-mechanisms, efficacy, and safety",2017,2017-09-01,American Journal of Neuroradiology,McNamara C.,10.3174/ajnr.A5147,2-s2.0-85029217323,SCOPUS_ID:85029217323,11,Review,
Diagnostic performance of a 10-minute gadolinium-enhanced brain MRI protocol compared with the standard clinical protocol for detection of intracranial enhancing lesions,2017,2017-09-01,American Journal of Neuroradiology,Fagundes J.,10.3174/ajnr.A5293,2-s2.0-85029234794,SCOPUS_ID:85029234794,19,Article,
MRI of the swallow tail sign: A useful marker in the diagnosis of lewy body dementia?,2017,2017-09-01,American Journal of Neuroradiology,Shams S.,10.3174/ajnr.A5274,2-s2.0-85029223794,SCOPUS_ID:85029223794,57,Article,
Optimization of DSC MRI echo times for CBV measurements using error analysis in a pilot study of high-grade gliomas,2017,2017-09-01,American Journal of Neuroradiology,Bell L.C.,10.3174/ajnr.A5295,2-s2.0-85029232690,SCOPUS_ID:85029232690,9,Article,
Reply,2017,2017-09-01,American Journal of Neuroradiology,Tanpitukpongse T.P.,10.3174/ajnr.A5259,2-s2.0-85029232594,SCOPUS_ID:85029232594,0,Letter,
Diagnostic utility of increased STIR signal in the posterior atlanto-occipital and atlantoaxial membrane complex on MRI in acute C1-C2 fracture,2017,2017-09-01,American Journal of Neuroradiology,Chang Y.M.,10.3174/ajnr.A5284,2-s2.0-85029224231,SCOPUS_ID:85029224231,9,Article,
Increased curvature of the tentorium cerebelli in idiopathic intracranial hypertension,2017,2017-09-01,American Journal of Neuroradiology,Morris P.P.,10.3174/ajnr.A5289,2-s2.0-85029215822,SCOPUS_ID:85029215822,10,Article,
FDG-PET/CT or MRI for the diagnosis of primary progressive aphasia?,2017,2017-09-01,American Journal of Neuroradiology,Matias-Guiu J.A.,10.3174/ajnr.A5255,2-s2.0-85029211069,SCOPUS_ID:85029211069,4,Letter,
Value of thrombus CT CHARACTERISTICS in PATIENTS with ACUTE ISCHEMIC STROKE,2017,2017-09-01,American Journal of Neuroradiology,Borst J.,10.3174/ajnr.A5331,2-s2.0-85029212636,SCOPUS_ID:85029212636,37,Article,
Carotid plaque morphology and ischemic vascular brain disease on MRI,2017,2017-09-01,American Journal of Neuroradiology,Van Den Bouwhuijsen Q.J.A.,10.3174/ajnr.A5288,2-s2.0-85029225926,SCOPUS_ID:85029225926,20,Article,
Risk factor analysis of recanalization timing in coiled aneurysms: Early versus late recanalization,2017,2017-09-01,American Journal of Neuroradiology,Jeon J.P.,10.3174/ajnr.A5267,2-s2.0-85029230916,SCOPUS_ID:85029230916,25,Article,
Syringomyelia fluid dynamics and cord motion revealed by serendipitous null point artifacts during cine MRI,2017,2017-09-01,American Journal of Neuroradiology,Honey C.M.,10.3174/ajnr.A5328,2-s2.0-85029223532,SCOPUS_ID:85029223532,13,Article,
T1 signal measurements in pediatric brain: Findings after multiple exposures to gadobenate dimeglumine for imaging of nonneurologic disease,2017,2017-09-01,American Journal of Neuroradiology,Schneider G.K.,10.3174/ajnr.A5270,2-s2.0-85029218678,SCOPUS_ID:85029218678,29,Article,
"Focal low and global high permeability predict the possibility, risk, and location of hemorrhagic transformation following intra-arterial thrombolysis therapy in acute stroke",2017,2017-09-01,American Journal of Neuroradiology,Li Y.,10.3174/ajnr.A5287,2-s2.0-85029212984,SCOPUS_ID:85029212984,20,Article,
Reply,2017,2017-09-01,American Journal of Neuroradiology,Sajjadi S.A.,10.3174/ajnr.A5261,2-s2.0-85029226402,SCOPUS_ID:85029226402,0,Letter,
Jugular anomalies in multiple sclerosis are associated with increased collateral venous flow,2017,2017-08-01,American Journal of Neuroradiology,Sethi S.K.,10.3174/ajnr.A5219,2-s2.0-85027394883,SCOPUS_ID:85027394883,15,Article,
MR imaging in sudden sensorineural hearing loss. Time to talk,2017,2017-08-01,American Journal of Neuroradiology,Conte G.,10.3174/ajnr.A5230,2-s2.0-85027421130,SCOPUS_ID:85027421130,39,Review,
The impact of conscious sedation versus general anesthesia for stroke thrombectomy on the predictive value of collateral status: A post Hoc analysis of the SIESTA trial,2017,2017-08-01,American Journal of Neuroradiology,Schönenberger S.,10.3174/ajnr.A5243,2-s2.0-85027397339,SCOPUS_ID:85027397339,12,Article,
Does 3T fetal MRI improve image resolution of normal brain structures between 20 and 24 weeks' gestational age?,2017,2017-08-01,American Journal of Neuroradiology,Priego G.,10.3174/ajnr.A5251,2-s2.0-85027409718,SCOPUS_ID:85027409718,31,Article,
Is an intact posterior vertebral body cortex protective for percutaneous ablation?,2017,2017-08-01,American Journal of Neuroradiology,Gemmete J.,10.3174/ajnr.A5235,2-s2.0-85027418963,SCOPUS_ID:85027418963,1,Note,
Reliability of white matter microstructural changes in HIV infection: Meta-analysis and confirmation,2017,2017-08-01,American Journal of Neuroradiology,O'Connor E.E.,10.3174/ajnr.A5229,2-s2.0-85027420314,SCOPUS_ID:85027420314,34,Article,
Dentate update: Imaging features of entities that affect the dentate nucleus,2017,2017-08-01,American Journal of Neuroradiology,Bond K.M.,10.3174/ajnr.A5138,2-s2.0-85027403662,SCOPUS_ID:85027403662,51,Review,
Effect of retrievable stent size on endovascular treatment of acute ischemic stroke: A multicenter study,2017,2017-08-01,American Journal of Neuroradiology,Yang D.,10.3174/ajnr.A5232,2-s2.0-85027396921,SCOPUS_ID:85027396921,24,Article,
Perfusion MR imaging using a 3D pulsed continuous arterial spin-labeling method for acute cerebral infarction classified as branch atheromatous disease involving the lenticulostriate artery territory,2017,2017-08-01,American Journal of Neuroradiology,Shinohara Y.,10.3174/ajnr.A5247,2-s2.0-85027410256,SCOPUS_ID:85027410256,16,Article,
Temporal evolution of disc in young patients with low back pain and stress reaction in lumbar vertebrae,2017,2017-08-01,American Journal of Neuroradiology,Sharma A.,10.3174/ajnr.A5237,2-s2.0-85027413154,SCOPUS_ID:85027413154,11,Article,
Reply,2017,2017-08-01,American Journal of Neuroradiology,Nawfel R.,10.3174/ajnr.A5242,2-s2.0-85027400565,SCOPUS_ID:85027400565,0,Letter,
Head-to-head visual comparison between brain perfusion SPECT and arterial spin-labeling MRI with different postlabeling delays in Alzheimer disease,2017,2017-08-01,American Journal of Neuroradiology,Kaneta T.,10.3174/ajnr.A5238,2-s2.0-85027394832,SCOPUS_ID:85027394832,9,Article,
Non-contrast-enhanced silent scan MR angiography of intracranial anterior circulation aneurysms treated with a low-profile visualized intraluminal support device,2017,2017-08-01,American Journal of Neuroradiology,Takano N.,10.3174/ajnr.A5223,2-s2.0-85027411706,SCOPUS_ID:85027411706,50,Article,
The initial area under the curve derived from dynamic contrast-enhanced MRI improves prognosis prediction in glioblastoma with unmethylated MGMT promoter,2017,2017-08-01,American Journal of Neuroradiology,Choi Y.S.,10.3174/ajnr.A5265,2-s2.0-85027400393,SCOPUS_ID:85027400393,15,Article,
Influence of ultra-low-dose and iterative reconstructions on the visualization of orbital soft tissues on maxillofacial CT,2017,2017-08-01,American Journal of Neuroradiology,Widmann G.,10.3174/ajnr.A5239,2-s2.0-85027399581,SCOPUS_ID:85027399581,11,Article,
"Regarding ""what is the ideal core number for ultrasonography-guided thyroid biopsy of cytologically inconclusive nodules?""",2017,2017-08-01,American Journal of Neuroradiology,Park H.,10.3174/ajnr.A5231,2-s2.0-85027406630,SCOPUS_ID:85027406630,2,Letter,
"Differentiation between treatment-induced necrosis and recurrent tumors in patients with metastatic brain tumors: Comparison among 11C-Methionine-PET, FDG-PET, MR permeability imaging, and MRI-ADC-preliminary results",2017,2017-08-01,American Journal of Neuroradiology,Tomura N.,10.3174/ajnr.A5252,2-s2.0-85027419966,SCOPUS_ID:85027419966,61,Article,
Functional connectivity in virally suppressed patients with HIV-associated neurocognitive disorder: A resting-state analysis,2017,2017-08-01,American Journal of Neuroradiology,Chaganti J.R.,10.3174/ajnr.A5246,2-s2.0-85027405194,SCOPUS_ID:85027405194,51,Article,
"Regarding ""differences in hemodynamics and rupture rate of aneurysms at the bifurcation of the basilar and internal carotid arteries""",2017,2017-08-01,American Journal of Neuroradiology,Li W.,10.3174/ajnr.A5224,2-s2.0-85027398298,SCOPUS_ID:85027398298,2,Letter,
E-ASPECTS correlates with and is predictive of outcome after mechanical thrombectomy,2017,2017-08-01,American Journal of Neuroradiology,Pfaff J.,10.3174/ajnr.A5236,2-s2.0-85027419646,SCOPUS_ID:85027419646,72,Article,
Diffusional kurtosis imaging of the corticospinal tract in multiple sclerosis: Association with neurologic disability,2017,2017-08-01,American Journal of Neuroradiology,Spampinato M.V.,10.3174/ajnr.A5225,2-s2.0-85027399639,SCOPUS_ID:85027399639,14,Article,
Cumulative dose of macrocyclic gadolinium-based contrast agent improves detection of enhancing lesions in patients with multiple sclerosis,2017,2017-08-01,American Journal of Neuroradiology,Rovira A.,10.3174/ajnr.A5253,2-s2.0-85027407261,SCOPUS_ID:85027407261,14,Article,
Acute basilar artery occlusion: Differences in characteristics and outcomes after endovascular therapy between patients with and without underlying severe atherosclerotic stenosis,2017,2017-08-01,American Journal of Neuroradiology,Lee Y.Y.,10.3174/ajnr.A5233,2-s2.0-85027409072,SCOPUS_ID:85027409072,100,Article,
"Percutaneous spinal ablation in a sheep model: Protective capacity of an intact cortex, correlation of ablation parameters with ablation zone size, and correlation of postablation MRI and pathologic findings",2017,2017-08-01,American Journal of Neuroradiology,Wallace A.N.,10.3174/ajnr.A5228,2-s2.0-85027401545,SCOPUS_ID:85027401545,30,Article,
CT angiography ASPECTS predicts outcome much better than noncontrast CT in patients with stroke treated endovascularly,2017,2017-08-01,American Journal of Neuroradiology,Sallustio F.,10.3174/ajnr.A5264,2-s2.0-85027409686,SCOPUS_ID:85027409686,27,Article,
Transcranial duplex sonography predicts outcome following an intracerebral hemorrhage,2017,2017-08-01,American Journal of Neuroradiology,Camps-Renom P.,10.3174/ajnr.A5248,2-s2.0-85027412592,SCOPUS_ID:85027412592,24,Article,
Volumetric analysis from a harmonized multisite brain MRI study of a single subject with multiple sclerosis,2017,2017-08-01,American Journal of Neuroradiology,Shinohara R.T.,10.3174/ajnr.A5254,2-s2.0-85027405388,SCOPUS_ID:85027405388,103,Article,
Reply,2017,2017-08-01,American Journal of Neuroradiology,Doddasomayajula R.,10.3174/ajnr.A5240,2-s2.0-85027406441,SCOPUS_ID:85027406441,0,Letter,
"Regarding ""measured head CT/CTA skin dose and intensive care unit patient cumulative exposure""",2017,2017-08-01,American Journal of Neuroradiology,Ikuta I.,10.3174/ajnr.A5234,2-s2.0-85027420844,SCOPUS_ID:85027420844,1,Letter,
State of practice: Endovascular treatment of acute aneurysmal SAH in Germany,2017,2017-08-01,American Journal of Neuroradiology,Janssen H.,10.3174/ajnr.A5260,2-s2.0-85027417694,SCOPUS_ID:85027417694,8,Article,
Erratum: Widespread white matter alterations in patients with end-stage renal disease: A voxelwise diffusion tensor imaging study (American Journal of Neuroradiology (2013) 34 (1945-1951) DOI: 10.3174/ajnr.A3511),2017,2017-08-01,American Journal of Neuroradiology,,10.3174/ajnr.A5258,2-s2.0-85027398470,SCOPUS_ID:85027398470,0,Erratum,
MR imaging diagnosis of diencephalic-mesencephalic junction dysplasia in fetuses with developmental ventriculomegaly,2017,2017-08-01,American Journal of Neuroradiology,Severino M.,10.3174/ajnr.A5245,2-s2.0-85027400715,SCOPUS_ID:85027400715,22,Article,
Introduction of a dedicated emergency department MR imaging scanner at the barrow neurological institute,2017,2017-08-01,American Journal of Neuroradiology,Buller M.,10.3174/ajnr.A5210,2-s2.0-85027402749,SCOPUS_ID:85027402749,18,Review,
Treatment of tandem internal carotid artery aneurysms using a single pipeline embolization device: Evaluation of safety and efficacy,2017,2017-08-01,American Journal of Neuroradiology,Adeeb N.,10.3174/ajnr.A5221,2-s2.0-85027416769,SCOPUS_ID:85027416769,10,Article,
"To tPA or Not to tPA, that is the question",2017,2017-08-01,American Journal of Neuroradiology,Leslie-Mazwi T.M.,10.3174/ajnr.A5263,2-s2.0-85027409427,SCOPUS_ID:85027409427,12,Editorial,
Temporal and spatial variances in arterial spin-labeling are inversely related to large-artery blood velocity,2017,2017-08-01,American Journal of Neuroradiology,Robertson A.D.,10.3174/ajnr.A5257,2-s2.0-85027394665,SCOPUS_ID:85027394665,17,Article,
"Retrospective validation of a computer-assisted quantification model of intracerebral hemorrhage volume on accuracy, precision, and acquisition time, compared with standard ABC/2 manual volume calculation",2017,2017-08-01,American Journal of Neuroradiology,Xue W.,10.3174/ajnr.A5256,2-s2.0-85027404871,SCOPUS_ID:85027404871,11,Article,
"Nonmicrocephalic infants with congenital zika syndrome suspected only after neuroimaging evaluation compared with those with microcephaly at birth and postnatally: How large is the Zika virus ""iceberg""?",2017,2017-07-01,American Journal of Neuroradiology,Aragao M.F.V.V.,10.3174/ajnr.A5216,2-s2.0-85027002860,SCOPUS_ID:85027002860,116,Article,
Diffusional kurtosis imaging and motor outcome in acute ischemic stroke,2017,2017-07-01,American Journal of Neuroradiology,Spampinato M.V.,10.3174/ajnr.A5180,2-s2.0-85027024562,SCOPUS_ID:85027024562,34,Article,
Temporary stent-assisted coil embolization as a treatment option for wide-neck aneurysms,2017,2017-07-01,American Journal of Neuroradiology,Müller M.,10.3174/ajnr.A5204,2-s2.0-85027016580,SCOPUS_ID:85027016580,13,Article,
Impact of anesthesia on the outcome of acute ischemic stroke after endovascular treatment with the Solitaire stent retriever,2017,2017-07-01,American Journal of Neuroradiology,Slezak A.,10.3174/ajnr.A5183,2-s2.0-85027041357,SCOPUS_ID:85027041357,30,Article,
Pontomesencephalic atrophy and postural instability in Wilson disease,2017,2017-07-01,American Journal of Neuroradiology,Kalita J.,10.3174/ajnr.A5207,2-s2.0-85027079271,SCOPUS_ID:85027079271,10,Article,
"Carotid bulb webs as a cause of ""cryptogenic"" ischemic stroke",2017,2017-07-01,American Journal of Neuroradiology,Sajedi P.I.,10.3174/ajnr.A5208,2-s2.0-85027067372,SCOPUS_ID:85027067372,123,Article,
Apparent diffusion coefficient value changes and clinical correlation in 90 cases of cytomegalovirus-infected fetuses with unremarkable fetal MRI results,2017,2017-07-01,American Journal of Neuroradiology,Kotovich D.,10.3174/ajnr.A5222,2-s2.0-85027034747,SCOPUS_ID:85027034747,11,Article,
Zuckerkandl tubercle of the thyroid gland: Correlations between findings of anatomic dissections and CT imaging,2017,2017-07-01,American Journal of Neuroradiology,Won H.J.,10.3174/ajnr.A5172,2-s2.0-85027034962,SCOPUS_ID:85027034962,10,Article,
"TIPIC syndrome: Beyond the myth of carotidynia, a new distinct unclassified entity",2017,2017-07-01,American Journal of Neuroradiology,Lecler A.,10.3174/ajnr.A5214,2-s2.0-85027074935,SCOPUS_ID:85027074935,85,Article,
The central bright spot sign: A potential new MR imaging sign for the early diagnosis of anterior ischemic optic neuropathy due to giant cell arteritis,2017,2017-07-01,American Journal of Neuroradiology,Remond P.,10.3174/ajnr.A5205,2-s2.0-85027049799,SCOPUS_ID:85027049799,33,Article,
Erratum: Validation of an MRI brain injury and growth scoring system in very preterm infants scanned at 29- to 35-week postmenstrual age (American Journal of Neuroradiology (2017) 38 (1435-1442) DOI: 10.3174/ajnr.A5191),2017,2017-07-01,American Journal of Neuroradiology,Ware R.S.,10.3174/ajnr.A5448,2-s2.0-85040467205,SCOPUS_ID:85040467205,0,Erratum,
Retention of gadolinium-based contrast agents in multiple sclerosis: Retrospective analysis of an 18-year longitudinal study,2017,2017-07-01,American Journal of Neuroradiology,Forslin Y.,10.3174/ajnr.A5211,2-s2.0-85027011501,SCOPUS_ID:85027011501,51,Article,
Lumbar puncture test in normal pressure hydrocephalus: Does the volume of csf removed affect the response to tap?,2017,2017-07-01,American Journal of Neuroradiology,Thakur S.K.,10.3174/ajnr.A5187,2-s2.0-85027014374,SCOPUS_ID:85027014374,27,Article,
Discrimination between glioma grades II and III using dynamic susceptibility perfusion MRI: A meta-analysis,2017,2017-07-01,American Journal of Neuroradiology,Delgado A.F.,10.3174/ajnr.A5218,2-s2.0-85026997924,SCOPUS_ID:85026997924,50,Article,
Liquid embolic agents for endovascular embolization: Evaluation of an established (Onyx) and a novel (PHIL) embolic agent in an in vitro AVM model,2017,2017-07-01,American Journal of Neuroradiology,Vollherbst D.,10.3174/ajnr.A5203,2-s2.0-85027030900,SCOPUS_ID:85027030900,45,Article,
Appropriate minimal dose of gadobutrol for 3D time-resolved MRA of the supra-aortic arteries: Comparison with conventional single-phase high-resolution 3D contrast-enhanced MRA,2017,2017-07-01,American Journal of Neuroradiology,Bak S.H.,10.3174/ajnr.A5176,2-s2.0-85027046435,SCOPUS_ID:85027046435,11,Article,
3D T2-SPACE versus T2-FSE or T2 gradient recalled-echo: Which is the best sequence?,2017,2017-07-01,American Journal of Neuroradiology,Vargas M.I.,10.3174/ajnr.A5190,2-s2.0-85027020549,SCOPUS_ID:85027020549,6,Letter,
The qualified clinical data registry: A pathway to success within MACRA,2017,2017-07-01,American Journal of Neuroradiology,Chen M.M.,10.3174/ajnr.A5220,2-s2.0-85027046719,SCOPUS_ID:85027046719,17,Article,
Difficult lumbar puncture: Pitfalls and tips from the trenches,2017,2017-07-01,American Journal of Neuroradiology,Hudgins P.A.,10.3174/ajnr.A5128,2-s2.0-85027006684,SCOPUS_ID:85027006684,49,Review,
Correlation of thrombectomy maneuver count with recanalization success and clinical outcome in patients with ischemic stroke,2017,2017-07-01,American Journal of Neuroradiology,Seker F.,10.3174/ajnr.A5212,2-s2.0-85027027539,SCOPUS_ID:85027027539,58,Article,
The role of core needle biopsy for thyroid nodules with initially indeterminate results on previous fine-needle aspiration: A systematic review and meta-analysis,2017,2017-07-01,American Journal of Neuroradiology,Suh C.H.,10.3174/ajnr.A5182,2-s2.0-85027000921,SCOPUS_ID:85027000921,26,Article,
Validation of an MRI brain injury and growth scoring system in very preterm infants scanned at 29-to 35-week postmenstrual age,2017,2017-07-01,American Journal of Neuroradiology,George J.M.,10.3174/ajnr.A5191,2-s2.0-85027064653,SCOPUS_ID:85027064653,45,Article,
"Baseline survey of the neuroradiology work environment in the United States with reported trends in clinical work, nonclinical work, perceptions of trainees, and burnout metrics",2017,2017-07-01,American Journal of Neuroradiology,Chen J.Y.,10.3174/ajnr.A5215,2-s2.0-85027039031,SCOPUS_ID:85027039031,47,Review,
APOE∗E4 is associated with gray matter loss in the posterior cingulate cortex in healthy elderly controls subsequently developing subtle cognitive decline,2017,2017-07-01,American Journal of Neuroradiology,Haller S.,10.3174/ajnr.A5184,2-s2.0-85027045641,SCOPUS_ID:85027045641,30,Article,
What does the boxed warning tell us? Safe practice of using ferumoxytol as an MRI CONTRAST AGENT,2017,2017-07-01,American Journal of Neuroradiology,Varallyay C.G.,10.3174/ajnr.A5188,2-s2.0-85027063640,SCOPUS_ID:85027063640,46,Article,
"Mechanical thrombectomy with the embolus retriever with interlinked cages in acute ischemic stroke: ERIC, the new boy in the class",2017,2017-07-01,American Journal of Neuroradiology,Steglich-Arnholm H.,10.3174/ajnr.A5201,2-s2.0-85027044215,SCOPUS_ID:85027044215,12,Article,
Quantitative folding pattern analysis of early primary sulci in human fetuses with brain abnormalities,2017,2017-07-01,American Journal of Neuroradiology,Im K.,10.3174/ajnr.A5217,2-s2.0-85027021937,SCOPUS_ID:85027021937,37,Article,
Reply,2017,2017-07-01,American Journal of Neuroradiology,Chokshi F.,10.3174/ajnr.A5202,2-s2.0-85027058143,SCOPUS_ID:85027058143,0,Letter,
The use of noncontrast quantitative MRI to detect gadolinium-enhancing multiple sclerosis brain lesions: A systematic review and meta-analysis,2017,2017-07-01,American Journal of Neuroradiology,Gupta A.,10.3174/ajnr.A5209,2-s2.0-85027062439,SCOPUS_ID:85027062439,35,Article,
Prevalence of traumatic findings on routine MRI in a large cohort of professional fighters,2017,2017-07-01,American Journal of Neuroradiology,Lee J.K.,10.3174/ajnr.A5175,2-s2.0-85027036678,SCOPUS_ID:85027036678,32,Article,
Neuroradiologists compared with non-neuroradiologists in the detection of new multiple sclerosis plaques,2017,2017-07-01,American Journal of Neuroradiology,Wang W.,10.3174/ajnr.A5185,2-s2.0-85027073672,SCOPUS_ID:85027073672,17,Article,
Solid lymph nodes as an imaging biomarker for risk stratification in human papillomavirus-related oropharyngeal squamous cell carcinoma,2017,2017-07-01,American Journal of Neuroradiology,Rath T.J.,10.3174/ajnr.A5177,2-s2.0-85027076134,SCOPUS_ID:85027076134,19,Article,
3D-printed patient-specific models for CT-and MRI-guided procedure planning,2017,2017-07-01,American Journal of Neuroradiology,George E.,10.3174/ajnr.A5189,2-s2.0-85027060486,SCOPUS_ID:85027060486,5,Letter,
Characterization of extensive microstructural variations associated with punctate white matter lesions in preterm neonates,2017,2017-06-01,American Journal of Neuroradiology,Li X.,10.3174/ajnr.A5226,2-s2.0-85020549724,SCOPUS_ID:85020549724,19,Article,
Safety and efficacy of aneurysm treatment with the WEB: Results of the WEBCAST 2 study,2017,2017-06-01,American Journal of Neuroradiology,Pierot L.,10.3174/ajnr.A5178,2-s2.0-85020540914,SCOPUS_ID:85020540914,183,Article,
Enhancing the radiologist-patient relationship through improved communication: A quantitative readability analysis in spine radiology,2017,2017-06-01,American Journal of Neuroradiology,Hansberry D.R.,10.3174/ajnr.A5151,2-s2.0-85020540757,SCOPUS_ID:85020540757,8,Article,
Noninvasive assessment of IDH mutational status in World Health Organization grade II and III astrocytomas using DWI and DSC-PWI combined with conventional MR imaging,2017,2017-06-01,American Journal of Neuroradiology,Xing Z.,10.3174/ajnr.A5171,2-s2.0-85020529751,SCOPUS_ID:85020529751,120,Article,
"Striving for the best: How far should we go? Regarding ""impact of modified TICI 3 versus modified TICI 2b reperfusion score to predict good outcome following endovascular therapy""",2017,2017-06-01,American Journal of Neuroradiology,Kaesmacher J.,10.3174/ajnr.A5154,2-s2.0-85020498104,SCOPUS_ID:85020498104,7,Letter,
Preliminary experience with stent-assisted coiling of aneurysms arising from small (<2.5 mm) cerebral vessels using the low-profile visualized intraluminal support device,2017,2017-06-01,American Journal of Neuroradiology,Wang C.C.,10.3174/ajnr.A5145,2-s2.0-85020538133,SCOPUS_ID:85020538133,25,Article,
Differentiation of enhancing glioma and primary central nervous system lymphoma by texture-based machine learning,2017,2017-06-01,American Journal of Neuroradiology,Alcaide-Leon P.,10.3174/ajnr.A5173,2-s2.0-85020543132,SCOPUS_ID:85020543132,59,Article,
"Measurable supratentorial white matter volume changes in patients with diffuse intrinsic pontine glioma treated with an anti-vascular endothelial growth factor agent, steroids, and radiation",2017,2017-06-01,American Journal of Neuroradiology,Svolos P.,10.3174/ajnr.A5159,2-s2.0-85020534405,SCOPUS_ID:85020534405,5,Article,
4D DSA for dynamic visualization of cerebral vasculature: A single-center experience in 26 cases,2017,2017-06-01,American Journal of Neuroradiology,Lang S.,10.3174/ajnr.A5161,2-s2.0-85020498694,SCOPUS_ID:85020498694,43,Article,
"Regarding ""embolization of intracranial dural arteriovenous fistulas using PHIL liquid embolic agent in 26 patients: A multicenter study""",2017,2017-06-01,American Journal of Neuroradiology,Bhatia V.,10.3174/ajnr.A5142,2-s2.0-85020540927,SCOPUS_ID:85020540927,0,Letter,
Asymmetric Meckel cave enlargement: A potential marker of PHACES syndrome,2017,2017-06-01,American Journal of Neuroradiology,Wright J.N.,10.3174/ajnr.A5140,2-s2.0-85020542984,SCOPUS_ID:85020542984,8,Article,
Pretreatment ADC values predict response to radiosurgery in vestibular schwannomas,2017,2017-06-01,American Journal of Neuroradiology,Camargo A.,10.3174/ajnr.A5144,2-s2.0-85020537101,SCOPUS_ID:85020537101,26,Article,
"Relationships among cortical glutathione levels, brain amyloidosis, and memory in healthy older adults investigated in vivo with 1H-MRS and Pittsburgh compound-B PET",2017,2017-06-01,American Journal of Neuroradiology,Chiang G.C.,10.3174/ajnr.A5143,2-s2.0-85020498396,SCOPUS_ID:85020498396,61,Article,
"Synthetic MRI for clinical neuroimaging: Results of the magnetic resonance image compilation (MAGiC) prospective, multicenter, multireader trial",2017,2017-06-01,American Journal of Neuroradiology,Tanenbaum L.N.,10.3174/ajnr.A5227,2-s2.0-85020549252,SCOPUS_ID:85020549252,268,Article,
Asymmetric Meckel cave enlargement: A potential marker of PHACES syndrome,2017,2017-06-01,American Journal of Neuroradiology,Wright J.N.,10.3174/ajnr.A5140,2-s2.0-85020542984,SCOPUS_ID:85020542984,8,Article,
Pretreatment ADC values predict response to radiosurgery in vestibular schwannomas,2017,2017-06-01,American Journal of Neuroradiology,Camargo A.,10.3174/ajnr.A5144,2-s2.0-85020537101,SCOPUS_ID:85020537101,26,Article,
"Relationships among cortical glutathione levels, brain amyloidosis, and memory in healthy older adults investigated in vivo with 1H-MRS and Pittsburgh compound-B PET",2017,2017-06-01,American Journal of Neuroradiology,Chiang G.C.,10.3174/ajnr.A5143,2-s2.0-85020498396,SCOPUS_ID:85020498396,61,Article,
Initial performance of NI-RADS to predict residual or recurrent head and neck squamous cell carcinoma,2017,2017-06-01,American Journal of Neuroradiology,Krieger D.A.,10.3174/ajnr.A5157,2-s2.0-85020524966,SCOPUS_ID:85020524966,58,Article,
"Clinically feasible microstructural MRI to quantify cervical spinal cord tissue injury using DTI, MT, and T2∗-weighted imaging: Assessment of normative data and reliability",2017,2017-06-01,American Journal of Neuroradiology,Martin A.R.,10.3174/ajnr.A5163,2-s2.0-85020538438,SCOPUS_ID:85020538438,72,Article,
The role of MRI in diagnosing neurovascular compression of the cochlear nerve resulting in typewriter tinnitus,2017,2017-06-01,American Journal of Neuroradiology,Bae Y.J.,10.3174/ajnr.A5156,2-s2.0-85020534710,SCOPUS_ID:85020534710,24,Article,
Role of high-resolution dynamic contrast-enhanced MRI with golden-angle radial sparse parallel reconstruction to identify the normal pituitary gland in patients with macroadenomas,2017,2017-06-01,American Journal of Neuroradiology,Sen R.,10.3174/ajnr.A5244,2-s2.0-85020554446,SCOPUS_ID:85020554446,16,Article,
Imaging manifestations of pseudoprogression in metastatic melanoma nodes injected with talimogene laherparepvec: Initial experience,2017,2017-06-01,American Journal of Neuroradiology,Zamora C.,10.3174/ajnr.A5206,2-s2.0-85020553512,SCOPUS_ID:85020553512,4,Article,
MR imaging grading system for skull base chordoma,2017,2017-06-01,American Journal of Neuroradiology,Tian K.,10.3174/ajnr.A5152,2-s2.0-85020493508,SCOPUS_ID:85020493508,24,Article,
Autoimmune encephalitis: Pathophysiology and imaging review of an overlooked diagnosis,2017,2017-06-01,American Journal of Neuroradiology,Kelley B.,10.3174/ajnr.A5086,2-s2.0-85020497021,SCOPUS_ID:85020497021,233,Review,
Thalamic iron differentiates primary-progressive and relapsing-remitting multiple sclerosis,2017,2017-06-01,American Journal of Neuroradiology,Burgetova A.,10.3174/ajnr.A5166,2-s2.0-85020543262,SCOPUS_ID:85020543262,41,Article,
Resting-state seed-based analysis: An alternative to task-based language fMRI and its laterality index,2017,2017-06-01,American Journal of Neuroradiology,Smitha K.,10.3174/ajnr.A5169,2-s2.0-85020535631,SCOPUS_ID:85020535631,35,Article,
Caution; confusion ahead...,2017,2017-06-01,American Journal of Neuroradiology,Capocci R.,10.3174/ajnr.A5179,2-s2.0-85020540852,SCOPUS_ID:85020540852,10,Letter,
Large basilar apex aneurysms treated with flow-diverter stents,2017,2017-06-01,American Journal of Neuroradiology,Da Ros V.,10.3174/ajnr.A5167,2-s2.0-85020518531,SCOPUS_ID:85020518531,19,Article,
Determining the orientation of directional deep brain stimulation electrodes using 3D rotational fluoroscopy,2017,2017-06-01,American Journal of Neuroradiology,Reinacher P.,10.3174/ajnr.A5153,2-s2.0-85020549200,SCOPUS_ID:85020549200,61,Article,
A novel MRI biomarker of spinal cord white matter injury: T2∗-weighted white matter to gray matter signal intensity ratio,2017,2017-06-01,American Journal of Neuroradiology,Martin A.R.,10.3174/ajnr.A5162,2-s2.0-85020511651,SCOPUS_ID:85020511651,80,Article,
Differences in activation and deactivation in children with sickle cell disease compared with demographically matched controls,2017,2017-06-01,American Journal of Neuroradiology,Sun B.,10.3174/ajnr.A5170,2-s2.0-85020508088,SCOPUS_ID:85020508088,4,Article,
Minor stroke syndromes in large-vessel occlusions: Mechanical thrombectomy or thrombolysis only?,2017,2017-06-01,American Journal of Neuroradiology,Messer M.P.,10.3174/ajnr.A5164,2-s2.0-85020547285,SCOPUS_ID:85020547285,57,Article,
Imaging findings in patients with zoster-associated plexopathy,2017,2017-06-01,American Journal of Neuroradiology,Zubair A.S.,10.3174/ajnr.A5149,2-s2.0-85020542496,SCOPUS_ID:85020542496,21,Article,
Proton chemical shift Imaging study of the combined antiretroviral therapy impact on neurometabolic parameters in chronic HIV infection,2017,2017-06-01,American Journal of Neuroradiology,Boban J.,10.3174/ajnr.A5160,2-s2.0-85020548719,SCOPUS_ID:85020548719,11,Article,
Understanding angiography-based aneurysm flow fields through comparison with computational fluid dynamics,2017,2017-06-01,American Journal of Neuroradiology,Cebral J.R.,10.3174/ajnr.A5158,2-s2.0-85020536918,SCOPUS_ID:85020536918,17,Article,
Risk of thrombus fragmentation during endovascular stroke treatment,2017,2017-05-01,American Journal of Neuroradiology,Kaesmacher X.,10.3174/ajnr.A5105,2-s2.0-85019899663,SCOPUS_ID:85019899663,163,Article,
Reply,2017,2017-05-01,American Journal of Neuroradiology,Booth T.N.,10.3174/ajnr.A5111,2-s2.0-85019863543,SCOPUS_ID:85019863543,0,Letter,
Performance assessment for brain MR imaging registration methods,2017,2017-05-01,American Journal of Neuroradiology,Lin J.S.,10.3174/ajnr.A5122,2-s2.0-85019923942,SCOPUS_ID:85019923942,10,Article,
Can mri visual assessment differentiate the variants of primary-progressive aphasia?,2017,2017-05-01,American Journal of Neuroradiology,Sajjadi S.A.,10.3174/ajnr.A5126,2-s2.0-85019861604,SCOPUS_ID:85019861604,28,Article,
Intracranial arteriovenous shunting detection with arterial spin-labeling and susceptibility-weighted imaging: Potential pitfall of a venous predominant parenchymal arteriovenous malformation,2017,2017-05-01,American Journal of Neuroradiology,Nabavizadeh S.A.,10.3174/ajnr.A5108,2-s2.0-85019928165,SCOPUS_ID:85019928165,3,Letter,
Selective-versus-standard poststent dilation for carotid artery disease: A systematic review and meta-analysis,2017,2017-05-01,American Journal of Neuroradiology,Petr X.O.,10.3174/ajnr.A5103,2-s2.0-85019893988,SCOPUS_ID:85019893988,8,Review,
Hindbrain herniation in Chiari II malformation on fetal and postnatal MRI,2017,2017-05-01,American Journal of Neuroradiology,Nagaraj U.D.,10.3174/ajnr.A5116,2-s2.0-85019895523,SCOPUS_ID:85019895523,56,Article,
Classification of high-grade glioma into tumor and nontumor components using support vector machine,2017,2017-05-01,American Journal of Neuroradiology,Blumenthal D.T.,10.3174/ajnr.A5127,2-s2.0-85019936932,SCOPUS_ID:85019936932,33,Article,
Intraforaminal location of thoracolumbar radicular arteries providing an anterior radiculomedullary artery using flat panel catheter angiotomography,2017,2017-05-01,American Journal of Neuroradiology,Gregg L.,10.3174/ajnr.A5104,2-s2.0-85019961021,SCOPUS_ID:85019961021,23,Article,
A multiparametric model for mapping cellularity in glioblastoma using radiographically localized biopsies,2017,2017-05-01,American Journal of Neuroradiology,Chang P.D.,10.3174/ajnr.A5112,2-s2.0-85019842202,SCOPUS_ID:85019842202,103,Article,
Clinical and imaging characteristics of diffuse intracranial dolichoectasia,2017,2017-05-01,American Journal of Neuroradiology,Brinjikji W.,10.3174/ajnr.A5102,2-s2.0-85019880764,SCOPUS_ID:85019880764,26,Article,
Prognostic predictors of visual outcome in open globe injury: Emphasis on facial CT findings,2017,2017-05-01,American Journal of Neuroradiology,Bodanapally U.K.,10.3174/ajnr.A5107,2-s2.0-85019956946,SCOPUS_ID:85019956946,9,Article,
Entorhinal cortex: Antemortem cortical thickness and postmortem neurofibrillary tangles and amyloid pathology,2017,2017-05-01,American Journal of Neuroradiology,Thaker A.A.,10.3174/ajnr.A5133,2-s2.0-85019890861,SCOPUS_ID:85019890861,41,Article,
Brain development in fetuses of mothers with diabetes: A case-control MR imaging study,2017,2017-05-01,American Journal of Neuroradiology,Denison F.C.,10.3174/ajnr.A5118,2-s2.0-85019933262,SCOPUS_ID:85019933262,22,Article,
Presurgical brain mapping of the ventral somatomotor network in patients with brain tumors using resting-state fMRI,2017,2017-05-01,American Journal of Neuroradiology,Yahyavi-Firouz-Abadi N.,10.3174/ajnr.A5132,2-s2.0-85019874407,SCOPUS_ID:85019874407,21,Article,
Quantifying intracranial internal carotid artery stenosis on MR angiography,2017,2017-05-01,American Journal of Neuroradiology,Baradaran X.H.,10.3174/ajnr.A5113,2-s2.0-85019843318,SCOPUS_ID:85019843318,26,Article,
Restriction spectrum imaging improves risk stratification in patients with glioblastoma,2017,2017-05-01,American Journal of Neuroradiology,Krishnan A.P.,10.3174/ajnr.A5099,2-s2.0-85019846331,SCOPUS_ID:85019846331,13,Article,
Combined diffusion tensor imaging and apparent transverse relaxation rate differentiate Parkinson disease and atypical parkinsonism,2017,2017-05-01,American Journal of Neuroradiology,Du G.,10.3174/ajnr.A5136,2-s2.0-85019898547,SCOPUS_ID:85019898547,36,Article,
3D ultrasound for imaging and quantifying carotid ulcers,2017,2017-05-01,American Journal of Neuroradiology,Spence J.,10.3174/ajnr.A5130,2-s2.0-85019870623,SCOPUS_ID:85019870623,2,Letter,
Cognitive implications of deep gray matter iron in multiple sclerosis,2017,2017-05-01,American Journal of Neuroradiology,Fujiwara E.,10.3174/ajnr.A5109,2-s2.0-85019954256,SCOPUS_ID:85019954256,33,Article,
Reply,2017,2017-05-01,American Journal of Neuroradiology,Yuan X.J.,10.3174/ajnr.A5146,2-s2.0-85019881001,SCOPUS_ID:85019881001,0,Letter,
Quantitative assessment of variation in CT parameters on texture features: Pilot study using a nonanatomic phantom,2017,2017-05-01,American Journal of Neuroradiology,Buch K.,10.3174/ajnr.A5139,2-s2.0-85019839008,SCOPUS_ID:85019839008,51,Article,
Site and rate of occlusive disease in cervicocerebral arteries: A CT angiography study of 2209 patients with acute ischemic stroke,2017,2017-05-01,American Journal of Neuroradiology,Rotzinger D.,10.3174/ajnr.A5123,2-s2.0-85019911546,SCOPUS_ID:85019911546,21,Article,
Detection of focal longitudinal changes in the brain by subtraction of MR images,2017,2017-05-01,American Journal of Neuroradiology,Patel N.,10.3174/ajnr.A5165,2-s2.0-85019949162,SCOPUS_ID:85019949162,13,Article,
"Spectrum of spinal cord, spinal root, and brain mri abnormalities in congenital Zika syndrome with and without Arthrogryposis",2017,2017-05-01,American Journal of Neuroradiology,Aragao M.F.V.V.,10.3174/ajnr.A5125,2-s2.0-85019954040,SCOPUS_ID:85019954040,51,Article,
Reply,2017,2017-05-01,American Journal of Neuroradiology,Hodel X.J.,10.3174/ajnr.A5131,2-s2.0-85019870806,SCOPUS_ID:85019870806,0,Letter,
Enhancing brain lesions during acute optic neuritis and/or longitudinally extensive transverse myelitis may portend a higher relapse rate in neuromyelitis optica spectrum disorders,2017,2017-05-01,American Journal of Neuroradiology,Orman G.,10.3174/ajnr.A5141,2-s2.0-85019858815,SCOPUS_ID:85019858815,13,Article,
Trochlear groove and trochlear cistern: Useful anatomic landmarks for identifying the tentorial segment of cranial nerve IV on MRI,2017,2017-05-01,American Journal of Neuroradiology,Bunch P.M.,10.3174/ajnr.A5117,2-s2.0-85019910069,SCOPUS_ID:85019910069,14,Article,
Benign spine lesions: Advances in techniques for minimally invasive percutaneous treatment,2017,2017-05-01,American Journal of Neuroradiology,Tomasian A.,10.3174/ajnr.A5084,2-s2.0-85019941637,SCOPUS_ID:85019941637,45,Review,
Brain perivascular spaces as biomarkers of vascular risk: RESULTS from the Northern Manhattan Study,2017,2017-05-01,American Journal of Neuroradiology,Gutierrez J.,10.3174/ajnr.A5129,2-s2.0-85019911296,SCOPUS_ID:85019911296,59,Article,
"Regarding ""MR imaging of the cervical spine in nonaccidental trauma: A tertiary institution experience""",2017,2017-05-01,American Journal of Neuroradiology,Wu X.,10.3174/ajnr.A5098,2-s2.0-85019963661,SCOPUS_ID:85019963661,1,Letter,
Enhancing brain lesions during acute optic neuritis and/or longitudinally extensive transverse myelitis may portend a higher relapse rate in neuromyelitis optica spectrum disorders,2017,2017-05-01,American Journal of Neuroradiology,Orman G.,10.3174/ajnr.A5141,2-s2.0-85019858815,SCOPUS_ID:85019858815,13,Article,
Trochlear groove and trochlear cistern: Useful anatomic landmarks for identifying the tentorial segment of cranial nerve IV on MRI,2017,2017-05-01,American Journal of Neuroradiology,Bunch P.M.,10.3174/ajnr.A5117,2-s2.0-85019910069,SCOPUS_ID:85019910069,14,Article,
Mri-based texture analysis to differentiate sinonasal squamous cell carcinoma from inverted papilloma,2017,2017-05-01,American Journal of Neuroradiology,Ramkumar S.,10.3174/ajnr.A5106,2-s2.0-85019930590,SCOPUS_ID:85019930590,56,Article,
Acute cytotoxic and vasogenic edema after subarachnoid hemorrhage: A quantitative MRI study,2017,2017-05-01,American Journal of Neuroradiology,Weimer J.M.,10.3174/ajnr.A5181,2-s2.0-85019867550,SCOPUS_ID:85019867550,41,Article,
Progressive cortical neuronal damage and extracranial-intracranial bypass surgery in patients with misery perfusion,2017,2017-05-01,American Journal of Neuroradiology,Yamauchi H.,10.3174/ajnr.A5110,2-s2.0-85019882006,SCOPUS_ID:85019882006,5,Article,
Multiparametric evaluation in differentiating glioma recurrence from treatment-induced necrosis using simultaneous 18F-FDG-PET/MRI: A single-institution retrospective study,2017,2017-05-01,American Journal of Neuroradiology,Jena A.,10.3174/ajnr.A5124,2-s2.0-85019906164,SCOPUS_ID:85019906164,49,Article,
Diagnostic quality of 3D T2-SPACE compared with T2-FSE in the evaluation of cervical spine MRI anatomy,2017,2017-04-01,American Journal of Neuroradiology,Chokshi F.H.,10.3174/ajnr.A5080,2-s2.0-85017585402,SCOPUS_ID:85017585402,39,Article,
Interventional radiology clinical practice guideline recommendations for neurovascular disorders are not based on high-quality systematic reviews,2017,2017-04-01,American Journal of Neuroradiology,Chong A.B.,10.3174/ajnr.A5079,2-s2.0-85017633665,SCOPUS_ID:85017633665,6,Article,
Noninvasive evaluation of CBF and perfusion delay of moyamoya disease using arterial spin-labeling MRI with multiple postlabeling delays: Comparison with 15O-Gas PET and DSC-MRI,2017,2017-04-01,American Journal of Neuroradiology,Hara S.,10.3174/ajnr.A5068,2-s2.0-85017589787,SCOPUS_ID:85017589787,59,Article,
Postoperative MRI evaluation of a radiofrequency cordotomy lesion for intractable cancer pain,2017,2017-04-01,American Journal of Neuroradiology,Vedantam A.,10.3174/ajnr.A5100,2-s2.0-85017582945,SCOPUS_ID:85017582945,10,Article,
Benign enhancing foramen magnum lesions: Clinical report of a newly recognized entity,2017,2017-04-01,American Journal of Neuroradiology,McGuinness B.,10.3174/ajnr.A5085,2-s2.0-85017590555,SCOPUS_ID:85017590555,11,Article,
Fluid-signal structures in the cervical spinal cord on MRI: Anterior median fissure versus central canal,2017,2017-04-01,American Journal of Neuroradiology,Tomsick T.A.,10.3174/ajnr.A5121,2-s2.0-85017642779,SCOPUS_ID:85017642779,3,Article,
Intracranial and extracranial neurovascular manifestations of takayasu arteritis,2017,2017-04-01,American Journal of Neuroradiology,Bond K.M.,10.3174/ajnr.A5095,2-s2.0-85017579265,SCOPUS_ID:85017579265,62,Article,
Low-dose CT for craniosynostosis: Preserving diagnostic benefit with substantial radiation dose reduction,2017,2017-04-01,American Journal of Neuroradiology,Montoya J.,10.3174/ajnr.A5063,2-s2.0-85017658056,SCOPUS_ID:85017658056,46,Article,
Combining diffusion tensor metrics and DSC perfusion imaging: Can it improve the diagnostic accuracy in differentiating tumefactive demyelination from high-grade glioma?,2017,2017-04-01,American Journal of Neuroradiology,Hiremath S.B.,10.3174/ajnr.A5089,2-s2.0-85017600322,SCOPUS_ID:85017600322,30,Article,
Cerebral temperature dysregulation: MR thermographic monitoring in a nonhuman primate study of acute ischemic stroke,2017,2017-04-01,American Journal of Neuroradiology,Dehkharghani S.,10.3174/ajnr.A5059,2-s2.0-85017646531,SCOPUS_ID:85017646531,29,Article,
Doing more with less: A nice and useful idea!,2017,2017-04-01,American Journal of Neuroradiology,Vargas M.I.,10.3174/ajnr.A5067,2-s2.0-85017600998,SCOPUS_ID:85017600998,0,Letter,
Is catheter angiography still necessary for the follow-up of spinal malformations after treatment?,2017,2017-04-01,American Journal of Neuroradiology,Vargas M.,10.3174/ajnr.A5087,2-s2.0-85017633090,SCOPUS_ID:85017633090,0,Letter,
Evaluation of collaterals and clot burden using time-resolved C-arm conebeam CT angiography in the angiography suite: A feasibility study,2017,2017-04-01,American Journal of Neuroradiology,Yang P.,10.3174/ajnr.A5072,2-s2.0-85017646308,SCOPUS_ID:85017646308,14,Article,
Differences in callosal and forniceal diffusion between patients with and without postconcussive migraine,2017,2017-04-01,American Journal of Neuroradiology,Alhilali L.M.,10.3174/ajnr.A5073,2-s2.0-85017647992,SCOPUS_ID:85017647992,32,Article,
What is the ideal core number for ultrasonography-guided thyroid biopsy of cytologically inconclusive nodules?,2017,2017-04-01,American Journal of Neuroradiology,Hahn S.,10.3174/ajnr.A5075,2-s2.0-85017602930,SCOPUS_ID:85017602930,16,Article,
Influence of T1-weighted signal intensity on FSL voxel-based morphometry and FreeSurfer cortical thickness,2017,2017-04-01,American Journal of Neuroradiology,Chung S.,10.3174/ajnr.A5053,2-s2.0-85017613681,SCOPUS_ID:85017613681,9,Article,
Diagnostic performance of ultrafast brain MRI for evaluation of abusive head trauma,2017,2017-04-01,American Journal of Neuroradiology,Kralik S.F.,10.3174/ajnr.A5093,2-s2.0-85017635335,SCOPUS_ID:85017635335,48,Article,
CT angiography of the head in extracorporeal membrane oxygenation,2017,2017-04-01,American Journal of Neuroradiology,Acharya J.,10.3174/ajnr.A5060,2-s2.0-85017656207,SCOPUS_ID:85017656207,21,Article,
Genetically defined oligodendroglioma is characterized by indistinct tumor borders at MRI,2017,2017-04-01,American Journal of Neuroradiology,Johnson D.R.,10.3174/ajnr.A5070,2-s2.0-85017582489,SCOPUS_ID:85017582489,66,Article,
Feasibility of flat panel detector CT in perfusion assessment of brain arteriovenous malformations: Initial clinical experience,2017,2017-04-01,American Journal of Neuroradiology,Garcia M.,10.3174/ajnr.A5091,2-s2.0-85017585151,SCOPUS_ID:85017585151,3,Article,
What is the ideal core number for ultrasonography-guided thyroid biopsy of cytologically inconclusive nodules?,2017,2017-04-01,American Journal of Neuroradiology,Hahn S.,10.3174/ajnr.A5075,2-s2.0-85017602930,SCOPUS_ID:85017602930,16,Article,
Imaging carotid atherosclerosis plaque ulceration: Comparison of advanced imaging modalities and recent developments,2017,2017-04-01,American Journal of Neuroradiology,Yuan J.,10.3174/ajnr.A5026,2-s2.0-85017586160,SCOPUS_ID:85017586160,47,Review,
Diffusion tensor imaging of white matter in children born from preeclamptic gestations,2017,2017-04-01,American Journal of Neuroradiology,Figueiró-Filho E.A.,10.3174/ajnr.A5064,2-s2.0-85017589082,SCOPUS_ID:85017589082,39,Article,
Lack of association between statin use and angiographic and clinical outcomes after pipeline embolization for intracranial aneurysms,2017,2017-04-01,American Journal of Neuroradiology,Brinjikji W.,10.3174/ajnr.A5078,2-s2.0-85017632692,SCOPUS_ID:85017632692,18,Article,
Measurement of lactate content and amide proton transfer values in the basal ganglia of a neonatal piglet hypoxic-ischemic brain injury model using MRI,2017,2017-04-01,American Journal of Neuroradiology,Zheng Y.,10.3174/ajnr.A5066,2-s2.0-85017664091,SCOPUS_ID:85017664091,30,Article,
Improved diagnostic accuracy using arterial phase CT for lateral cervical lymph node metastasis from papillary thyroid cancer,2017,2017-04-01,American Journal of Neuroradiology,Park J.E.,10.3174/ajnr.A5054,2-s2.0-85017652408,SCOPUS_ID:85017652408,55,Article,
Application of time-resolved 3D digital subtraction angiography to plan cerebral arteriovenous malformation radiosurgery,2017,2017-04-01,American Journal of Neuroradiology,Chen K.K.,10.3174/ajnr.A5074,2-s2.0-85017602495,SCOPUS_ID:85017602495,25,Article,
Patterns of brain injury in newborns treated with extracorporeal membrane oxygenation,2017,2017-04-01,American Journal of Neuroradiology,Wien M.,10.3174/ajnr.A5092,2-s2.0-85017626326,SCOPUS_ID:85017626326,57,Article,
Imaging characteristics of pediatric diffuse midline gliomas with histone H3 K27M mutation,2017,2017-04-01,American Journal of Neuroradiology,Aboian M.S.,10.3174/ajnr.A5076,2-s2.0-85017596826,SCOPUS_ID:85017596826,156,Article,
Comparison of the diagnostic utility of 4D-DSA with conventional 2D- and 3D-DSA in the diagnosis of cerebrovascular abnormalities,2017,2017-04-01,American Journal of Neuroradiology,Sandoval-Garcia C.,10.3174/ajnr.A5137,2-s2.0-85017656391,SCOPUS_ID:85017656391,22,Article,
Benign miliary osteoma cutis of the face: A common incidental CT finding,2017,2017-04-01,American Journal of Neuroradiology,Kim D.,10.3174/ajnr.A5096,2-s2.0-85017635690,SCOPUS_ID:85017635690,17,Article,
MR imaging of individual perfusion reorganization using superselective pseudocontinuous arterial spin-labeling in patients with compleextracranial steno-occlusive disease,2017,2017-04-01,American Journal of Neuroradiology,Richter V.,10.3174/ajnr.A5090,2-s2.0-85017595304,SCOPUS_ID:85017595304,21,Article,
Retrograde approach through the posterior communicating artery and anterior communicating artery to the ophthalmic artery,2017,2017-04-01,American Journal of Neuroradiology,Saglam M.,10.3174/ajnr.A5081,2-s2.0-85017581912,SCOPUS_ID:85017581912,0,Letter,
Basilar artery changes in fabry disease,2017,2017-03-01,American Journal of Neuroradiology,Manara R.,10.3174/ajnr.A5069,2-s2.0-85015738813,SCOPUS_ID:85015738813,49,Article,
FRED Flow diverter: A study on safety and efficacy in a consecutive group of 50 patients,2017,2017-03-01,American Journal of Neuroradiology,Luecking H.,10.3174/ajnr.A5052,2-s2.0-85015766641,SCOPUS_ID:85015766641,52,Article,
The need for better data on patients with acute stroke who are not treated because of unfavorable imaging,2017,2017-03-01,American Journal of Neuroradiology,Goyal M.,10.3174/ajnr.A5094,2-s2.0-85015795156,SCOPUS_ID:85015795156,9,Editorial,
Feasibility and safety of repeat instant endovascular interventions in patients with refractory cerebral vasospasms,2017,2017-03-01,American Journal of Neuroradiology,Andereggen L.,10.3174/ajnr.A5024,2-s2.0-85015716749,SCOPUS_ID:85015716749,35,Conference Paper,
Endovascular rescue therapy for refractory vasospasm: When and how?,2017,2017-03-01,American Journal of Neuroradiology,Weiss M.,10.3174/ajnr.A5082,2-s2.0-85015794354,SCOPUS_ID:85015794354,1,Note,
Reply,2017,2017-03-01,American Journal of Neuroradiology,Tiwari P.,10.3174/ajnr.A5045,2-s2.0-85015741544,SCOPUS_ID:85015741544,0,Letter,
Flow diversion in ruptured intracranial aneurysms: A meta-analysis,2017,2017-03-01,American Journal of Neuroradiology,Madaelil T.P.,10.3174/ajnr.A5030,2-s2.0-85015748343,SCOPUS_ID:85015748343,79,Article,
Measured head CT/CTA skin dose and intensive care unit patient cumulative exposure,2017,2017-03-01,American Journal of Neuroradiology,Nawfel R.,10.3174/ajnr.A5040,2-s2.0-85015789112,SCOPUS_ID:85015789112,10,Article,
Cortical thickness of native tibetans in the qinghai-tibetan plateau,2017,2017-03-01,American Journal of Neuroradiology,Wei W.,10.3174/ajnr.A5050,2-s2.0-85015768379,SCOPUS_ID:85015768379,25,Article,
Evaluation of encephaloduroarteriosynangiosis efficacy using probabilistic independent component analysis applied to dynamic susceptibility contrast perfusion MRI,2017,2017-03-01,American Journal of Neuroradiology,Laiwalla A.N.,10.3174/ajnr.A5041,2-s2.0-85015783533,SCOPUS_ID:85015783533,8,Article,
Cortical thickness of native tibetans in the qinghai-tibetan plateau,2017,2017-03-01,American Journal of Neuroradiology,Wei W.,10.3174/ajnr.A5050,2-s2.0-85015768379,SCOPUS_ID:85015768379,25,Article,
Usefulness of non-contrast-enhanced MR angiography using a silent scan for follow-up after Y-configuration stentassisted coil embolization for basilar tip aneurysms,2017,2017-03-01,American Journal of Neuroradiology,Takano N.,10.3174/ajnr.A5033,2-s2.0-85015794374,SCOPUS_ID:85015794374,53,Conference Paper,
Reduced patient radiation exposure during neurodiagnostic and interventional X-ray angiography with a new imaging platform,2017,2017-03-01,American Journal of Neuroradiology,Van Der Marel K.,10.3174/ajnr.A5049,2-s2.0-85015789703,SCOPUS_ID:85015789703,15,Article,
Hydrogel versus bare platinum coils in patients with large or recurrent aneurysms prone to recurrence after endovascular treatment: A randomized controlled trial,2017,2017-03-01,American Journal of Neuroradiology,Raymond J.,10.3174/ajnr.A5101,2-s2.0-85015721073,SCOPUS_ID:85015721073,40,Article,
Regarding uremic encephalopathy: MR imaging findings and clinical correlation,2017,2017-03-01,American Journal of Neuroradiology,Das N.,10.3174/ajnr.A5058,2-s2.0-85015766211,SCOPUS_ID:85015766211,1,Letter,
White matter microstructural abnormalities in type 2 diabetes mellitus: A diffusional kurtosis imaging analysis,2017,2017-03-01,American Journal of Neuroradiology,Xie Y.,10.3174/ajnr.A5042,2-s2.0-85015745853,SCOPUS_ID:85015745853,30,Article,
Genetics of von hippel-lindau disease,2017,2017-03-01,American Journal of Neuroradiology,Dwyer D.C.,10.3174/ajnr.A5032,2-s2.0-85015804861,SCOPUS_ID:85015804861,7,Article,
Arterial spin-labeling to discriminate pediatric cervicofacial soft-tissue vascular anomalies,2017,2017-03-01,American Journal of Neuroradiology,Boulouis G.,10.3174/ajnr.A5065,2-s2.0-85015757913,SCOPUS_ID:85015757913,17,Article,
Surpass flow diverter for treatment of posterior circulation aneurysms,2017,2017-03-01,American Journal of Neuroradiology,Taschner C.A.,10.3174/ajnr.A5029,2-s2.0-85015723228,SCOPUS_ID:85015723228,43,Conference Paper,
Toward precision and reproducibility of diffusion tensor imaging: A multicenter diffusion phantom and traveling volunteer study,2017,2017-03-01,American Journal of Neuroradiology,Palacios E.M.,10.3174/ajnr.A5025,2-s2.0-85015808154,SCOPUS_ID:85015808154,102,Article,
"Effects of MRI protocol parameters, preload injection dose, fractionation strategies, and leakage correction algorithms on the fidelity of dynamic-susceptibility contrast MRI estimates of relative cerebral blood volume in gliomas",2017,2017-03-01,American Journal of Neuroradiology,Leu K.,10.3174/ajnr.A5027,2-s2.0-85015722790,SCOPUS_ID:85015722790,42,Article,
Structural connectivity analysis in children with segmental callosal agenesis,2017,2017-03-01,American Journal of Neuroradiology,Severino M.,10.3174/ajnr.A5043,2-s2.0-85015734123,SCOPUS_ID:85015734123,12,Article,
Compacting a single flow diverter versus overlapping flow diverters for intracranial aneurysms: A computational study,2017,2017-03-01,American Journal of Neuroradiology,Damiano R.J.,10.3174/ajnr.A5062,2-s2.0-85015800825,SCOPUS_ID:85015800825,45,Article,
Intracranial applications of mr imaging-guided focused ultrasound,2017,2017-03-01,American Journal of Neuroradiology,Khanna N.,10.3174/ajnr.A4902,2-s2.0-85015765696,SCOPUS_ID:85015765696,17,Review,
Effects of radiation exposure on the cost-effectiveness of CT angiography and perfusion imaging in aneurysmal subarachnoid hemorrhage,2017,2017-03-01,American Journal of Neuroradiology,Ivanidze J.,10.3174/ajnr.A5034,2-s2.0-85015798134,SCOPUS_ID:85015798134,12,Conference Paper,
Multivariate analysis of MRI biomarkers for predicting neurologic impairment in cervical spinal cord injury,2017,2017-03-01,American Journal of Neuroradiology,Haefeli J.,10.3174/ajnr.A5021,2-s2.0-85015729461,SCOPUS_ID:85015729461,55,Article,
The efficacy of shielding systems for reducing operator exposure during neurointerventional procedures: A real-world prospective study,2017,2017-03-01,American Journal of Neuroradiology,Miller T.R.,10.3174/ajnr.A5038,2-s2.0-85015768626,SCOPUS_ID:85015768626,3,Article,
Diagnostic accuracy of T1-weighted dynamic contrast-enhanced-MRI and DWI-ADC for differentiation of glioblastoma and primary CNS lymphoma,2017,2017-03-01,American Journal of Neuroradiology,Lin X.,10.3174/ajnr.A5023,2-s2.0-85015771803,SCOPUS_ID:85015771803,81,Review,
Hippocampal atrophy is associated with altered hippocampus-posterior cingulate cortex connectivity in mesial temporal lobe epilepsy with hippocampal sclerosis,2017,2017-03-01,American Journal of Neuroradiology,Shih Y.C.,10.3174/ajnr.A5039,2-s2.0-85015743543,SCOPUS_ID:85015743543,8,Conference Paper,
Predictive utility of marketed volumetric software tools in subjects at risk for Alzheimer disease: Do regions outside the hippocampus matter?,2017,2017-03-01,American Journal of Neuroradiology,Tanpitukpongse T.P.,10.3174/ajnr.A5061,2-s2.0-85015702342,SCOPUS_ID:85015702342,57,Article,
Comment on computer-extracted texture features to distinguish cerebral radionecrosis from recurrent brain tumors on multiparametric MRI: A feasibility study,2017,2017-03-01,American Journal of Neuroradiology,Larroza A.,10.3174/ajnr.A5071,2-s2.0-85015740293,SCOPUS_ID:85015740293,1,Letter,
Reply,2017,2017-03-01,American Journal of Neuroradiology,Tiwari P.,10.3174/ajnr.A5120,2-s2.0-85015779484,SCOPUS_ID:85015779484,0,Letter,
Reply,2017,2017-03-01,American Journal of Neuroradiology,Lee I.H.,10.3174/ajnr.A5077,2-s2.0-85015793800,SCOPUS_ID:85015793800,0,Letter,
Regarding computer-extracted texture features to distinguish cerebral radionecrosis from recurrent brain tumors on multiparametric MRI: A feasibility study,2017,2017-03-01,American Journal of Neuroradiology,Schweitzer A.D.,10.3174/ajnr.A5019,2-s2.0-85015789005,SCOPUS_ID:85015789005,4,Letter,
Transverse sinus stenosis is the most sensitive MR imaging correlate of idiopathic intracranial hypertension,2017,2017-03-01,American Journal of Neuroradiology,Morris P.P.,10.3174/ajnr.A5055,2-s2.0-85015755643,SCOPUS_ID:85015755643,130,Article,
MR fingerprinting of adult brain tumors: Initial experience,2017,2017-03-01,American Journal of Neuroradiology,Badve C.,10.3174/ajnr.A5035,2-s2.0-85015758447,SCOPUS_ID:85015758447,145,Conference Paper,
Differences in hemodynamics and rupture rate of aneurysms at the bifurcation of the basilar and internal carotid arteries,2017,2017-03-01,American Journal of Neuroradiology,Doddasomayajula R.,10.3174/ajnr.A5088,2-s2.0-85015764188,SCOPUS_ID:85015764188,31,Article,
Benchmarking lumbar puncture fluoroscopy time during fellowship training,2017,2017-03-01,American Journal of Neuroradiology,Yang H.,10.3174/ajnr.A5031,2-s2.0-85015785927,SCOPUS_ID:85015785927,7,Article,
Lower magnetization transfer ratio in the forceps minor is associated with poorer gait velocity in older adults,2017,2017-03-01,American Journal of Neuroradiology,Seiler S.,10.3174/ajnr.A5036,2-s2.0-85015793764,SCOPUS_ID:85015793764,9,Article,
"A fully automated, atlas-based approach for superior cerebellar peduncle evaluation in progressive supranuclear palsy phenotypes",2017,2017-03-01,American Journal of Neuroradiology,Nicoletti G.,10.3174/ajnr.A5048,2-s2.0-85015755973,SCOPUS_ID:85015755973,21,Article,
In vivo assessment of the impact of regional intracranial atherosclerotic lesions on brain arterial 3D hemodynamics,2017,2017-03-01,American Journal of Neuroradiology,Wu C.,10.3174/ajnr.A5051,2-s2.0-85015793879,SCOPUS_ID:85015793879,25,Article,
Quantifying intracranial plaque permeability with dynamic contrast-enhanced MRI: A pilot study,2017,2017-02-01,American Journal of Neuroradiology,Vakil P.,10.3174/ajnr.A4998,2-s2.0-85013450467,SCOPUS_ID:85013450467,17,Conference Paper,
Endovascular stroke treatment of nonagenarians,2017,2017-02-01,American Journal of Neuroradiology,Möhlenbruch M.,10.3174/ajnr.A4976,2-s2.0-85013447189,SCOPUS_ID:85013447189,30,Article,
Doing more with less: Diagnostic accuracy of CT in suspected cauda equina syndrome,2017,2017-02-01,American Journal of Neuroradiology,Peacock J.,10.3174/ajnr.A4974,2-s2.0-85013380285,SCOPUS_ID:85013380285,13,Article,
The prevalence of malformations of cortical development in a pediatric hereditary hemorrhagic telangiectasia population,2017,2017-02-01,American Journal of Neuroradiology,Palagallo G.J.,10.3174/ajnr.A4980,2-s2.0-85013472830,SCOPUS_ID:85013472830,19,Conference Paper,
Measurement of cortical thickness and volume of subcortical structures in multiple sclerosis: Agreement between 2D spin-echo and 3D MPRAGE T1-weighted images,2017,2017-02-01,American Journal of Neuroradiology,Vidal-Jordana A.,10.3174/ajnr.A4999,2-s2.0-85013498678,SCOPUS_ID:85013498678,10,Conference Paper,
Inadvertent intrafacet injection during lumbar interlaminar epidural steroid injection: A comparison of CT fluoroscopic and conventional fluoroscopic guidance,2017,2017-02-01,American Journal of Neuroradiology,Kranz P.G.,10.3174/ajnr.A5000,2-s2.0-85013472937,SCOPUS_ID:85013472937,15,Article,
MRI atlas-based measurement of spinal cord injury predicts outcome in acute flaccid myelitis,2017,2017-02-01,American Journal of Neuroradiology,McCoy D.B.,10.3174/ajnr.A5044,2-s2.0-85013484217,SCOPUS_ID:85013484217,21,Article,
Collar sign in incompletely occluded aneurysms after pipeline embolization: Evaluation with angiography and optical coherence tomography,2017,2017-02-01,American Journal of Neuroradiology,Griessenauer C.J.,10.3174/ajnr.A5010,2-s2.0-85013489269,SCOPUS_ID:85013489269,39,Article,
Microstructure of the default mode network in preterm infants,2017,2017-02-01,American Journal of Neuroradiology,Cui J.,10.3174/ajnr.A4997,2-s2.0-85013450436,SCOPUS_ID:85013450436,17,Article,
Brain network architecture and global intelligence in children with focal epilepsy,2017,2017-02-01,American Journal of Neuroradiology,Paldino M.,10.3174/ajnr.A4975,2-s2.0-85013422734,SCOPUS_ID:85013422734,16,Conference Paper,
Impact of pial collaterals on infarct growth rate in experimental acute ischemic stroke,2017,2017-02-01,American Journal of Neuroradiology,Christoforidis G.A.,10.3174/ajnr.A5003,2-s2.0-85013361178,SCOPUS_ID:85013361178,48,Conference Paper,
Reduction of motion artifacts and noise using independent component analysis in task-based functional MRI for preoperative planning in patients with brain tumor,2017,2017-02-01,American Journal of Neuroradiology,Middlebrooks E.H.,10.3174/ajnr.A4996,2-s2.0-85013393347,SCOPUS_ID:85013393347,13,Article,
Intracranial vessel wall MRI: Principles and expert consensus recommendations of the American society of neuroradiology,2017,2017-02-01,American Journal of Neuroradiology,Mandell D.M.,10.3174/ajnr.A4893,2-s2.0-85013356411,SCOPUS_ID:85013356411,619,Review,
Palliative CT-guided cordotomy for medically intractable pain in patients with cancer,2017,2017-02-01,American Journal of Neuroradiology,Shepherd T.M.,10.3174/ajnr.A4981,2-s2.0-85013379900,SCOPUS_ID:85013379900,19,Article,
"Reply: Concerning ""nonaneurysmal perimesencephalic hemorrhage is associated with deep cerebral venous drainage anomalies: A systematic literature review and meta-analysis""",2017,2017-02-01,American Journal of Neuroradiology,Rouchaud A.,10.3174/ajnr.A4990,2-s2.0-85013436486,SCOPUS_ID:85013436486,0,Letter,
"Regarding ""neurovascular manifestations of hereditary hemorrhagic telangiectasia: A consecutive series of 376 patients during 15 years""",2017,2017-02-01,American Journal of Neuroradiology,Malhotra A.,10.3174/ajnr.A4986,2-s2.0-85013408060,SCOPUS_ID:85013408060,0,Letter,
"The ""vexata quaestio"" on lacunar stroke: The role of CT perfusion imaging",2017,2017-02-01,American Journal of Neuroradiology,Morelli N.,10.3174/ajnr.A4983,2-s2.0-85013392842,SCOPUS_ID:85013392842,2,Letter,
Glass half full,2017,2017-02-01,American Journal of Neuroradiology,Ross J.S.,10.3174/ajnr.A5047,2-s2.0-85013420122,SCOPUS_ID:85013420122,0,Note,
"Reply: Regarding ""neurovascular manifestations of hereditary hemorrhagic telangiectasia: A consecutive series of 376 patients during 15 years""",2017,2017-02-01,American Journal of Neuroradiology,Brinjikji W.,10.3174/ajnr.A5006,2-s2.0-85013436966,SCOPUS_ID:85013436966,0,Letter,
Early-stage glioblastomas: MR imaging-based classification and imaging evidence of progressive growth,2017,2017-02-01,American Journal of Neuroradiology,Toh C.H.,10.3174/ajnr.A5015,2-s2.0-85013376994,SCOPUS_ID:85013376994,22,Article,
Middle cerebral artery bifurcation aneurysms treated by extrasaccular flow diverters: Midterm angiographic evolution and clinical outcome,2017,2017-02-01,American Journal of Neuroradiology,Iosif C.,10.3174/ajnr.A5022,2-s2.0-85013420202,SCOPUS_ID:85013420202,63,Article,
CT accuracy of extrinsic tongue muscle invasion in oral cavity cancer,2017,2017-02-01,American Journal of Neuroradiology,Junn J.C.,10.3174/ajnr.A4993,2-s2.0-85013444307,SCOPUS_ID:85013444307,10,Conference Paper,
"Comparison of 3 different types of spinal arteriovenous shunts below the conus in clinical presentation, radiologic findings, and outcomes",2017,2017-02-01,American Journal of Neuroradiology,Hong T.,10.3174/ajnr.A5001,2-s2.0-85013391745,SCOPUS_ID:85013391745,36,Article,
"Concerning ""nonaneurysmal perimesencephalic hemorrhage is associated with deep cerebral venous drainage anomalies: A systematic literature review and meta-analysis""",2017,2017-02-01,American Journal of Neuroradiology,Wu X.,10.3174/ajnr.A4984,2-s2.0-85013407919,SCOPUS_ID:85013407919,0,Letter,
"Utility of a multiparametric quantitative MRI model that assesses myelin and edema for evaluating plaques, periplaque white matter, and normal-appearing white matter in patients with multiple sclerosis: A feasibility study",2017,2017-02-01,American Journal of Neuroradiology,Hagiwara A.,10.3174/ajnr.A4977,2-s2.0-85013407990,SCOPUS_ID:85013407990,62,Article,
MRI brain volume measurements in infantile neuronal ceroid lipofuscinosis,2017,2017-02-01,American Journal of Neuroradiology,Baker E.H.,10.3174/ajnr.A4978,2-s2.0-85013498691,SCOPUS_ID:85013498691,23,Article,
"Reply: The ""vexata quaestio"" on lacunar stroke: The role of CT perfusion imaging",2017,2017-02-01,American Journal of Neuroradiology,Benson J.C.,10.3174/ajnr.A4991,2-s2.0-85013378468,SCOPUS_ID:85013378468,0,Letter,
Diffusion-weighted imaging-detected ischemic lesions following endovascular treatment of cerebral aneurysms: A systematic review and meta-analysis,2017,2017-02-01,American Journal of Neuroradiology,Bond K.,10.3174/ajnr.A4989,2-s2.0-85013498470,SCOPUS_ID:85013498470,71,Article,
Use of phase-contrast MRA to assess intracranial venous sinus resistance to drainage in healthy individuals,2017,2017-02-01,American Journal of Neuroradiology,Fall S.,10.3174/ajnr.A5013,2-s2.0-85013455923,SCOPUS_ID:85013455923,14,Article,
Efficacy of double-blind peer review in an imaging subspecialty journal,2017,2017-02-01,American Journal of Neuroradiology,O'Connor E.E.,10.3174/ajnr.A5017,2-s2.0-85013489258,SCOPUS_ID:85013489258,28,Conference Paper,
First-line use of core needle biopsy for high-yield preliminary diagnosis of thyroid nodules,2017,2017-02-01,American Journal of Neuroradiology,Kim H.C.,10.3174/ajnr.A5007,2-s2.0-85013412156,SCOPUS_ID:85013412156,23,Conference Paper,
Fetal brain anomalies associated with ventriculomegaly or asymmetry: An MRI-based study,2017,2017-02-01,American Journal of Neuroradiology,Barzilay E.,10.3174/ajnr.A5009,2-s2.0-85013478445,SCOPUS_ID:85013478445,43,Article,
Impact of MR neurography in patients with chronic cauda equina syndrome presenting as chronic pelvic pain and dysfunction,2017,2017-02-01,American Journal of Neuroradiology,Petrasic J.R.,10.3174/ajnr.A4994,2-s2.0-85013387743,SCOPUS_ID:85013387743,14,Article,
Even small decreases in blood pressure during conscious sedation affect clinical outcome after stroke thrombectomy: An analysis of hemodynamic thresholds,2017,2017-02-01,American Journal of Neuroradiology,Whalin M.K.,10.3174/ajnr.A4992,2-s2.0-85013487462,SCOPUS_ID:85013487462,117,Article,
T1 recovery is predominantly found in black holes and is associated with clinical improvement in patients with multiple sclerosis,2017,2017-02-01,American Journal of Neuroradiology,Thaler C.,10.3174/ajnr.A5004,2-s2.0-85013414307,SCOPUS_ID:85013414307,22,Article,
Ascending and descending thoracic vertebral arteries,2017,2017-02-01,American Journal of Neuroradiology,Gailloud P.,10.3174/ajnr.A5016,2-s2.0-85013469110,SCOPUS_ID:85013469110,12,Article,
Synthetic MRI in the detection of multiple sclerosis plaques,2017,2017-02-01,American Journal of Neuroradiology,Hagiwara A.,10.3174/ajnr.A5012,2-s2.0-85013422863,SCOPUS_ID:85013422863,101,Article,
Testing stenting and flow diversion using a surgical elastase-induced complex fusiform aneurysm model,2017,2017-02-01,American Journal of Neuroradiology,Fahed R.,10.3174/ajnr.A5018,2-s2.0-85013466942,SCOPUS_ID:85013466942,8,Article,
"The ""white gray sign"" identifies the central sulcus on 3T high-resolution T1-weighted images",2017,2017-02-01,American Journal of Neuroradiology,Kaneko O.F.,10.3174/ajnr.A5014,2-s2.0-85013421295,SCOPUS_ID:85013421295,11,Article,
Intracranial arteriovenous shunting: Detection with arterial spin-labeling and susceptibility-weighted imaging combined,2017,2017-01-01,American Journal of Neuroradiology,Hodel J.,10.3174/ajnr.A4961,2-s2.0-85009423831,SCOPUS_ID:85009423831,39,Article,
Survey of head and neck practice,2017,2017-01-01,American Journal of Neuroradiology,Yousem D.,10.3174/ajnr.A4985,2-s2.0-85009432111,SCOPUS_ID:85009432111,0,Letter,
Flow conditions in the intracranial aneurysm lumen are associated with inflammation and degenerative changes of the aneurysm wall,2017,2017-01-01,American Journal of Neuroradiology,Cebral J.,10.3174/ajnr.A4951,2-s2.0-85009380247,SCOPUS_ID:85009380247,158,Article,
The effects of acetazolamide on the evaluation of cerebral hemodynamics and functional connectivity using blood oxygen level-dependent MR imaging in patients with chronic steno-occlusive disease of the anterior circulation,2017,2017-01-01,American Journal of Neuroradiology,Wu J.,10.3174/ajnr.A4973,2-s2.0-85009431281,SCOPUS_ID:85009431281,21,Article,
Reply,2017,2017-01-01,American Journal of Neuroradiology,Anzai Y.,10.3174/ajnr.A5005,2-s2.0-85009431637,SCOPUS_ID:85009431637,0,Letter,
Quantifying the cerebral hemodynamics of dural arteriovenous fistula in transverse sigmoid sinus complicated by sinus stenosis: A retrospective cohort study,2017,2017-01-01,American Journal of Neuroradiology,Guo W.Y.,10.3174/ajnr.A4960,2-s2.0-85009409277,SCOPUS_ID:85009409277,22,Article,
Automated processing of dynamic contrast-enhanced MRI: Correlation of advanced pharmacokinetic metrics with tumor grade in pediatric brain tumors,2017,2017-01-01,American Journal of Neuroradiology,Vajapeyam S.,10.3174/ajnr.A4949,2-s2.0-85009344280,SCOPUS_ID:85009344280,17,Conference Paper,
First-pass contrast-enhanced MR angiography in evaluation of treated spinal arteriovenous fistulas: Is catheter angiography necessary?,2017,2017-01-01,American Journal of Neuroradiology,Mathur S.,10.3174/ajnr.A4971,2-s2.0-85009403767,SCOPUS_ID:85009403767,5,Conference Paper,
Reply,2017,2017-01-01,American Journal of Neuroradiology,Brinjikji W.,10.3174/ajnr.A4987,2-s2.0-85009343139,SCOPUS_ID:85009343139,0,Letter,
White matter injury and general movements in high-risk preterm infants,2017,2017-01-01,American Journal of Neuroradiology,Peyton C.,10.3174/ajnr.A4955,2-s2.0-85009374094,SCOPUS_ID:85009374094,46,Article,
Comparison of time-resolved and first-pass contrast-enhanced MR angiography in pretherapeutic evaluation of spinal dural arteriovenous fistulas,2017,2017-01-01,American Journal of Neuroradiology,Mathur S.,10.3174/ajnr.A4962,2-s2.0-85009342985,SCOPUS_ID:85009342985,17,Conference Paper,
Treatment of intra- and extracranial aneurysms using the flow-redirection endoluminal device: Multicenter experience and follow-up results,2017,2017-01-01,American Journal of Neuroradiology,Drescher F.,10.3174/ajnr.A4964,2-s2.0-85009400922,SCOPUS_ID:85009400922,38,Conference Paper,
Reply,2017,2017-01-01,American Journal of Neuroradiology,Rammos S.,10.3174/ajnr.A4988,2-s2.0-85009384616,SCOPUS_ID:85009384616,0,Letter,
"Comment on ""aneurysms associated with brain arteriovenous malformations""",2017,2017-01-01,American Journal of Neuroradiology,Clarençon F.,10.3174/ajnr.A4966,2-s2.0-85009360807,SCOPUS_ID:85009360807,3,Letter,
Associations between measures of structural morphometry and sensorimotor performance in individuals with nonspecific low back pain,2017,2017-01-01,American Journal of Neuroradiology,Caeyenberghs K.,10.3174/ajnr.A5020,2-s2.0-85009412384,SCOPUS_ID:85009412384,15,Article,
Collateral assessment by CT angiography as a predictor of outcome in symptomatic cervical internal carotid artery occlusion,2017,2017-01-01,American Journal of Neuroradiology,Sundaram S.,10.3174/ajnr.A4957,2-s2.0-85009347991,SCOPUS_ID:85009347991,41,Article,
Spectrum of third window abnormalities: Semicircular canal dehiscence and beyond,2017,2017-01-01,American Journal of Neuroradiology,Ho M.L.,10.3174/ajnr.A4922,2-s2.0-85009373061,SCOPUS_ID:85009373061,84,Conference Paper,
Flow diverters in the treatment of pediatric cerebrovascular diseases,2017,2017-01-01,American Journal of Neuroradiology,Barburoglu M.,10.3174/ajnr.A4959,2-s2.0-85009412642,SCOPUS_ID:85009412642,38,Article,
Structural brain network reorganization in patients with neuropsychiatric systemic lupus erythematosus,2017,2017-01-01,American Journal of Neuroradiology,Xu X.,10.3174/ajnr.A4947,2-s2.0-85009423892,SCOPUS_ID:85009423892,10,Article,
First-pass contrast-enhanced MRA for pretherapeutic diagnosis of spinal epidural arteriovenous fistulas with intradural venous reflux,2017,2017-01-01,American Journal of Neuroradiology,Mathur S.,10.3174/ajnr.A5008,2-s2.0-85009375141,SCOPUS_ID:85009375141,8,Conference Paper,
Embolization of intracranial dural arteriovenous fistulas using PHIL liquid embolic agent in 26 patients: A multicenter study,2017,2017-01-01,American Journal of Neuroradiology,Lamin S.,10.3174/ajnr.A5037,2-s2.0-85009382411,SCOPUS_ID:85009382411,41,Article,
Hippocampal and deep gray matter nuclei atrophy is relevant for explaining cognitive impairment in MS: A multicenter study,2017,2017-01-01,American Journal of Neuroradiology,Damjanovic D.,10.3174/ajnr.A4952,2-s2.0-85009353150,SCOPUS_ID:85009353150,84,Article,
Genetics of frontotemporal dementia,2017,2017-01-01,American Journal of Neuroradiology,Rohlfing F.W.,10.3174/ajnr.A4972,2-s2.0-85009343085,SCOPUS_ID:85009343085,10,Short Survey,
Acute ischemic stroke infarct topology: Association with lesion volume and severity of symptoms at admission and discharge,2017,2017-01-01,American Journal of Neuroradiology,Payabvash S.,10.3174/ajnr.A4970,2-s2.0-85009354512,SCOPUS_ID:85009354512,47,Conference Paper,
Body temperature modulates infarction growth following endovascular reperfusion,2017,2017-01-01,American Journal of Neuroradiology,Dehkharghani S.,10.3174/ajnr.A4969,2-s2.0-85009397547,SCOPUS_ID:85009397547,20,Conference Paper,
Influence of small vessel disease and microstructural integrity on neurocognitive functioning in older individuals: The DANTE study Leiden,2017,2017-01-01,American Journal of Neuroradiology,Moonen J.,10.3174/ajnr.A4934,2-s2.0-85009354392,SCOPUS_ID:85009354392,16,Article,
Diagnostic value of brain calcifications in adult-onset leukoencephalopathy with axonal spheroids and pigmented glia,2017,2017-01-01,American Journal of Neuroradiology,Konno T.,10.3174/ajnr.A4938,2-s2.0-85009354413,SCOPUS_ID:85009354413,52,Conference Paper,
Clinicoradiologic correlations of cerebral microbleeds in advanced age,2017,2017-01-01,American Journal of Neuroradiology,Barnaure I.,10.3174/ajnr.A4956,2-s2.0-85009380826,SCOPUS_ID:85009380826,16,Article,
Impact of neuroradiology-based peer review on head and neck radiotherapy target delineation,2017,2017-01-01,American Journal of Neuroradiology,Braunstein S.,10.3174/ajnr.A4963,2-s2.0-85009431590,SCOPUS_ID:85009431590,19,Conference Paper,
Measuring brain tissue integrity during 4 years using diffusion tensor imaging,2017,2017-01-01,American Journal of Neuroradiology,Ontaneda D.,10.3174/ajnr.A4946,2-s2.0-85009359181,SCOPUS_ID:85009359181,22,Article,
Endovascular therapy of M2 occlusion in IMS III: Role of M2 segment definition and location on clinical and revascularization outcomes,2017,2017-01-01,American Journal of Neuroradiology,Tomsick T.A.,10.3174/ajnr.A4979,2-s2.0-85009424181,SCOPUS_ID:85009424181,31,Article,
Performance of CT in the preoperative diagnosis of cervical lymph node metastasis in patients with papillary thyroid cancer: A systematic review and meta-analysis,2017,2017-01-01,American Journal of Neuroradiology,Suh C.H.,10.3174/ajnr.A4967,2-s2.0-85009343343,SCOPUS_ID:85009343343,117,Review,
Emergent endovascular management of long-segment and flow-limiting carotid artery dissections in acute ischemic stroke intervention with multiple tandem stents,2017,2017-01-01,American Journal of Neuroradiology,Ansari S.A.,10.3174/ajnr.A4965,2-s2.0-85009343039,SCOPUS_ID:85009343039,16,Article,
Emergency department MRI scanning of patients with multiple sclerosis: Worthwhile or wasteful?,2017,2017-01-01,American Journal of Neuroradiology,Pakpoor J.,10.3174/ajnr.A4953,2-s2.0-85009424156,SCOPUS_ID:85009424156,7,Article,
Impact of modified TICI 3 versus modified TICI 2b reperfusion score to predict good outcome following endovascular therapy,2017,2017-01-01,American Journal of Neuroradiology,Dargazanli C.,10.3174/ajnr.A4968,2-s2.0-85009399787,SCOPUS_ID:85009399787,162,Article,
Limited dorsal myeloschisis and congenital dermal sinus: Comparison of clinical and MR imaging features,2017,2017-01-01,American Journal of Neuroradiology,Lee S.M.,10.3174/ajnr.A4958,2-s2.0-85009373542,SCOPUS_ID:85009373542,29,Article,
Dynamic contrast-enhanced MR perfusion of intradural spinal lesions,2017,2017-01-01,American Journal of Neuroradiology,Cuvinciuc V.,10.3174/ajnr.A4995,2-s2.0-85009399370,SCOPUS_ID:85009399370,4,Conference Paper,
More transparency is needed in the reporting of clinical research studies,2017,2017-01-01,American Journal of Neuroradiology,Armoiry X.,10.3174/ajnr.A4982,2-s2.0-85009385389,SCOPUS_ID:85009385389,0,Letter,
Prospective validation of two 4D-CT-based scoring systems for prediction of multigland disease in primary hyperparathyroidism,2016,2016-12-01,American Journal of Neuroradiology,Sho S.,10.3174/ajnr.A4948,2-s2.0-85006506899,SCOPUS_ID:85006506899,31,Article,
Does arterial flow rate affect the assessment of flow-diverter stent performance?,2016,2016-12-01,American Journal of Neuroradiology,Morales H.G.,10.3174/ajnr.A4933,2-s2.0-85006380209,SCOPUS_ID:85006380209,13,Article,
Neuroimaging wisely,2016,2016-12-01,American Journal of Neuroradiology,Buethe J.,10.3174/ajnr.A4821,2-s2.0-85006455980,SCOPUS_ID:85006455980,15,Review,
"Are anatomic results influenced by web shape modification? analysis in a prospective, single-center series of 39 patients with aneurysms Treated with the WEB",2016,2016-12-01,American Journal of Neuroradiology,Herbreteau D.,10.3174/ajnr.A4918,2-s2.0-85006448713,SCOPUS_ID:85006448713,69,Article,
Metabolic abnormalities in the hippocampus of patients with schizophrenia: A 3D multivoxel MR spectroscopic imaging study at 3T,2016,2016-12-01,American Journal of Neuroradiology,Meyer E.,10.3174/ajnr.A4886,2-s2.0-85006390492,SCOPUS_ID:85006390492,15,Article,
Comparison of high-resolution MR imaging and digital subtraction angiography for the characterization and diagnosis of intracranial artery disease,2016,2016-12-01,American Journal of Neuroradiology,Lee N.J.,10.3174/ajnr.A4950,2-s2.0-85006380748,SCOPUS_ID:85006380748,32,Article,
CT and MR imaging in the diagnosis of scleritis,2016,2016-12-01,American Journal of Neuroradiology,Diogo M.C.,10.3174/ajnr.A4890,2-s2.0-85006512073,SCOPUS_ID:85006512073,40,Article,
"Regarding ""computer-Assisted detection of cerebral aneurysms in mr angiography in a routine image-reading environment: Effects on diagnosis by radiologists",2016,2016-12-01,American Journal of Neuroradiology,Wu X.,10.3174/ajnr.A4926,2-s2.0-85006367887,SCOPUS_ID:85006367887,1,Letter,
Contralateral hypoplastic venous draining sinuses are associated with elevated intracranial pressure in unilateral cerebral sinovenous thrombosis,2016,2016-12-01,American Journal of Neuroradiology,Farias-Moeller R.,10.3174/ajnr.A4899,2-s2.0-85006470230,SCOPUS_ID:85006470230,11,Article,
Cognitive impairment and basal ganglia functional connectivity in vascular parkinsonism,2016,2016-12-01,American Journal of Neuroradiology,Dunet V.,10.3174/ajnr.A4889,2-s2.0-85006489819,SCOPUS_ID:85006489819,13,Article,
Relative ADC and location differ between posterior fossa pilocytic astrocytomas with and without gangliocytic differentiation,2016,2016-12-01,American Journal of Neuroradiology,Harreld J.H.,10.3174/ajnr.A4892,2-s2.0-85006454858,SCOPUS_ID:85006454858,6,Conference Paper,
Efficacy and safety of the woven endobridge (web) device for the treatment of intracranial aneurysms: A systematic review and meta-Analysis,2016,2016-12-01,American Journal of Neuroradiology,Asnafi S.,10.3174/ajnr.A4900,2-s2.0-85006345092,SCOPUS_ID:85006345092,126,Article,
Addressing concerns regarding the use of gadolinium in a standardized mri protocol for the diagnosis and follow-up of multiple sclerosis,2016,2016-12-01,American Journal of Neuroradiology,Traboulsee A.,10.3174/ajnr.A4943,2-s2.0-85006340281,SCOPUS_ID:85006340281,13,Letter,
Preradiotherapy MR Imaging: A prospective pilot study of the usefulness of performing an MR examination shortly before radiation therapy in patients with glioblastoma,2016,2016-12-01,American Journal of Neuroradiology,Majós C.,10.3174/ajnr.A4917,2-s2.0-85006515674,SCOPUS_ID:85006515674,21,Article,
PQRS and the MACRA: Value-based payments have moved from concept to reality,2016,2016-12-01,American Journal of Neuroradiology,Hirsch J.,10.3174/ajnr.A4936,2-s2.0-85006345735,SCOPUS_ID:85006345735,27,Article,
"Am i about to lose my job?!"": A comment on ""computer- extracted texture features to distinguish cerebral radiation necrosis from recurrent brain tumors on multiparametric MRI: A feasibility study",2016,2016-12-01,American Journal of Neuroradiology,Holodny A.I.,10.3174/ajnr.A5002,2-s2.0-85006489026,SCOPUS_ID:85006489026,4,Note,
Porcine in vivo validation of a virtual contrast model: The influence of contrast agent properties and vessel flow rates,2016,2016-12-01,American Journal of Neuroradiology,Peach T.W.,10.3174/ajnr.A4884,2-s2.0-85006515507,SCOPUS_ID:85006515507,0,Article,
Addressing concerns regarding the use of gadolinium in a standardized mri protocol for the diagnosis and follow-up of multiple sclerosis,2016,2016-12-01,American Journal of Neuroradiology,Traboulsee A.,10.3174/ajnr.A4943,2-s2.0-85006340281,SCOPUS_ID:85006340281,13,Letter,
CT perfusion in acute lacunar stroke: Detection capabilities based on infarct location,2016,2016-12-01,American Journal of Neuroradiology,Benson J.C.,10.3174/ajnr.A4904,2-s2.0-85006339619,SCOPUS_ID:85006339619,48,Article,
Point: Don't call me a DOC!,2016,2016-12-01,American Journal of Neuroradiology,Yousem D.,10.3174/ajnr.A4927,2-s2.0-85006454880,SCOPUS_ID:85006454880,2,Editorial,
Spine cryoablation: A multimodality image-guided approach for tumors adjacent to major neural elements,2016,2016-12-01,American Journal of Neuroradiology,Guenette J.P.,10.3174/ajnr.A4923,2-s2.0-85006368860,SCOPUS_ID:85006368860,12,Article,
"Prenatal evaluation, imaging features, and neurodevelopmental outcome of prenatally diagnosed periventricular pseudocysts",2016,2016-12-01,American Journal of Neuroradiology,Cooper S.,10.3174/ajnr.A4916,2-s2.0-85006356423,SCOPUS_ID:85006356423,24,Article,
Correlation of tumor immunohistochemistry with dynamic contrast-enhanced and DSC-MRI parameters in patients with gliomas,2016,2016-12-01,American Journal of Neuroradiology,Nguyen T.B.,10.3174/ajnr.A4908,2-s2.0-85006354933,SCOPUS_ID:85006354933,19,Article,
Yield of Repeat 3D angiography in patients with aneurysmal-Type subarachnoid hemorrhage,2016,2016-12-01,American Journal of Neuroradiology,Bechan R.S.,10.3174/ajnr.A4942,2-s2.0-85006364950,SCOPUS_ID:85006364950,5,Article,
Automated MRI volumetric analysis in patients with rasmussen syndrome,2016,2016-12-01,American Journal of Neuroradiology,Wang Z.I.,10.3174/ajnr.A4914,2-s2.0-85006345751,SCOPUS_ID:85006345751,18,Conference Paper,
Vascular dysfunction in leukoaraiosis,2016,2016-12-01,American Journal of Neuroradiology,Sam K.,10.3174/ajnr.A4888,2-s2.0-85006515867,SCOPUS_ID:85006515867,39,Article,
Pediatric patients demonstrate progressive t1-weighted hyperintensity in the dentate nucleus following multiple doses of gadolinium-based contrast agent,2016,2016-12-01,American Journal of Neuroradiology,Roberts D.R.,10.3174/ajnr.A4891,2-s2.0-85006355859,SCOPUS_ID:85006355859,109,Conference Paper,
Intravoxel incoherent motion in normal pituitary gland: Initial study with turbo spin-echo diffusion-weighted imaging,2016,2016-12-01,American Journal of Neuroradiology,Kamimura K.,10.3174/ajnr.A4930,2-s2.0-85006512126,SCOPUS_ID:85006512126,13,Article,
Computer-extracted texture features to distinguish cerebral radionecrosis from recurrent brain tumors on multiparametric mri: A feasibility study,2016,2016-12-01,American Journal of Neuroradiology,Tiwari P.,10.3174/ajnr.A4931,2-s2.0-85006515947,SCOPUS_ID:85006515947,110,Article,
Improving the grading accuracy of astrocytic neoplasms noninvasively by combining timing information with cerebral blood flow: A multi-Ti arterial spin-labeling MR imaging study,2016,2016-12-01,American Journal of Neuroradiology,Yang X.S.,10.3174/ajnr.A4907,2-s2.0-85006355913,SCOPUS_ID:85006355913,24,Article,
Comparison of quantitative cerebral blood flow measurements performed by bookend dynamic susceptibility contrast and arterial spin-labeling mri in relapsing-remitting multiple sclerosis,2016,2016-12-01,American Journal of Neuroradiology,D'ortenzio R.M.,10.3174/ajnr.A4939,2-s2.0-85006368907,SCOPUS_ID:85006368907,5,Article,
A simplified model for intravoxel incoherent motion perfusion imaging of the brain,2016,2016-12-01,American Journal of Neuroradiology,Conklin J.,10.3174/ajnr.A4929,2-s2.0-85006459581,SCOPUS_ID:85006459581,42,Conference Paper,
Effectiveness of 3D T2-weighted FLAIR FSE sequences with fat suppression for detection of brain mr imaging signal changes in children,2016,2016-12-01,American Journal of Neuroradiology,Mascalchi M.,10.3174/ajnr.A4915,2-s2.0-85006378285,SCOPUS_ID:85006378285,6,Article,
Effect of systemic therapies on outcomes following vertebroplasty among patients with multiple myeloma,2016,2016-12-01,American Journal of Neuroradiology,McDonald R.J.,10.3174/ajnr.A4925,2-s2.0-85006410500,SCOPUS_ID:85006410500,5,Article,
Quantitative evaluation of medial temporal lobe morphology in children with febrile status epilepticus: Results of the FEBSTAT study,2016,2016-12-01,American Journal of Neuroradiology,McClelland A.C.,10.3174/ajnr.A4919,2-s2.0-85006427464,SCOPUS_ID:85006427464,24,Conference Paper,
Progressing bevacizumab-induced diffusion restriction is associated with coagulative necrosis surrounded by viable tumor and decreased overall survival in patients with recurrent glioblastoma,2016,2016-12-01,American Journal of Neuroradiology,Nguyen H.S.,10.3174/ajnr.A4898,2-s2.0-85006469905,SCOPUS_ID:85006469905,71,Article,
Early antiretroviral therapy in HIV-infected children is associated with diffuse white matter structural abnormality and corpus callosum sparing,2016,2016-12-01,American Journal of Neuroradiology,Ackermann C.,10.3174/ajnr.A4921,2-s2.0-85006483240,SCOPUS_ID:85006483240,42,Conference Paper,
In vivo monitoring of rat spinal cord metabolism using hyperpolarized carbon-13 MR spectroscopic imaging,2016,2016-12-01,American Journal of Neuroradiology,Park I.,10.3174/ajnr.A4920,2-s2.0-85006446537,SCOPUS_ID:85006446537,0,Conference Paper,
Time to check CAD results,2016,2016-12-01,American Journal of Neuroradiology,Miki S.,10.3174/ajnr.A4941,2-s2.0-85006484581,SCOPUS_ID:85006484581,0,Letter,
Counterpoint: Appropriately ambiguous-The disc osteophyte complex,2016,2016-12-01,American Journal of Neuroradiology,Ross J.S.,10.3174/ajnr.A4928,2-s2.0-85006487024,SCOPUS_ID:85006487024,2,Editorial,
Superficial siderosis after germinal matrix hemorrhage,2016,2016-12-01,American Journal of Neuroradiology,Yilmaz U.,10.3174/ajnr.A4935,2-s2.0-85006371026,SCOPUS_ID:85006371026,4,Article,
Radiation dose reduction in 4D cerebral CT angiography by individualized estimation of cerebral circulation time,2016,2016-12-01,American Journal of Neuroradiology,Radon M.R.,10.3174/ajnr.A4911,2-s2.0-85006489397,SCOPUS_ID:85006489397,4,Article,
"Regarding ""endovascular treatment of very small intracranial aneurysms: Meta-Analysis",2016,2016-11-01,American Journal of Neuroradiology,Wu X.,10.3174/ajnr.A4906,2-s2.0-84995629578,SCOPUS_ID:84995629578,1,Letter,
A semiautomatic method for multiple sclerosis lesion segmentation on Dual-Echo MR imaging: Application in a multicenter context,2016,2016-11-01,American Journal of Neuroradiology,Storelli L.,10.3174/ajnr.A4874,2-s2.0-84995640083,SCOPUS_ID:84995640083,5,Article,
Diffusion-weighted imaging for predicting and monitoring primary central nervous system lymphoma treatment response,2016,2016-11-01,American Journal of Neuroradiology,Huang W.Y.,10.3174/ajnr.A4867,2-s2.0-84995579518,SCOPUS_ID:84995579518,35,Article,
Diagnostic performance of routine brain MRI sequences for dural venous sinus thrombosis,2016,2016-11-01,American Journal of Neuroradiology,Patel D.,10.3174/ajnr.A4843,2-s2.0-84995616614,SCOPUS_ID:84995616614,43,Conference Paper,
Prophylactic antiplatelet medication in endovascular treatment of intracranial aneurysms: Low-dose prasugrel versus clopidogrel,2016,2016-11-01,American Journal of Neuroradiology,Ha E.J.,10.3174/ajnr.A4864,2-s2.0-84995701488,SCOPUS_ID:84995701488,35,Article,
DTI analysis of presbycusis using voxel-based analysis,2016,2016-11-01,American Journal of Neuroradiology,Ma W.,10.3174/ajnr.A4870,2-s2.0-84995621464,SCOPUS_ID:84995621464,29,Article,
Validation of a hemodynamic model for the study of the cerebral venous outflow system using MR imaging and echo- Color doppler data,2016,2016-11-01,American Journal of Neuroradiology,Gadda G.,10.3174/ajnr.A4860,2-s2.0-84995678342,SCOPUS_ID:84995678342,14,Article,
Regarding off-label scanning of mr conditional devices,2016,2016-11-01,American Journal of Neuroradiology,Brown M.S.,10.3174/ajnr.A4932,2-s2.0-84995646143,SCOPUS_ID:84995646143,1,Note,
Virtual-versus-real implantation of flow diverters: Clinical potential and influence of vascular geometry,2016,2016-11-01,American Journal of Neuroradiology,Bouillot P.,10.3174/ajnr.A4845,2-s2.0-84995569468,SCOPUS_ID:84995569468,24,Article,
Bidirectional changes in anisotropy are associated with outcomes in mild traumatic brain injury,2016,2016-11-01,American Journal of Neuroradiology,Strauss S.B.,10.3174/ajnr.A4851,2-s2.0-84995699224,SCOPUS_ID:84995699224,29,Article,
Geographic differences in endovascular treatment and retreatment of cerebral aneurysms,2016,2016-11-01,American Journal of Neuroradiology,Turk A.S.,10.3174/ajnr.A4857,2-s2.0-84995582900,SCOPUS_ID:84995582900,8,Article,
Wall apposition is a key factor for aneurysm occlusion after flow diversion: A histologic evaluation in 41 rabbits,2016,2016-11-01,American Journal of Neuroradiology,Rouchaud A.,10.3174/ajnr.A4848,2-s2.0-84995654389,SCOPUS_ID:84995654389,103,Article,
Three-Territory DWI acute infarcts: Diagnostic value in cancer-Associated hypercoagulation stroke (trousseau syndrome),2016,2016-11-01,American Journal of Neuroradiology,Finelli P.F.,10.3174/ajnr.A4846,2-s2.0-84995549437,SCOPUS_ID:84995549437,62,Article,
Vitamin D and vulnerable carotid plaque,2016,2016-11-01,American Journal of Neuroradiology,McNally J.S.,10.3174/ajnr.A4849,2-s2.0-84995677092,SCOPUS_ID:84995677092,7,Article,
A simple automated method for detecting recurrence in high-grade glioma,2016,2016-11-01,American Journal of Neuroradiology,Yanagihara T.K.,10.3174/ajnr.A4873,2-s2.0-84995559881,SCOPUS_ID:84995559881,6,Article,
Aneurysms associated with brain arteriovenous malformations,2016,2016-11-01,American Journal of Neuroradiology,Rammos S.,10.3174/ajnr.A4869,2-s2.0-84995582921,SCOPUS_ID:84995582921,52,Review,
Image quality required for the diagnosis of skull fractures using head CT: A comparison of conventional and improved reconstruction kernels,2016,2016-11-01,American Journal of Neuroradiology,Takagi S.,10.3174/ajnr.A4861,2-s2.0-84995545986,SCOPUS_ID:84995545986,3,Article,
Early biomarkers from conventional and delayed-contrast MRI to predict the response to bevacizumab in recurrent high-grade gliomas,2016,2016-11-01,American Journal of Neuroradiology,Daniels D.,10.3174/ajnr.A4866,2-s2.0-84995542923,SCOPUS_ID:84995542923,23,Article,
Reply,2016,2016-11-01,American Journal of Neuroradiology,Brinjikji W.,10.3174/ajnr.A4909,2-s2.0-84995569610,SCOPUS_ID:84995569610,1,Letter,
"Optimized, minimal specific absorption rate mri for high-resolution imaging in patients with implanted deep brain stimulation electrodes",2016,2016-11-01,American Journal of Neuroradiology,Franceschi A.,10.3174/ajnr.A4865,2-s2.0-84995566446,SCOPUS_ID:84995566446,13,Article,
Dorsal lumbar disc migrations with lateral and ventral epidural extension on axial MRI: A case series and review of the literature,2016,2016-11-01,American Journal of Neuroradiology,Zarrabian M.,10.3174/ajnr.A4875,2-s2.0-84995642279,SCOPUS_ID:84995642279,15,Review,
Embryologic anatomic variations: Challenges in intra-Arterial chemotherapy for intraocular retinoblastoma,2016,2016-11-01,American Journal of Neuroradiology,Paruthi C.,10.3174/ajnr.A4905,2-s2.0-84995630395,SCOPUS_ID:84995630395,0,Letter,
"Mechanical thrombectomy in patients with acute ischemic stroke and lower NIHSS scores: Recanalization rates, periprocedural complications, and clinical outcome",2016,2016-11-01,American Journal of Neuroradiology,Pfaff J.,10.3174/ajnr.A4862,2-s2.0-84995686978,SCOPUS_ID:84995686978,46,Article,
Diffusion tensor imaging of the normal cervical and thoracic pediatric spinal cord,2016,2016-11-01,American Journal of Neuroradiology,Saksena S.,10.3174/ajnr.A4883,2-s2.0-84995543170,SCOPUS_ID:84995543170,25,Article,
Comparing preliminary and final neuroradiology reports: What factors determine the differences?,2016,2016-11-01,American Journal of Neuroradiology,Stankiewicz K.,10.3174/ajnr.A4897,2-s2.0-84995596359,SCOPUS_ID:84995596359,4,Conference Paper,
Embryologic anatomic variations: Challenges in intra-Arterial chemotherapy for intraocular retinoblastoma,2016,2016-11-01,American Journal of Neuroradiology,Paruthi C.,10.3174/ajnr.A4905,2-s2.0-84995630395,SCOPUS_ID:84995630395,0,Letter,
3D MR neurography of the lumbosacral plexus: Obtaining optimal images for selective longitudinal nerve depiction,2016,2016-11-01,American Journal of Neuroradiology,Sims G.C.,10.3174/ajnr.A4879,2-s2.0-84995687652,SCOPUS_ID:84995687652,27,Article,
Variability of cerebral deep venous system in preterm and term neonates evaluated on MR SWI venography,2016,2016-11-01,American Journal of Neuroradiology,Tortora D.,10.3174/ajnr.A4877,2-s2.0-84995584829,SCOPUS_ID:84995584829,22,Article,
Migration of bone wax into the sigmoid sinus after posterior fossa surgery,2016,2016-11-01,American Journal of Neuroradiology,Byrns K.,10.3174/ajnr.A4871,2-s2.0-84995662400,SCOPUS_ID:84995662400,16,Article,
Is hypoglossal nerve palsy caused by craniocervical junction degenerative disease an underrecognized entity?,2016,2016-11-01,American Journal of Neuroradiology,Weindling S.,10.3174/ajnr.A4885,2-s2.0-84995569562,SCOPUS_ID:84995569562,10,Conference Paper,
Cervical spinal cord DTI is improved by reduced FOV with specific balance between the number of diffusion gradient directions and averages,2016,2016-11-01,American Journal of Neuroradiology,Crombe A.,10.3174/ajnr.A4850,2-s2.0-84995632265,SCOPUS_ID:84995632265,12,Conference Paper,
Orbital fat volumetry and water fraction measurements using T2-weighted FSE-IDEAL imaging in patients with thyroid-Associated orbitopathy,2016,2016-11-01,American Journal of Neuroradiology,Kaichi Y.,10.3174/ajnr.A4859,2-s2.0-84995663914,SCOPUS_ID:84995663914,26,Article,
"Current procedural terminology: History, structure, and relationship to valuation for the neuroradiologist X",2016,2016-11-01,American Journal of Neuroradiology,Leslie-Mazwi T.M.,10.3174/ajnr.A4863,2-s2.0-84995555587,SCOPUS_ID:84995555587,29,Review,
Comparison of CTA-And DSA-based collateral flow assessment in patients with anterior circulation stroke,2016,2016-11-01,American Journal of Neuroradiology,Jansen I.,10.3174/ajnr.A4878,2-s2.0-84995561783,SCOPUS_ID:84995561783,32,Conference Paper,
The utility of molecular imaging for investigating patients with visual hallucinations,2016,2016-11-01,American Journal of Neuroradiology,Clifford S.,10.3174/ajnr.A4937,2-s2.0-84995592244,SCOPUS_ID:84995592244,0,Letter,
Reply,2016,2016-11-01,American Journal of Neuroradiology,Bracco S.,10.3174/ajnr.A4910,2-s2.0-84995578584,SCOPUS_ID:84995578584,1,Letter,
Ataxia severity correlates with white matter degeneration in spinocerebellar ataxia type 7,2016,2016-11-01,American Journal of Neuroradiology,Hernandez-Castillo C.R.,10.3174/ajnr.A4903,2-s2.0-84995545933,SCOPUS_ID:84995545933,11,Article,
Imaging features of malignant lacrimal sac and nasolacrimal duct tumors,2016,2016-11-01,American Journal of Neuroradiology,Kumar V.A.,10.3174/ajnr.A4882,2-s2.0-84995544554,SCOPUS_ID:84995544554,36,Article,
Reply,2016,2016-11-01,American Journal of Neuroradiology,Winton-Brown T.,10.3174/ajnr.A4940,2-s2.0-84995592262,SCOPUS_ID:84995592262,0,Letter,
Disrupted brain connectivity patterns in patients with type 2 diabetes,2016,2016-11-01,American Journal of Neuroradiology,Cui Y.,10.3174/ajnr.A4858,2-s2.0-84995680586,SCOPUS_ID:84995680586,55,Article,
Discordant observation of brain injury by mri and malignant electroencephalography patterns in comatose survivors of cardiac arrest following therapeutic hypothermia,2016,2016-10-01,American Journal of Neuroradiology,Mettenburg J.M.,10.3174/ajnr.A4839,2-s2.0-84990841062,SCOPUS_ID:84990841062,18,Article,
Peritherapeutic hemodynamic changes of carotid stenting evaluated with quantitative dsa in patients with carotid stenosis,2016,2016-10-01,American Journal of Neuroradiology,Teng M.M.H.,10.3174/ajnr.A4813,2-s2.0-84990848007,SCOPUS_ID:84990848007,30,Article,
Ocular signs caused by dural arteriovenous fistula without involvement of the cavernous sinus: A case series with review of the literature,2016,2016-10-01,American Journal of Neuroradiology,Robert T.,10.3174/ajnr.A4831,2-s2.0-84990861359,SCOPUS_ID:84990861359,18,Article,
Magnetic susceptibility from quantitative susceptibility mapping can differentiate new enhancing from nonenhancing multiple sclerosis lesions without gadolinium injection,2016,2016-10-01,American Journal of Neuroradiology,Zhang Y.,10.3174/ajnr.A4856,2-s2.0-84990837021,SCOPUS_ID:84990837021,44,Article,
Synthetic MR imaging sequence in daily clinical practice,2016,2016-10-01,American Journal of Neuroradiology,Vargas M.,10.3174/ajnr.A4895,2-s2.0-84990855290,SCOPUS_ID:84990855290,7,Letter,
The CT prevalence of arrested pneumatization of the sphenoid sinus in patients with sickle cell disease,2016,2016-10-01,American Journal of Neuroradiology,Prabhu A.,10.3174/ajnr.A4801,2-s2.0-84990845577,SCOPUS_ID:84990845577,15,Article,
Improved automatic detection of new t2 lesions in multiple sclerosis using deformation fields,2016,2016-10-01,American Journal of Neuroradiology,Cabezas M.,10.3174/ajnr.A4829,2-s2.0-84990836922,SCOPUS_ID:84990836922,32,Article,
Regional frontal perfusion deficits in relapsing-remitting multiple sclerosis with cognitive decline,2016,2016-10-01,American Journal of Neuroradiology,Vitorino R.,10.3174/ajnr.A4824,2-s2.0-84990841995,SCOPUS_ID:84990841995,19,Article,
Effect of CTA tube current on spot sign detection and accuracy for prediction of intracerebral hemorrhage expansion,2016,2016-10-01,American Journal of Neuroradiology,Morotti A.,10.3174/ajnr.A4810,2-s2.0-84990872373,SCOPUS_ID:84990872373,21,Article,
"A direct aspiration, first pass technique (ADAPT) versus stent retrievers for acute stroke therapy: An observational comparative study",2016,2016-10-01,American Journal of Neuroradiology,Lapergue B.,10.3174/ajnr.A4840,2-s2.0-84990847759,SCOPUS_ID:84990847759,134,Article,
Brain perfusion imaging in neonates: An overview,2016,2016-10-01,American Journal of Neuroradiology,Proisy M.,10.3174/ajnr.A4778,2-s2.0-84990855427,SCOPUS_ID:84990855427,30,Review,
Reply,2016,2016-10-01,American Journal of Neuroradiology,Morotti A.,10.3174/ajnr.A4887,2-s2.0-84990852350,SCOPUS_ID:84990852350,0,Letter,
Dynamic susceptibility contrast-enhanced mr perfusion imaging in assessing recurrent glioblastoma response to superselective intra-arterial bevacizumab therapy,2016,2016-10-01,American Journal of Neuroradiology,Singh R.,10.3174/ajnr.A4823,2-s2.0-84990817891,SCOPUS_ID:84990817891,14,Article,
Intervention versus aggressive medical therapy for cognition in severe asymptomatic carotid stenosis,2016,2016-10-01,American Journal of Neuroradiology,Lin C.J.,10.3174/ajnr.A4798,2-s2.0-84990844008,SCOPUS_ID:84990844008,26,Article,
Reply,2016,2016-10-01,American Journal of Neuroradiology,McGauvran A.,10.3174/ajnr.A4913,2-s2.0-84990866811,SCOPUS_ID:84990866811,0,Letter,
MR imaging of the cervical spine in nonaccidental trauma: A tertiary institution experience,2016,2016-10-01,American Journal of Neuroradiology,Jacob R.,10.3174/ajnr.A4817,2-s2.0-84990840498,SCOPUS_ID:84990840498,40,Article,
White matter hyperintensity volume and cerebral perfusion in older individuals with hypertension using arterial spin-labeling,2016,2016-10-01,American Journal of Neuroradiology,Van Dalen J.,10.3174/ajnr.A4828,2-s2.0-84990849854,SCOPUS_ID:84990849854,60,Article,
CT fluoroscopy-guided blood patching of ventral csf leaks by direct needle placement in the ventral epidural space using a transforaminal approach,2016,2016-10-01,American Journal of Neuroradiology,Amrhein T.J.,10.3174/ajnr.A4842,2-s2.0-84990848071,SCOPUS_ID:84990848071,30,Article,
Comment on SAPHO syndrome: Imaging findings of vertebral involvement,2016,2016-10-01,American Journal of Neuroradiology,Colina M.,10.3174/ajnr.A4912,2-s2.0-84990841916,SCOPUS_ID:84990841916,2,Letter,
Differentiating hemangioblastomas from brain metastases using diffusion-weighted imaging and dynamic susceptibility contrast-enhanced perfusion-weighted mr imaging,2016,2016-10-01,American Journal of Neuroradiology,She D.,10.3174/ajnr.A4809,2-s2.0-84990854136,SCOPUS_ID:84990854136,22,Article,
Computational modeling of venous sinus stenosis in idiopathic intracranial hypertension,2016,2016-10-01,American Journal of Neuroradiology,Levitt M.R.,10.3174/ajnr.A4826,2-s2.0-84990849617,SCOPUS_ID:84990849617,24,Article,
Clinical significance of the champagne bottle neck sign in the extracranial carotid arteries of patients with moyamoya disease,2016,2016-10-01,American Journal of Neuroradiology,Yasuda C.,10.3174/ajnr.A4815,2-s2.0-84990862246,SCOPUS_ID:84990862246,17,Article,
Reply,2016,2016-10-01,American Journal of Neuroradiology,Granberg T.,10.3174/ajnr.A4896,2-s2.0-84990841066,SCOPUS_ID:84990841066,0,Letter,
Flow diversion for ophthalmic artery aneurysms,2016,2016-10-01,American Journal of Neuroradiology,Burrows A.,10.3174/ajnr.A4835,2-s2.0-84990861895,SCOPUS_ID:84990861895,52,Article,
Volumetric description of brain atrophy in neuronal ceroid lipofuscinosis 2: Supratentorial gray matter shows uniform disease progression,2016,2016-10-01,American Journal of Neuroradiology,Löbel U.,10.3174/ajnr.A4816,2-s2.0-84990842386,SCOPUS_ID:84990842386,22,Article,
MRI evaluation of non-necrotic T2-hyperintense foci in pediatric diffuse intrinsic pontine glioma,2016,2016-10-01,American Journal of Neuroradiology,Clerk-Lamalice O.,10.3174/ajnr.A4814,2-s2.0-84990855924,SCOPUS_ID:84990855924,6,Article,
High-convexity tightness predicts the shunt response in idiopathic normal pressure hydrocephalus,2016,2016-10-01,American Journal of Neuroradiology,Narita W.,10.3174/ajnr.A4838,2-s2.0-84990848557,SCOPUS_ID:84990848557,76,Article,
Cerebral CTA with low tube voltage and low contrast material volume for detection of intracranial aneurysms,2016,2016-10-01,American Journal of Neuroradiology,Ni Q.Q.,10.3174/ajnr.A4803,2-s2.0-84990866215,SCOPUS_ID:84990866215,15,Article,
Evaluating instantaneous perfusion responses of parotid glands to gustatory stimulation using high-temporal-resolution echo-planar diffusion-weighted imaging,2016,2016-10-01,American Journal of Neuroradiology,Chiu T.W.,10.3174/ajnr.A4852,2-s2.0-84990847797,SCOPUS_ID:84990847797,5,Article,
Dual-energy ct and spot sign,2016,2016-10-01,American Journal of Neuroradiology,Vargas M.I.,10.3174/ajnr.A4894,2-s2.0-84990857091,SCOPUS_ID:84990857091,0,Letter,
Neuroimaging findings in congenital zika syndrome,2016,2016-10-01,American Journal of Neuroradiology,Poretti A.,10.3174/ajnr.A4924,2-s2.0-84990865999,SCOPUS_ID:84990865999,9,Editorial,
Blood-labyrinth barrier permeability in menière disease and idiopathic sudden sensorineural hearing loss: Findings on delayed postcontrast 3D-FLAIR MRI,2016,2016-10-01,American Journal of Neuroradiology,Pakdaman M.N.,10.3174/ajnr.A4822,2-s2.0-84990849814,SCOPUS_ID:84990849814,83,Article,
Shear stiffness of 4 common intracranial tumors measured using mr elastography: Comparison with intraoperative consistency grading,2016,2016-10-01,American Journal of Neuroradiology,Sakai N.,10.3174/ajnr.A4832,2-s2.0-84990866022,SCOPUS_ID:84990866022,45,Article,
Imaging appearance of SMARCB1 (INI1)-deficient sinonasal carcinoma: A newly described sinonasal malignancy,2016,2016-10-01,American Journal of Neuroradiology,Shatzkes D.R.,10.3174/ajnr.A4841,2-s2.0-84990852861,SCOPUS_ID:84990852861,31,Article,
High-resolution MRI findings following trigeminal rhizotomy,2016,2016-10-01,American Journal of Neuroradiology,Northcutt B.G.,10.3174/ajnr.A4868,2-s2.0-84990831231,SCOPUS_ID:84990831231,8,Article,
In Vivo 7T MR quantitative susceptibility mapping reveals opposite susceptibility contrast between cortical and white matter lesions in multiple sclerosis,2016,2016-10-01,American Journal of Neuroradiology,Bian W.,10.3174/ajnr.A4830,2-s2.0-84990859428,SCOPUS_ID:84990859428,35,Article,
Automated quantitation of spinal CSF volume and measurement of craniospinal csf redistribution following lumbar withdrawal in idiopathic intracranial hypertension,2016,2016-10-01,American Journal of Neuroradiology,Alperin N.,10.3174/ajnr.A4837,2-s2.0-84990838649,SCOPUS_ID:84990838649,33,Article,
Reply,2016,2016-09-01,American Journal of Neuroradiology,Karia S.J.,10.3174/ajnr.A4872,2-s2.0-84988311960,SCOPUS_ID:84988311960,1,Letter,
Ventricular microaneurysms in moyamoya angiopathy visualized with 7T MR angiography,2016,2016-09-01,American Journal of Neuroradiology,Matsushige T.,10.3174/ajnr.A4786,2-s2.0-84988357937,SCOPUS_ID:84988357937,31,Article,
"Quantitative susceptibility mapping and R2∗ measured changes during white matter lesion development in multiple sclerosis: Myelin breakdown, myelin debris degradation and removal, and iron accumulation",2016,2016-09-01,American Journal of Neuroradiology,Zhang Y.,10.3174/ajnr.A4825,2-s2.0-84988422508,SCOPUS_ID:84988422508,68,Article,
In vivo T1 of blood measurements in children with sickle cell disease improve cerebral blood flow quantification from arterial spin-labeling MRI,2016,2016-09-01,American Journal of Neuroradiology,Vaclavu L.,10.3174/ajnr.A4793,2-s2.0-84988378027,SCOPUS_ID:84988378027,37,Conference Paper,
Nonaneurysmal perimesencephalic hemorrhage is associated with deep cerebral venous drainage anomalies: A systematic literature review and meta-analysis,2016,2016-09-01,American Journal of Neuroradiology,Rouchaud A.,10.3174/ajnr.A4806,2-s2.0-84988369335,SCOPUS_ID:84988369335,34,Article,
Is there a need for contrast and local anesthetic in cervical epidural steroid injections?,2016,2016-09-01,American Journal of Neuroradiology,Bolger M.P.,10.3174/ajnr.A4881,2-s2.0-84988322187,SCOPUS_ID:84988322187,2,Letter,
Correlation of MRI brain injury findings with neonatal clinical factors in infants with congenital diaphragmatic hernia,2016,2016-09-01,American Journal of Neuroradiology,Radhakrishnan R.,10.3174/ajnr.A4787,2-s2.0-84988447831,SCOPUS_ID:84988447831,23,Article,
Tractography at 3T MRI of corpus callosum tracts crossing white matter hyperintensities,2016,2016-09-01,American Journal of Neuroradiology,Reginold W.,10.3174/ajnr.A4788,2-s2.0-84988448029,SCOPUS_ID:84988448029,21,Article,
Reply,2016,2016-09-01,American Journal of Neuroradiology,Khanipour Roshan S.,10.3174/ajnr.A4876,2-s2.0-84988423221,SCOPUS_ID:84988423221,0,Letter,
Widespread focal cortical alterations in autism spectrum disorder with intellectual disability detected by threshold-free cluster enhancement,2016,2016-09-01,American Journal of Neuroradiology,Contarino V.E.,10.3174/ajnr.A4779,2-s2.0-84988410203,SCOPUS_ID:84988410203,11,Article,
Diffusion-weighted imaging of nasopharyngeal carcinoma: Can pretreatment DWI predict local failure based on long-term outcome?,2016,2016-09-01,American Journal of Neuroradiology,Law B.K.H.,10.3174/ajnr.A4792,2-s2.0-84988384807,SCOPUS_ID:84988384807,36,Article,
Prevalence of intracranial aneurysms in patients with aortic aneurysms,2016,2016-09-01,American Journal of Neuroradiology,Rouchaud A.,10.3174/ajnr.A4827,2-s2.0-84988369568,SCOPUS_ID:84988369568,46,Article,
Probabilistic fiber-tracking reveals degeneration of the contralateral auditory pathway in patients with vestibular schwannoma,2016,2016-09-01,American Journal of Neuroradiology,Rueckriegel S.,10.3174/ajnr.A4833,2-s2.0-84988448130,SCOPUS_ID:84988448130,15,Conference Paper,
Differentiation of low- and high-grade gliomas using high b-value diffusion imaging with a non-Gaussian diffusion model,2016,2016-09-01,American Journal of Neuroradiology,Sui Y.,10.3174/ajnr.A4836,2-s2.0-84988373617,SCOPUS_ID:84988373617,48,Conference Paper,
Normal developmental globe morphology on fetal MR imaging,2016,2016-09-01,American Journal of Neuroradiology,Whitehead M.,10.3174/ajnr.A4785,2-s2.0-84988328581,SCOPUS_ID:84988328581,9,Article,
"""finding a Voice"": Imaging features after phonosurgical procedures for vocal fold paralysis",2016,2016-09-01,American Journal of Neuroradiology,Vachha B.A.,10.3174/ajnr.A4781,2-s2.0-84988416379,SCOPUS_ID:84988416379,22,Review,
Reply,2016,2016-09-01,American Journal of Neuroradiology,Lagemann G.,10.3174/ajnr.A4880,2-s2.0-84988419384,SCOPUS_ID:84988419384,0,Letter,
Uremic encephalopathy: MR imaging findings and clinical correlation,2016,2016-09-01,American Journal of Neuroradiology,Kim D.M.,10.3174/ajnr.A4776,2-s2.0-84988373703,SCOPUS_ID:84988373703,62,Article,
Childhood cerebral adrenoleukodystrophy: MR perfusion measurements and their use in predicting clinical outcome after hematopoietic stem cell transplantation,2016,2016-09-01,American Journal of Neuroradiology,McKinney A.M.,10.3174/ajnr.A4773,2-s2.0-84988411910,SCOPUS_ID:84988411910,12,Article,
Risk factors for ischemic complications following pipeline embolization device treatment of intracranial aneurysms: Results from the Intre PED study,2016,2016-09-01,American Journal of Neuroradiology,Brinjikji W.,10.3174/ajnr.A4807,2-s2.0-84988446289,SCOPUS_ID:84988446289,119,Article,
Relationship between APOE genotype and structural MRI measures throughout adulthood in the study of health in pomerania population-based cohort,2016,2016-09-01,American Journal of Neuroradiology,Habes M.,10.3174/ajnr.A4805,2-s2.0-84988428105,SCOPUS_ID:84988428105,38,Article,
Demonstration of normal and abnormal fetal brains using 3D printing from in Utero MR imaging data,2016,2016-09-01,American Journal of Neuroradiology,Jarvis D.,10.3174/ajnr.A4783,2-s2.0-84988432663,SCOPUS_ID:84988432663,13,Article,
Risk factors for ischemic complications following pipeline embolization device treatment of intracranial aneurysms: Results from the Intre PED study,2016,2016-09-01,American Journal of Neuroradiology,Brinjikji W.,10.3174/ajnr.A4807,2-s2.0-84988446289,SCOPUS_ID:84988446289,119,Article,
Application of blood-brain barrier permeability imaging in global cerebral edema,2016,2016-09-01,American Journal of Neuroradiology,Ivanidze J.,10.3174/ajnr.A4784,2-s2.0-84988378223,SCOPUS_ID:84988378223,21,Article,
Incidence and clinical significance of acute reocclusion after emergent angioplasty or stenting for underlying intracranial stenosis in patients with acute stroke,2016,2016-09-01,American Journal of Neuroradiology,Kim G.E.,10.3174/ajnr.A4770,2-s2.0-84988432076,SCOPUS_ID:84988432076,50,Article,
Contrast-enhanced and time-of-flight MRA at 3T compared with DSA for the follow-up of intracranial aneurysms treated with the WEB device,2016,2016-09-01,American Journal of Neuroradiology,Timsit C.,10.3174/ajnr.A4791,2-s2.0-84988447881,SCOPUS_ID:84988447881,51,Article,
Association of automatically quantified total blood volume after aneurysmal subarachnoid hemorrhage with delayed cerebral ischemia,2016,2016-09-01,American Journal of Neuroradiology,Zijlstra I.A.,10.3174/ajnr.A4771,2-s2.0-84988311527,SCOPUS_ID:84988311527,30,Conference Paper,
WEB treatment of ruptured intracranial aneurysms,2016,2016-09-01,American Journal of Neuroradiology,Van Rooij W.J.,10.3174/ajnr.A4811,2-s2.0-84988322437,SCOPUS_ID:84988322437,39,Article,
The clinical outcome of posterior reversible encephalopathy syndrome,2016,2016-09-01,American Journal of Neuroradiology,Gao B.,10.3174/ajnr.A4853,2-s2.0-84988336218,SCOPUS_ID:84988336218,6,Letter,
Antiangiogenic effect of bevacizumab: Application of arterial spin-labeling perfusion MR imaging in a rat glioblastoma model,2016,2016-09-01,American Journal of Neuroradiology,Yun T.J.,10.3174/ajnr.A4800,2-s2.0-84988447927,SCOPUS_ID:84988447927,12,Article,
"Measures of neuroradiologic activities in the ""air du Temps""",2016,2016-09-01,American Journal of Neuroradiology,Vargas M.I.,10.3174/ajnr.A4854,2-s2.0-84988419368,SCOPUS_ID:84988419368,0,Letter,
Limitations of T2∗-gradient recalled-echo and susceptibility-weighted imaging in characterizing chronic subdural hemorrhage in infant survivors of abusive head trauma,2016,2016-09-01,American Journal of Neuroradiology,Cramer J.A.,10.3174/ajnr.A4769,2-s2.0-84988336255,SCOPUS_ID:84988336255,16,Conference Paper,
Utility and significance of gadolinium-based contrast enhancement in posterior reversible encephalopathy syndrome,2016,2016-09-01,American Journal of Neuroradiology,Bhatia V.,10.3174/ajnr.A4847,2-s2.0-84988391746,SCOPUS_ID:84988391746,3,Letter,
Centripetal propagation of vasoconstriction at the time of headache resolution in patients with reversible cerebral vasoconstriction syndrome,2016,2016-09-01,American Journal of Neuroradiology,Shimoda M.,10.3174/ajnr.A4768,2-s2.0-84988431481,SCOPUS_ID:84988431481,31,Article,
Response assessment in pediatric neuro-oncology: Implementation and expansion of the RANO criteria in a randomized Phase II trial of pediatric patients with newly diagnosed high-grade gliomas,2016,2016-09-01,American Journal of Neuroradiology,Jaspan T.,10.3174/ajnr.A4782,2-s2.0-84988322482,SCOPUS_ID:84988322482,31,Conference Paper,
Gray matter growth is accompanied by increasing blood flow and decreasing apparent diffusion coefficient during childhood,2016,2016-09-01,American Journal of Neuroradiology,Forkert N.D.,10.3174/ajnr.A4772,2-s2.0-84988336083,SCOPUS_ID:84988336083,27,Article,
Endovascular coiling of wide-neck and wide-neck bifurcation aneurysms: A systematic review and meta-analysis,2016,2016-09-01,American Journal of Neuroradiology,Zhao B.,10.3174/ajnr.A4834,2-s2.0-84988429357,SCOPUS_ID:84988429357,115,Review,
Suspected metallic embolism following endovascular treatment of intracranial aneurysms,2016,2016-09-01,American Journal of Neuroradiology,Yasuda R.,10.3174/ajnr.A4804,2-s2.0-84988355403,SCOPUS_ID:84988355403,6,Conference Paper,
A diffusion tensor imaging study on white matter abnormalities in patients with type 2 diabetes using tract-based spatial statistics,2016,2016-08-01,American Journal of Neuroradiology,Xiong Y.,10.3174/ajnr.A4740,2-s2.0-84982126146,SCOPUS_ID:84982126146,60,Article,
Effect of the suboccipital musculature on symptom severity and recovery after mild traumatic brain injury,2016,2016-08-01,American Journal of Neuroradiology,Fakhran S.,10.3174/ajnr.A4730,2-s2.0-84982095387,SCOPUS_ID:84982095387,22,Article,
Quiet T1-Weighted pointwise encoding time reduction with radial acquisition for assessing myelination in the pediatric brain,2016,2016-08-01,American Journal of Neuroradiology,Aida N.,10.3174/ajnr.A4747,2-s2.0-84982083043,SCOPUS_ID:84982083043,28,Article,
Characteristics of Diffusional kurtosis in chronic ischemia of adult Moyamoya disease: Comparing Diffusional kurtosis and diffusion tensor imaging,2016,2016-08-01,American Journal of Neuroradiology,Kazumata K.,10.3174/ajnr.A4728,2-s2.0-84982107447,SCOPUS_ID:84982107447,29,Article,
Lesion heterogeneity on high-field susceptibility MRI Is associated with multiple sclerosis severity,2016,2016-08-01,American Journal of Neuroradiology,Harrison D.M.,10.3174/ajnr.A4726,2-s2.0-84982095818,SCOPUS_ID:84982095818,81,Article,
MR imaging of the pituitary gland and postsphenoid ossification in fetal specimens,2016,2016-08-01,American Journal of Neuroradiology,Mehemed T.M.,10.3174/ajnr.A4808,2-s2.0-84982168495,SCOPUS_ID:84982168495,6,Article,
"Imaging of neurovascular compression syndromes: Trigeminal neuralgia, Hemifacial spasm, vestibular Paroxysmia, and Glossopharyngeal neuralgia",2016,2016-08-01,American Journal of Neuroradiology,Haller S.,10.3174/ajnr.A4683,2-s2.0-84982156045,SCOPUS_ID:84982156045,202,Review,
Geometric parameter analysis of ruptured and Unruptured aneurysms in patients with symmetric bilateral intracranial aneurysms: A Multicenter CT angiography study,2016,2016-08-01,American Journal of Neuroradiology,Huang Z.Q.,10.3174/ajnr.A4764,2-s2.0-84982121594,SCOPUS_ID:84982121594,45,Article,
Reduced myelin water in the white matter tracts of patients with niemann-pick disease type C,2016,2016-08-01,American Journal of Neuroradiology,Davies-Thompson J.,10.3174/ajnr.A4719,2-s2.0-84982161577,SCOPUS_ID:84982161577,17,Article,
T1 signal-intensity increase in the dentate nucleus after multiple exposures to Gadodiamide: Intraindividual comparison between 2 commonly used sequences,2016,2016-08-01,American Journal of Neuroradiology,Ramalho J.,10.3174/ajnr.A4757,2-s2.0-84982169068,SCOPUS_ID:84982169068,42,Article,
Reduced myelin water in the white matter tracts of patients with niemann-pick disease type C,2016,2016-08-01,American Journal of Neuroradiology,Davies-Thompson J.,10.3174/ajnr.A4719,2-s2.0-84982161577,SCOPUS_ID:84982161577,17,Article,
Electrophysiologic validation of diffusion tensor imaging tractography during deep brain stimulation surgery,2016,2016-08-01,American Journal of Neuroradiology,Coenen V.A.,10.3174/ajnr.A4753,2-s2.0-84982175149,SCOPUS_ID:84982175149,25,Article,
Neurovascular manifestations of hereditary hemorrhagic telangiectasia: A consecutive series of 376 patients during 15 years,2016,2016-08-01,American Journal of Neuroradiology,Brinjikji W.,10.3174/ajnr.A4762,2-s2.0-84982168585,SCOPUS_ID:84982168585,41,Article,
Reduced field-of-view diffusion tensor imaging of the optic nerve in retinitis pigmentosa at 3T,2016,2016-08-01,American Journal of Neuroradiology,Zhang Y.,10.3174/ajnr.A4767,2-s2.0-84982167163,SCOPUS_ID:84982167163,16,Article,
Cranial ultrasonography in infantile encephalitic beriberi: A useful first-line imaging tool for screening and diagnosis in suspected cases,2016,2016-08-01,American Journal of Neuroradiology,Wani N.,10.3174/ajnr.A4756,2-s2.0-84982129620,SCOPUS_ID:84982129620,16,Article,
Improved leakage correction for single-echo dynamic susceptibility contrast perfusion MRI estimates of relative cerebral blood volume in high-grade gliomas by accounting for bidirectional contrast agent exchange,2016,2016-08-01,American Journal of Neuroradiology,Leu K.,10.3174/ajnr.A4759,2-s2.0-84982176748,SCOPUS_ID:84982176748,44,Article,
Performance of CT ASPECTS and collateral score in risk stratification: Can target perfusion profiles be predicted without perfusion imaging?,2016,2016-08-01,American Journal of Neuroradiology,Dehkharghani S.,10.3174/ajnr.A4727,2-s2.0-84982162245,SCOPUS_ID:84982162245,25,Article,
Fate of coiled aneurysms with minor recanalization at 6 months: Rate of progression to further recanalization and related risk factors,2016,2016-08-01,American Journal of Neuroradiology,Jeon J.P.,10.3174/ajnr.A4763,2-s2.0-84982095552,SCOPUS_ID:84982095552,30,Article,
Spectrum of clinical and associated MR imaging findings in children with olfactory anomalies,2016,2016-08-01,American Journal of Neuroradiology,Booth T.,10.3174/ajnr.A4738,2-s2.0-84982182457,SCOPUS_ID:84982182457,10,Article,
Prevalence of intracranial aneurysms in patients with connective tissue diseases: A retrospective study,2016,2016-08-01,American Journal of Neuroradiology,Kim S.,10.3174/ajnr.A4718,2-s2.0-84982144457,SCOPUS_ID:84982144457,93,Article,
Cortical perfusion alteration in normal-Appearing gray matter is most sensitive to disease progression in relapsing-remitting multiple sclerosis,2016,2016-08-01,American Journal of Neuroradiology,Hojjat S.P.,10.3174/ajnr.A4737,2-s2.0-84982170442,SCOPUS_ID:84982170442,22,Article,
A new ultrasound marker for bedside monitoring of preterm brain growth,2016,2016-08-01,American Journal of Neuroradiology,Roelants J.A.,10.3174/ajnr.A4731,2-s2.0-84982166048,SCOPUS_ID:84982166048,20,Article,
Prediction of carotid intraplaque hemorrhage using adventitial calcification and plaque thickness on CTA,2016,2016-08-01,American Journal of Neuroradiology,Eisenmenger L.B.,10.3174/ajnr.A4765,2-s2.0-84982146217,SCOPUS_ID:84982146217,71,Article,
Reduction of oxygen-induced CSF Hyperintensity on FLAIR MR images in sedated children: Usefulness of magnetization-prepared FLAIR Imaging,2016,2016-08-01,American Journal of Neuroradiology,Jeong H.K.,10.3174/ajnr.A4723,2-s2.0-84982106594,SCOPUS_ID:84982106594,4,Article,
SAPHO Syndrome: Imaging findings of vertebral involvement,2016,2016-08-01,American Journal of Neuroradiology,McGauvran A.,10.3174/ajnr.A4736,2-s2.0-84982150901,SCOPUS_ID:84982150901,45,Article,
Evaluation of focal cervical spinal cord lesions in multiple sclerosis: Comparison of white matter-suppressed T1 inversion recovery sequence versus conventional STIR and proton density-weighted turbo spin-echo sequences,2016,2016-08-01,American Journal of Neuroradiology,Sundarakumar D.K.,10.3174/ajnr.A4761,2-s2.0-84982149278,SCOPUS_ID:84982149278,11,Article,
Multimodal CT Imaging: Time to treatment and outcomes in the IMS III Trial,2016,2016-08-01,American Journal of Neuroradiology,Vagal A.,10.3174/ajnr.A4751,2-s2.0-84982104049,SCOPUS_ID:84982104049,15,Article,
MR imaging in Spinocerebellar ataxias: A systematic review,2016,2016-08-01,American Journal of Neuroradiology,Klaes A.,10.3174/ajnr.A4760,2-s2.0-84982113859,SCOPUS_ID:84982113859,45,Article,
Do radiologists report the TNM staging in radiology reports for head and neck cancers? a national survey study,2016,2016-08-01,American Journal of Neuroradiology,Ko B.,10.3174/ajnr.A4742,2-s2.0-84982126059,SCOPUS_ID:84982126059,13,Article,
The hyperdense paraspinal vein sign: A marker of CSF-venous fistula,2016,2016-07-01,American Journal of Neuroradiology,Kranz P.G.,10.3174/ajnr.A4682,2-s2.0-84978485853,SCOPUS_ID:84978485853,74,Article,
Quantitative assessment of circumferential enhancement along the wall of cerebral aneurysms using mr imaging,2016,2016-07-01,American Journal of Neuroradiology,Omodaka S.,10.3174/ajnr.A4722,2-s2.0-84978525580,SCOPUS_ID:84978525580,71,Article,
Thinner regions of intracranial aneurysm wall correlate with regions of higher wall shear stress: A 7T MRI study,2016,2016-07-01,American Journal of Neuroradiology,Blankena R.,10.3174/ajnr.A4734,2-s2.0-84978537578,SCOPUS_ID:84978537578,42,Article,
Assessment of collateral status by dynamic ct angiography in acute mca stroke: Timing of acquisition and relationship with final infarct volume,2016,2016-07-01,American Journal of Neuroradiology,Van Den Wijngaard I.R.,10.3174/ajnr.A4746,2-s2.0-84978523967,SCOPUS_ID:84978523967,49,Article,
Inflow jet patterns of unruptured cerebral aneurysms based on the flow velocity in the parent artery: Evaluation using 4d flow MRI,2016,2016-07-01,American Journal of Neuroradiology,Futami K.,10.3174/ajnr.A4704,2-s2.0-84978538370,SCOPUS_ID:84978538370,18,Article,
Time-of-flight mr angiography for detection of cerebral hyperperfusion syndrome after superficial temporal artery-middle cerebral artery anastomosis in moyamoya disease,2016,2016-07-01,American Journal of Neuroradiology,Sato K.,10.3174/ajnr.A4715,2-s2.0-84978517908,SCOPUS_ID:84978517908,14,Article,
Inflow jet patterns of unruptured cerebral aneurysms based on the flow velocity in the parent artery: Evaluation using 4d flow MRI,2016,2016-07-01,American Journal of Neuroradiology,Futami K.,10.3174/ajnr.A4704,2-s2.0-84978538370,SCOPUS_ID:84978538370,18,Article,
Comparison of CSF distribution between idiopathic normal pressure hydrocephalus and Alzheimer disease,2016,2016-07-01,American Journal of Neuroradiology,Yamada S.,10.3174/ajnr.A4695,2-s2.0-84978514979,SCOPUS_ID:84978514979,56,Article,
Quantitative susceptibility mapping in cerebral cavernous malformations: Clinical correlations,2016,2016-07-01,American Journal of Neuroradiology,Tan H.,10.3174/ajnr.A4724,2-s2.0-84978468848,SCOPUS_ID:84978468848,38,Article,
Prediction of stent-retriever thrombectomy outcomes by dynamic multidetector ct angiography in patients with acute carotid t or mca occlusions,2016,2016-07-01,American Journal of Neuroradiology,Thierfelder K.M.,10.3174/ajnr.A4694,2-s2.0-84978524408,SCOPUS_ID:84978524408,6,Article,
Imaging signs in spontaneous intracranial hypotension: Prevalence and relationship to CSF pressure,2016,2016-07-01,American Journal of Neuroradiology,Kranz P.G.,10.3174/ajnr.A4689,2-s2.0-84978539305,SCOPUS_ID:84978539305,96,Conference Paper,
C-Arm conebeam ct perfusion imaging in the angiographic suite: A comparison with multidetector ct perfusion imaging,2016,2016-07-01,American Journal of Neuroradiology,Niu K.,10.3174/ajnr.A4691,2-s2.0-84978524035,SCOPUS_ID:84978524035,30,Article,
"Development of the fetal vermis: New biometry reference data and comparison of 3 diagnostic modalities-3d ultrasound, 2d ultrasound, and mr imaging",2016,2016-07-01,American Journal of Neuroradiology,Katorza E.,10.3174/ajnr.A4725,2-s2.0-84978488483,SCOPUS_ID:84978488483,37,Article,
Improving perfusion measurement in DSC-MR imaging with multiecho information for arterial input function determination,2016,2016-07-01,American Journal of Neuroradiology,Newton A.,10.3174/ajnr.A4700,2-s2.0-84978524995,SCOPUS_ID:84978524995,15,Conference Paper,
Whole-brain DTI assessment of white matter damage in children with bilateral cerebral palsy: Evidence of involvement beyond the primary target of the anoxic insult,2016,2016-07-01,American Journal of Neuroradiology,Arrigoni F.,10.3174/ajnr.A4717,2-s2.0-84978544575,SCOPUS_ID:84978544575,38,Conference Paper,
"Mapping the orientation of white matter fiber bundles: A comparative study of diffusion tensor imaging, diffusional kurtosis imaging, and diffusion spectrum imaging",2016,2016-07-01,American Journal of Neuroradiology,Glenn G.R.,10.3174/ajnr.A4714,2-s2.0-84978536230,SCOPUS_ID:84978536230,52,Article,
Non-relative value unit-generating activities represent one-fifth of academic neuroradiologist productivity,2016,2016-07-01,American Journal of Neuroradiology,Wintermark M.,10.3174/ajnr.A4701,2-s2.0-84978524690,SCOPUS_ID:84978524690,14,Review,
Multicenter prospective trial of stent placement in patients with symptomatic high-grade intracranial stenosis,2016,2016-07-01,American Journal of Neuroradiology,Gao P.,10.3174/ajnr.A4698,2-s2.0-84978511523,SCOPUS_ID:84978511523,88,Article,
Full dose-reduction potential of statistical iterative reconstruction for head CT protocols in a predominantly pediatric population,2016,2016-07-01,American Journal of Neuroradiology,Mirro A.E.,10.3174/ajnr.A4754,2-s2.0-84978524121,SCOPUS_ID:84978524121,20,Article,
Iron and non-iron-related characteristics of multiple sclerosis and neuromyelitis optica lesions at 7T MRI,2016,2016-07-01,American Journal of Neuroradiology,Chawla S.,10.3174/ajnr.A4729,2-s2.0-84978541145,SCOPUS_ID:84978541145,73,Conference Paper,
Endovascular management of tandem occlusion stroke related to internal carotid artery dissection using a distal to proximal approach: Insight from the recost study,2016,2016-07-01,American Journal of Neuroradiology,Marnat G.,10.3174/ajnr.A4752,2-s2.0-84978537434,SCOPUS_ID:84978537434,78,Article,
Brain injury in neonates with complex congenital heart disease: What is the predictive value of MRI in the fetal period?,2016,2016-07-01,American Journal of Neuroradiology,Brossard-Racine M.,10.3174/ajnr.A4716,2-s2.0-84978472298,SCOPUS_ID:84978472298,59,Article,
Evaluating permeability surface-area product as a measure of blood-brain barrier permeability in a murine model,2016,2016-07-01,American Journal of Neuroradiology,Weidman E.K.,10.3174/ajnr.A4712,2-s2.0-84978472289,SCOPUS_ID:84978472289,13,Conference Paper,
Gadolinium-based contrast agent accumulation and toxicity: An update,2016,2016-07-01,American Journal of Neuroradiology,Ramalho J.,10.3174/ajnr.A4615,2-s2.0-84978488402,SCOPUS_ID:84978488402,401,Review,
"Hemodynamic and anatomic variations require an adaptable approach during intra-arterial chemotherapy for intraocular retinoblastoma: Alternative routes, strategies, and follow-up",2016,2016-07-01,American Journal of Neuroradiology,Bertelli E.,10.3174/ajnr.A4741,2-s2.0-84978471391,SCOPUS_ID:84978471391,40,Article,
Decreased superior sagittal sinus diameter and jugular bulb narrowing are associated with poor clinical outcome in vein of Galen arteriovenous malformation,2016,2016-07-01,American Journal of Neuroradiology,Saliou G.,10.3174/ajnr.A4697,2-s2.0-84978533700,SCOPUS_ID:84978533700,12,Conference Paper,
Vestibular aqueduct measurements in the 45° oblique (pöschl) plane,2016,2016-07-01,American Journal of Neuroradiology,Juliano A.,10.3174/ajnr.A4735,2-s2.0-84978524129,SCOPUS_ID:84978524129,39,Article,
Atypical presentations of intracranial hypotension: Comparison with classic spontaneous intracranial hypotension,2016,2016-07-01,American Journal of Neuroradiology,Capizzano A.A.,10.3174/ajnr.A4706,2-s2.0-84978484066,SCOPUS_ID:84978484066,46,Article,
A novel methodology for applying multivoxel mr spectroscopy to evaluate convection-enhanced drug delivery in diffuse intrinsic pontine gliomas,2016,2016-07-01,American Journal of Neuroradiology,Guisado D.I.,10.3174/ajnr.A4713,2-s2.0-84978531191,SCOPUS_ID:84978531191,6,Article,
Optimal MR plaque imaging for cervical carotid artery stenosis in predicting the development of microembolic signals during exposure of carotid arteries in endarterectomy: Comparison of 4 T1-weighted imaging techniques,2016,2016-06-01,American Journal of Neuroradiology,Sato Y.,10.3174/ajnr.A4674,2-s2.0-84974577255,SCOPUS_ID:84974577255,18,Article,
Nonmotor functions of the cerebellum: An introduction,2016,2016-06-01,American Journal of Neuroradiology,Klein A.P.,10.3174/ajnr.A4720,2-s2.0-84974559466,SCOPUS_ID:84974559466,87,Article,
Endovascular treatment versus best medical treatment in patients with acute ischemic stroke: A meta-analysis of randomized controlled trials,2016,2016-06-01,American Journal of Neuroradiology,Qureshi A.,10.3174/ajnr.A4775,2-s2.0-84974593530,SCOPUS_ID:84974593530,8,Article,
Reply,2016,2016-06-01,American Journal of Neuroradiology,Heit J.,10.3174/ajnr.A4802,2-s2.0-84974528537,SCOPUS_ID:84974528537,0,Letter,
Angiographic structural differentiation between native arteriogenesis and therapeutic synangiosis in intracranial arterial steno-occlusive disease,2016,2016-06-01,American Journal of Neuroradiology,Ooi Y.C.,10.3174/ajnr.A4675,2-s2.0-84974653212,SCOPUS_ID:84974653212,8,Conference Paper,
Occlusion of posterior fossa dural sinuses in vein of Galen malformation,2016,2016-06-01,American Journal of Neuroradiology,Berenstein A.,10.3174/ajnr.A4688,2-s2.0-84974530397,SCOPUS_ID:84974530397,12,Article,
Brain MR imaging findings of cardiac-type fabry disease with an IVS4+919G>a mutation,2016,2016-06-01,American Journal of Neuroradiology,Lee H.J.,10.3174/ajnr.A4677,2-s2.0-84974604452,SCOPUS_ID:84974604452,17,Article,
Association between postprocedural infarction and antiplatelet drug resistance after coiling for unruptured intracranial aneurysms,2016,2016-06-01,American Journal of Neuroradiology,Kim M.S.,10.3174/ajnr.A4777,2-s2.0-84974603365,SCOPUS_ID:84974603365,29,Article,
New clinically feasible 3T MRI protocol to discriminate internal brain stem anatomy,2016,2016-06-01,American Journal of Neuroradiology,Hoch M.J.,10.3174/ajnr.A4685,2-s2.0-84974602787,SCOPUS_ID:84974602787,23,Conference Paper,
"Regarding ""cerebral angiography for evaluation of patients with CT angiogram-negative subarachnoid hemorrhage: An 11-year experience""",2016,2016-06-01,American Journal of Neuroradiology,Wu X.,10.3174/ajnr.A4794,2-s2.0-84974626026,SCOPUS_ID:84974626026,2,Letter,
Differentiating pediatric rhabdomyosarcoma and langerhans cell histiocytosis of the temporal bone by imaging appearance,2016,2016-06-01,American Journal of Neuroradiology,Chevallier K.M.,10.3174/ajnr.A4676,2-s2.0-84974602431,SCOPUS_ID:84974602431,27,Conference Paper,
Same-day sinus and brain CT imaging in the medicare population: Are practice patterns changing in association with medicare policy initiatives?,2016,2016-06-01,American Journal of Neuroradiology,Kroll H.,10.3174/ajnr.A4670,2-s2.0-84974602799,SCOPUS_ID:84974602799,5,Article,
"Imaging, intervention, and workflow in acute ischemic stroke: The calgary approach",2016,2016-06-01,American Journal of Neuroradiology,Zerna C.,10.3174/ajnr.A4610,2-s2.0-84974530421,SCOPUS_ID:84974530421,35,Review,
Differentiation of speech delay and global developmental delay in children using DTI tractography-based connectome,2016,2016-06-01,American Journal of Neuroradiology,Jeong J.,10.3174/ajnr.A4662,2-s2.0-84974625056,SCOPUS_ID:84974625056,17,Article,
Current trends and results of endovascular treatment of unruptured intracranial aneurysms at a single institution in the flow-diverter era,2016,2016-06-01,American Journal of Neuroradiology,Petr O.,10.3174/ajnr.A4699,2-s2.0-84974623951,SCOPUS_ID:84974623951,55,Article,
Interrogating the functional correlates of collateralization in patients with intracranial stenosis using multimodal hemodynamic imaging,2016,2016-06-01,American Journal of Neuroradiology,Roach B.A.,10.3174/ajnr.A4758,2-s2.0-84974652851,SCOPUS_ID:84974652851,20,Conference Paper,
Abnormal amygdala resting-state functional connectivity in irritable bowel syndrome,2016,2016-06-01,American Journal of Neuroradiology,Qi R.,10.3174/ajnr.A4655,2-s2.0-84974528615,SCOPUS_ID:84974528615,51,Article,
Clinical feasibility of synthetic MRI in multiple sclerosis: A diagnostic and volumetric validation study,2016,2016-06-01,American Journal of Neuroradiology,Granberg T.,10.3174/ajnr.A4665,2-s2.0-84974569542,SCOPUS_ID:84974569542,136,Conference Paper,
Incidence of radiologically isolated syndrome: A population-based study,2016,2016-06-01,American Journal of Neuroradiology,Forslin Y.,10.3174/ajnr.A4660,2-s2.0-84974627542,SCOPUS_ID:84974627542,43,Article,
Differential gene expression in coiled versus flow-diverter-treated aneurysms: RNA sequencing analysis in a rabbit aneurysm model,2016,2016-06-01,American Journal of Neuroradiology,Rouchaud A.,10.3174/ajnr.A4648,2-s2.0-84974534173,SCOPUS_ID:84974534173,11,Article,
Clinical impact of ventilation duration in patients with stroke undergoing interventional treatment under general anesthesia: The shorter the better?,2016,2016-06-01,American Journal of Neuroradiology,Nikoubashman O.,10.3174/ajnr.A4680,2-s2.0-84974573740,SCOPUS_ID:84974573740,24,Article,
T1-weighted dynamic contrast-enhanced MRI is a noninvasive marker of epidermal growth factor receptor VIII status in cancer stem cell-derived experimental glioblastomas,2016,2016-06-01,American Journal of Neuroradiology,Politi L.S.,10.3174/ajnr.A4774,2-s2.0-84974575023,SCOPUS_ID:84974575023,5,Letter,
How to reduce head CT orders in children with hydrocephalus using the lean six sigma methodology: Experience at a major quaternary care academic children's center,2016,2016-06-01,American Journal of Neuroradiology,Tekes A.,10.3174/ajnr.A4658,2-s2.0-84974575028,SCOPUS_ID:84974575028,22,Article,
Pipeline embolization device with or without adjunctive coil embolization: Analysis of complications from the IntrePED registry,2016,2016-06-01,American Journal of Neuroradiology,Park M.S.,10.3174/ajnr.A4678,2-s2.0-84974603254,SCOPUS_ID:84974603254,61,Article,
Outcomes are not different between patients with intermediate and high DWI-ASPECTS after stent-retriever embolectomy for acute anterior circulation stroke,2016,2016-06-01,American Journal of Neuroradiology,Kim S.K.,10.3174/ajnr.A4663,2-s2.0-84974577237,SCOPUS_ID:84974577237,21,Article,
Relationship between M100 auditory evoked response and auditory radiation microstructure in 16p11.2 deletion and duplication carriers,2016,2016-06-01,American Journal of Neuroradiology,Berman J.I.,10.3174/ajnr.A4687,2-s2.0-84974530337,SCOPUS_ID:84974530337,21,Conference Paper,
Relationship between M100 auditory evoked response and auditory radiation microstructure in 16p11.2 deletion and duplication carriers,2016,2016-06-01,American Journal of Neuroradiology,Berman J.I.,10.3174/ajnr.A4687,2-s2.0-84974530337,SCOPUS_ID:84974530337,21,Conference Paper,
Automated hippocampal subfield segmentation at 7T MRI,2016,2016-06-01,American Journal of Neuroradiology,Wisse L.E.M.,10.3174/ajnr.A4659,2-s2.0-84974625486,SCOPUS_ID:84974625486,81,Article,
Brain region-specific degeneration with disease progression in late infantile neuronal ceroid lipofuscinosis (CLN2 Disease),2016,2016-06-01,American Journal of Neuroradiology,Dyke J.P.,10.3174/ajnr.A4669,2-s2.0-84974593890,SCOPUS_ID:84974593890,22,Article,
Modified core biopsy technique to increase diagnostic yields for well-circumscribed indeterminate thyroid nodules: A retrospective analysis,2016,2016-06-01,American Journal of Neuroradiology,Han S.,10.3174/ajnr.A4650,2-s2.0-84974578033,SCOPUS_ID:84974578033,18,Article,
Smoking does not affect occlusion rates and morbidity-mortality after pipeline embolization for intracranial aneurysms,2016,2016-06-01,American Journal of Neuroradiology,Rouchaud A.,10.3174/ajnr.A4664,2-s2.0-84974575094,SCOPUS_ID:84974575094,14,Article,
White matter diffusion changes during the first year of natalizumab treatment in relapsing-remitting multiple sclerosis,2016,2016-06-01,American Journal of Neuroradiology,Wiebenga O.,10.3174/ajnr.A4690,2-s2.0-84974622908,SCOPUS_ID:84974622908,13,Article,
Super-resolution track density imaging: Anatomic detail versus quantification,2016,2016-06-01,American Journal of Neuroradiology,Calamante F.,10.3174/ajnr.A4721,2-s2.0-84974602719,SCOPUS_ID:84974602719,7,Note,
Myelography CPT coding updates: Effects of 4 new codes and unintended consequences,2016,2016-06-01,American Journal of Neuroradiology,Chokshi F.H.,10.3174/ajnr.A4666,2-s2.0-84974555995,SCOPUS_ID:84974555995,7,Review,
Radiation dose reduction by indication-directed focused z-direction coverage for neck CT,2016,2016-06-01,American Journal of Neuroradiology,Parikh A.,10.3174/ajnr.A4672,2-s2.0-84974555532,SCOPUS_ID:84974555532,4,Conference Paper,
Autoimmune comorbidities are associated with brain injury in multiple sclerosis,2016,2016-06-01,American Journal of Neuroradiology,Zivadinov R.,10.3174/ajnr.A4681,2-s2.0-84974539692,SCOPUS_ID:84974539692,40,Article,
