auid,name,papers,degree_centrality,betweenness
7003404861,Wintermark M.,12,0.046875,0.04742221324113981
7201864583,Cha S.,2,0.0107421875,0.039315664293042535
57192687394,Chang P.D.,11,0.041015625,0.038522017144261365
57203629813,Kim H.S.,8,0.02587890625,0.03174533056777942
6602464023,Zaharchuk G.,18,0.0556640625,0.03159961534836732
6505618044,Rauschecker A.,4,0.01318359375,0.02824741572065181
55366125000,Bakas S.,2,0.017578125,0.027741806433916296
7004529328,Wu O.,3,0.01611328125,0.024347988957203394
8636626000,Nael K.,4,0.01611328125,0.022586108124886994
8560262200,Tong E.,2,0.0166015625,0.0212773807044697
7102244256,Schaefer P.W.,5,0.025390625,0.018815169063122247
57356516600,Ozkara B.B.,3,0.02294921875,0.01752947216008312
7202828146,George E.,2,0.00732421875,0.01739989143284397
57216837146,Lakhani D.,2,0.01220703125,0.01690031188825535
14070835300,Welker K.,2,0.01953125,0.016404937016925226
7006884046,Filippi C.G.,6,0.02880859375,0.016169246614894186
56723950900,Boutet A.,3,0.01513671875,0.01253753786956881
16679836100,Nickel M.D.,5,0.01806640625,0.012072260705673566
36793850900,Heit J.J.,6,0.02880859375,0.011987914560811778
26433145700,Brinjikji W.,4,0.017578125,0.010966749443746062
13403173200,Salamon N.,3,0.0126953125,0.010762901807202482
57193009705,Hill V.,3,0.01025390625,0.01066560220020317
35465926800,Mohan S.,2,0.00732421875,0.01055580464096145
56417072300,Bai H.,3,0.017578125,0.010542988987369365
14519858700,Sair H.I.,3,0.02197265625,0.01017841719482544
35315887900,Hess C.,5,0.0263671875,0.009335442824681753
7203016471,Huisman T.A.G.M.,3,0.01416015625,0.009186126509532001
56336146800,Wouters A.,2,0.01025390625,0.009151409938059248
57218110074,Wang Z.,2,0.01171875,0.008901315326212179
56784781600,Choi K.S.,2,0.0107421875,0.00885924046587203
57213828549,Khalili N.,3,0.0185546875,0.00870918326143405
57193440834,Chang K.,3,0.013671875,0.008107196992029565
55986670500,Benson J.C.,7,0.02001953125,0.007882269605345795
55427157900,Lang M.,4,0.01611328125,0.007752020436099811
57197413849,Messina S.A.,3,0.0107421875,0.007727865447927811
57205646411,Fujita S.,2,0.01318359375,0.007122183443816732
55549247700,Patel V.,3,0.0205078125,0.006750925301923088
57193953691,Aboian M.,4,0.02392578125,0.006646338336164839
7004941577,Witte R.J.,2,0.01025390625,0.006607979450968204
7201472755,Erickson B.J.,3,0.01318359375,0.006213722691148481
16204680400,Yeom K.,8,0.0361328125,0.006133912919822274
35965064700,Lui Y.W.,5,0.02294921875,0.006006144517895417
16234937700,Saba L.,2,0.0107421875,0.00599118803249243
36068182300,Choi S.H.,2,0.00927734375,0.005535921470444553
16040097100,Nabavizadeh A.,4,0.02978515625,0.005456909344777911
55343051900,Feng X.,2,0.01416015625,0.005079892431141973
57216431776,Van Voorst H.,3,0.0166015625,0.0049727702042914245
56647850200,Clifford B.,4,0.01708984375,0.004756593435244492
57087061300,Faizy T.D.,2,0.009765625,0.004702847566461876
57212342977,Mark I.T.,6,0.01416015625,0.004698557632346988
57192082960,Yedavalli V.,2,0.0078125,0.004693446650565463
7005608328,Demaerel P.,2,0.009765625,0.004622809294088911
6603453185,Naidech A.M.,2,0.00732421875,0.004622809294088911
7006675016,Flanders A.E.,6,0.021484375,0.004442654867943491
36911792800,Rudie J.D.,3,0.01025390625,0.0043735803895394885
55582417900,Madhavan A.A.,7,0.01611328125,0.0041981943875604765
7101688111,Tanabe J.,2,0.0185546875,0.004039404181930752
13906578500,Laughlin S.,3,0.021484375,0.0034489145195162624
57226099333,Moassefi M.,2,0.01025390625,0.003428587432232987
7003284184,Maldjian J.A.,3,0.0205078125,0.0034089408380262093
56422341400,Hainc N.,2,0.00927734375,0.003304764286047589
12772482100,Malhotra A.,3,0.01220703125,0.003254391518194543
9337453100,Pomerantz S.,2,0.01318359375,0.0032047237031421713
55260909600,Shim W.H.,2,0.0107421875,0.0031771197891414496
56032778100,Kappelhof M.,2,0.00927734375,0.003141448808359467
57194268669,Jiang B.,4,0.025390625,0.0030757742004397684
26643607400,Albers G.W.,3,0.0146484375,0.002993181061670702
6507486695,Feiweier T.,2,0.0126953125,0.002964182538418607
57195770945,Nalawade S.S.,4,0.0205078125,0.002789557054064755
24079925200,Conklin J.,8,0.03173828125,0.002586597295669753
56415125900,Vejdani-Jahromi M.,2,0.00732421875,0.0025322481136784173
57202534759,Fathi Kazerooni A.,2,0.01806640625,0.0024281607886623043
55309652400,Ikuta I.,2,0.01416015625,0.0024097397682187665
35547080300,Payabvash S.,4,0.01611328125,0.002398744156396233
55932317100,Mostapha M.,1,0.00537109375,0.0023189260040492633
57192554101,Yu T.,1,0.00537109375,0.0023189260040492633
25929795700,Bathla G.,6,0.0166015625,0.0023147277938706623
26651839600,Lee S.-K.,3,0.01025390625,0.0022654128619368306
6701381340,Barboriak D.P.,4,0.0185546875,0.002127295046326754
7401532558,Lane J.I.,2,0.009765625,0.002126065903281265
8674123800,Marquering H.A.,3,0.01513671875,0.0021219691911051612
35146589200,Splitthoff D.,2,0.01025390625,0.002019815599753543
7202280440,Michel P.,3,0.02197265625,0.0020079700779393967
55881763400,AbdalKader M.,2,0.0107421875,0.0019021703074787978
57215413957,Kaliaev A.,2,0.0107421875,0.0019021703074787978
21742429900,Khalvati F.,4,0.01123046875,0.0018241676687465148
35497782900,Ertl-Wagner B.B.,4,0.01123046875,0.0018241676687465148
23035133100,Iv M.,3,0.0205078125,0.0017349674616522939
57205679159,Han K.,2,0.00830078125,0.0017314052855200018
57224335594,Ouyang J.,3,0.01513671875,0.0017192158351287815
57204474501,Yun J.,2,0.0068359375,0.0017060300430577157
7402666880,Fisher P.G.,3,0.02099609375,0.0015860698891783209
57216833007,Roos Y.B.W.E.M.,2,0.0107421875,0.0015764448023279309
57216833044,Majoie C.B.L.M.,2,0.0107421875,0.0015764448023279309
58676210400,Lee G.Y.,2,0.00732421875,0.0015540558591841717
55778438700,Huang R.Y.,2,0.009765625,0.0014556245249219353
6602499828,Boxerman J.L.,2,0.01513671875,0.0014230066929649381
57219401876,Yang L.,2,0.01513671875,0.0014230066929649381
43161143000,Kann B.H.,2,0.01416015625,0.0012844765234428044
57195316866,Chen M.,2,0.00341796875,0.0012690979860028144
57222667001,Thorne J.E.,4,0.015625,0.0011488645250492236
7405421635,Huang S.Y.,6,0.02197265625,0.0011226759642975915
55261807500,Zhu G.,2,0.0166015625,0.0010592777895470252
57143451500,Chen H.,2,0.0166015625,0.0010592777895470252
56993126400,Ding V.,2,0.0166015625,0.0010592777895470252
56471902200,Verdoorn J.T.,2,0.00537109375,0.0010499059973309267
57192379976,Sugrue L.P.,2,0.01025390625,0.0010395229507670933
12771324800,Bash S.,3,0.005859375,0.0010391670196807567
7003705149,Tanenbaum L.N.,3,0.005859375,0.0010391670196807567
57226020085,Nedelec P.,2,0.0068359375,0.0010249543217710998
6602726235,Glenn O.A.,2,0.0068359375,0.0010249543217710998
35301529900,Chow D.S.,5,0.017578125,0.0010018242885169745
56939505200,Lee E.H.,2,0.01513671875,0.0009587340736928652
57480784700,Merkaj S.,3,0.01708984375,0.0009101618826791202
6602413209,Lansberg M.G.,4,0.01806640625,0.0008935655716323009
56911173500,Ahn S.S.,2,0.0068359375,0.0008870520326881881
54994909800,Soni N.,5,0.01123046875,0.0008661904317821123
57188695131,Agarwal A.,5,0.01123046875,0.0008661904317821123
55671925100,Vitanza N.A.,4,0.0234375,0.0008155212760140292
6602216396,Cheshier S.H.,4,0.0234375,0.0008155212760140292
7202239939,Grant G.A.,4,0.0234375,0.0008155212760140292
6602831875,Diehn F.E.,5,0.015625,0.0007659423128173149
57580690100,Bahar R.,2,0.01513671875,0.0007644831080432684
57203779820,Subramanian H.,2,0.01513671875,0.0007644831080432684
22951715300,Omuro A.,2,0.01513671875,0.0007644831080432684
57404223900,Brim W.,2,0.01513671875,0.0007644831080432684
57404053400,Cassinelli Petersen G.,2,0.01513671875,0.0007644831080432684
57580785100,Verma T.,2,0.01513671875,0.0007644831080432684
57190688889,Tabari A.,2,0.0087890625,0.0007288723020735561
57192681347,Wright J.,2,0.01708984375,0.0007167495910540472
7402026839,Vogel H.,2,0.01708984375,0.0007056439820116166
14832642200,Emmer B.J.,2,0.01025390625,0.0006629159525491649
57844644000,Van Poppel L.M.,2,0.01025390625,0.0006629159525491649
55908913400,Van Zwam W.H.,2,0.01025390625,0.0006629159525491649
56415337700,Kim B.J.,2,0.017578125,0.0004726098055918563
6506553251,Zeineh M.,2,0.0068359375,0.00042875809208572555
56927493300,Fan Q.,1,0.00732421875,0.00041129091402513154
55635954300,Ngamsombat C.,1,0.00732421875,0.00041129091402513154
57211025959,Han M.,3,0.01953125,0.00037845759736153796
9271706800,Lober R.M.,3,0.01953125,0.00037845759736153796
55448830300,Ho C.Y.,3,0.01953125,0.00037845759736153796
23003890000,Gevaert O.,2,0.01318359375,0.00037600009804527977
57223394713,Zhou M.,2,0.01318359375,0.00037600009804527977
57193028769,Polackal M.,1,0.00634765625,0.0003615895727558901
15759105700,Cauley S.F.,4,0.01513671875,0.00035378554905764724
35103255000,Park J.E.,4,0.00927734375,0.000352170355195686
24825506400,Radmanesh A.,2,0.0107421875,0.00034017856777095537
6602591190,Schellingerhout D.,4,0.0185546875,0.00033633442232535425
56644914900,Chukus A.,1,0.0146484375,0.00033352362501819357
55477887800,Allen J.W.,1,0.0146484375,0.00033352362501819357
57196195306,Chaudhari R.,1,0.0146484375,0.00033352362501819357
56589634100,Godwin R.,1,0.0146484375,0.00033352362501819357
24922994700,Boothroyd D.,1,0.0146484375,0.00033352362501819357
6701786061,Whitlow C.T.,1,0.0146484375,0.00033352362501819357
55255956500,Hsu K.,1,0.0146484375,0.00033352362501819357
16064666000,Raghavan P.,1,0.0146484375,0.00033352362501819357
57215044841,Hashmi S.,1,0.0146484375,0.00033352362501819357
57209703026,Chan C.,1,0.0146484375,0.00033352362501819357
56937964000,Douglas D.,1,0.0146484375,0.00033352362501819357
57208179439,Wang Z.,1,0.005859375,0.00032226114863735797
36241951000,Liu Y.,1,0.005859375,0.00032226114863735797
56415623100,Stein J.M.,1,0.005859375,0.00032226114863735797
22235689300,Pinho M.C.,1,0.00537109375,0.0003181801574123045
36640783700,Patel T.R.,1,0.00537109375,0.0003181801574123045
7005499116,Fei B.,1,0.00537109375,0.0003181801574123045
6701694266,Mickey B.,1,0.00537109375,0.0003181801574123045
57218914991,DeBevits J.,1,0.00390625,0.0003179893293712688
57218479818,Achilleos M.,1,0.00390625,0.0003179893293712688
57216768860,Zeevi T.,4,0.01953125,0.00030756117582469484
57223272251,Liu Y.,2,0.00634765625,0.00030595082383256
55648866100,Larson N.,2,0.00634765625,0.00030595082383256
57194383545,Weinberg B.D.,2,0.01123046875,0.0002843370897148467
7403166951,Su M.-Y.,2,0.01123046875,0.0002843370897148467
12647205500,Grinband J.,2,0.01123046875,0.0002843370897148467
59375221300,Fussell D.,3,0.01025390625,0.0002797098452036211
55975344100,Buch K.,3,0.01318359375,0.00027211437251533526
56655012100,Rincon S.,3,0.01318359375,0.00027211437251533526
23971208600,Mehan W.A.,3,0.01318359375,0.00027211437251533526
56222411400,Eliezer M.,2,0.00732421875,0.0002641605310907958
57038563300,Gillet R.,2,0.00732421875,0.0002641605310907958
13407401700,Parietti-Winkler C.,2,0.00732421875,0.0002641605310907958
58169359300,Puel U.,2,0.00732421875,0.0002641605310907958
36645949700,Gondim-Teixeira P.A.,2,0.00732421875,0.0002641605310907958
57855098700,Boubaker F.,2,0.00732421875,0.0002641605310907958
7402674839,Blum A.,2,0.00732421875,0.0002641605310907958
35272819100,Lev M.H.,2,0.013671875,0.0002535940205479344
57403190500,Tillmanns N.,2,0.01416015625,0.00024220917584995077
57480641700,Jekel L.,2,0.01416015625,0.00024220917584995077
58039161600,Lost J.,2,0.01416015625,0.00024220917584995077
57219020672,Avesta A.,2,0.01416015625,0.00024220917584995077
37076766300,Aneja S.,2,0.01416015625,0.00024220917584995077
7404817617,Lin M.,2,0.01416015625,0.00024220917584995077
57480784600,von Reppert M.,2,0.01416015625,0.00024220917584995077
6507992606,Rapalino O.,4,0.017578125,0.00022769065018716646
57221164120,Gil N.,1,0.005859375,0.00022374976037755798
58548353100,Buathong S.,1,0.005859375,0.00022374976037755798
57193831601,Chiang C.-H.,1,0.005859375,0.00022374976037755798
59967913800,Huang Y.,1,0.005859375,0.00022374976037755798
26434892800,Mossa-Basha M.,4,0.01953125,0.00021587422142159255
56046651600,Gong E.,3,0.00830078125,0.00021091148195198734
57219864511,Lo W.-C.,4,0.01513671875,0.00020693016122786678
6603827262,Benzinger T.L.S.,2,0.009765625,0.00020612410119992671
58411961100,Hosseini Z.,1,0.0078125,0.00019944906011985726
36469704300,Bilgic B.,1,0.0078125,0.00019944906011985726
57218213367,Applewhite B.P.,1,0.0078125,0.00019944906011985726
57205164933,Xie Y.,2,0.0087890625,0.00019505958818466195
57219871356,Goncalves Filho A.L.M.,2,0.01123046875,0.00019116335548922047
59844831100,Li M.D.,2,0.00830078125,0.00018665509374887664
12806200800,Leslie-Mazwi T.M.,2,0.00830078125,0.00018665509374887664
57214605880,Kalpathy-Cramer J.,2,0.00830078125,0.00018665509374887664
57193393417,Polak D.,3,0.01171875,0.00018281659213422355
35396633800,Taylor M.D.,2,0.01611328125,0.0001825449325672621
7101975249,Ramaswamy V.,2,0.01611328125,0.0001825449325672621
55700743700,Shpanskaya K.,2,0.01611328125,0.0001825449325672621
7003859366,Poussaint T.Y.,2,0.01611328125,0.0001825449325672621
57204000692,Liang T.,1,0.0048828125,0.000176541715324497
56562681800,Shams S.,1,0.0048828125,0.000176541715324497
58573688400,Tesfay R.,1,0.0048828125,0.000176541715324497
58096576500,Viswanathan K.,2,0.0107421875,0.00017000922958372233
56293748900,Wagner M.W.,3,0.01416015625,0.00015793482877215516
57194306636,Perez-Carrillo G.G.,2,0.01025390625,0.00015779093643136297
56903729400,Kim J.,1,0.00732421875,0.00015748179464600287
57210963617,Jae-Sung L.,1,0.00732421875,0.00015748179464600287
59509905900,Lee J.,1,0.00732421875,0.00015748179464600287
59509224500,Lee S.,1,0.00732421875,0.00015748179464600287
57962740500,Jung W.,1,0.00732421875,0.00015748179464600287
57687769100,Kim D.,1,0.00732421875,0.00015748179464600287
6505558634,Jae-Hong L.,1,0.00732421875,0.00015748179464600287
57203773158,Kim S.J.,3,0.013671875,0.00015532270761876269
10640713400,Qiu W.,5,0.0126953125,0.00015318163379732138
56684245600,Ware J.B.,2,0.01513671875,0.0001421384832412455
57216632819,Gandhi D.,2,0.01513671875,0.0001421384832412455
57220209394,Cheong E.-N.,1,0.0029296875,0.00014057550162016298
57205581477,Yun S.,2,0.009765625,0.00013813677547457802
56044893200,Sohn B.,2,0.00732421875,0.00013285000977094502
57203088353,Moseley M.E.,1,0.0068359375,0.00012830762745050798
60224651300,Zhang Z.,1,0.0068359375,0.00012830762745050798
60224510400,Luo S.,1,0.0068359375,0.00012830762745050798
60224443500,Li S.,1,0.0068359375,0.00012830762745050798
60224790500,Feng H.,1,0.0068359375,0.00012830762745050798
57219266706,Farnsworth P.J.,1,0.005859375,0.00012754450161552892
57214026521,Weber N.M.,1,0.005859375,0.00012754450161552892
59954183100,Thompson G.,1,0.005859375,0.00012754450161552892
25029456100,McCullough-Hicks M.E.,1,0.00732421875,0.00012677856902445556
58981064100,Shah P.,1,0.00732421875,0.00012677856902445556
58981433500,Horsey J.,1,0.00732421875,0.00012677856902445556
57216243504,Yang G.,1,0.00732421875,0.00012677856902445556
58054160300,Albers G.W.,1,0.00732421875,0.00012677856902445556
57216611894,Hugdal S.M.,1,0.00732421875,0.00012677856902445556
57215784412,Shah B.R.,2,0.00537109375,0.00012348959605520198
56396408700,Cocozza S.,3,0.01611328125,0.0001231437202308256
6504585567,Niogi S.,1,0.00390625,0.00011853637216214239
16550578500,Pham N.,1,0.00390625,0.00011853637216214239
58252569000,Fillipi C.G.,1,0.00390625,0.00011853637216214239
57205248316,Kodet M.L.,3,0.00732421875,0.00010154124564218003
57206852412,Zhang J.,2,0.00830078125,0.00010107051823969875
7004468743,McCollough C.H.,2,0.01025390625,9.877025455280171e-05
58249939200,Suh P.S.,1,0.005859375,9.826162192791223e-05
59816707300,Kim S.J.,1,0.005859375,9.826162192791223e-05
24471039500,Kim E.Y.,1,0.005859375,9.826162192791223e-05
59817754500,Shim W.H.,1,0.005859375,9.826162192791223e-05
56896509500,Song S.,1,0.005859375,9.826162192791223e-05
59683170100,Shin D.,1,0.005859375,9.826162192791223e-05
57222475219,Heo H.,1,0.005859375,9.826162192791223e-05
59815658000,Lee M.,1,0.005859375,9.826162192791223e-05
57026490400,Kim M.,1,0.00341796875,9.093183642677912e-05
58304779800,Kim Y.-H.,1,0.00341796875,9.093183642677912e-05
54961469200,Lee J.,1,0.00341796875,9.093183642677912e-05
22634775100,Lebel M.R.,1,0.00341796875,9.093183642677912e-05
56430527800,Suh C.H.,3,0.0146484375,8.594565182260509e-05
58492650200,Rai P.,1,0.00390625,8.560181541516662e-05
16550058300,Kim N.,3,0.00927734375,8.535195283088725e-05
57206669277,Kollasch P.,1,0.0048828125,8.500423864380664e-05
7402568785,Black D.F.,1,0.0048828125,8.500423864380664e-05
59406573900,Rucker B.C.,1,0.0048828125,8.500423864380664e-05
57224869787,Reith F.,1,0.00146484375,7.867888423659937e-05
15028180500,Chen Y.,2,0.0078125,7.633121641426478e-05
7202277360,An H.,2,0.0078125,7.633121641426478e-05
56290454400,Li Y.,1,0.0048828125,7.433845614731964e-05
53463409100,Eskandari A.,1,0.0048828125,7.433845614731964e-05
57488651700,Adeyeri O.,1,0.0029296875,7.333504295892491e-05
57217193983,Toueg T.N.,1,0.0029296875,7.333504295892491e-05
16318908700,Mukerji S.S.,1,0.00732421875,6.266327875586149e-05
24440392500,Halpern E.,1,0.00732421875,6.266327875586149e-05
55384180400,Westover B.,1,0.00732421875,6.266327875586149e-05
35328005100,Romero J.M.,1,0.00732421875,6.266327875586149e-05
57211601396,Maher M.,1,0.00732421875,6.266327875586149e-05
55362713000,Pourvaziri A.,1,0.00732421875,6.266327875586149e-05
57200636582,Gupta R.,1,0.00732421875,6.266327875586149e-05
14048197300,Edlow B.L.,1,0.00732421875,6.266327875586149e-05
57200970035,Jaramillo-Cardoso A.,1,0.00732421875,6.266327875586149e-05
59612282500,Huang S.,1,0.00732421875,6.266327875586149e-05
56385129900,Sheng M.,1,0.005859375,5.877930803098088e-05
57203082668,Bouffet E.,1,0.005859375,5.877930803098088e-05
57205212352,Shroff M.M.,1,0.005859375,5.877930803098088e-05
57223189589,Figueiredo L.,1,0.005859375,5.877930803098088e-05
56879115400,Soldatelli M.D.,1,0.00341796875,5.875545452585142e-05
24390928100,Raji C.A.,2,0.00830078125,5.724841231069858e-05
8088111300,Gilberto Gonzalez R.,3,0.01416015625,5.434519371858582e-05
7003472960,Storm P.B.,3,0.0185546875,5.429184651852432e-05
6508190258,Vossough A.,3,0.0185546875,5.429184651852432e-05
57094199800,Familiar A.M.,3,0.0185546875,5.429184651852432e-05
57191107157,Khalili N.,3,0.0185546875,5.429184651852432e-05
7004870502,Resnick A.,3,0.0185546875,5.429184651852432e-05
56519929000,Maralani P.J.,3,0.00927734375,5.104650097703957e-05
59284435700,Park J.E.,1,0.00341796875,4.7787766381288056e-05
57294980700,Ko J.S.,1,0.00341796875,4.7787766381288056e-05
59509547600,Jeong E.S.,1,0.00341796875,4.7787766381288056e-05
55685945800,Choi Y.,1,0.00341796875,4.7787766381288056e-05
59816710600,Kim H.-J.,1,0.00341796875,4.7787766381288056e-05
59467314200,Kim D.,1,0.00341796875,4.3386583237813054e-05
57226074806,Kumar A.,1,0.00341796875,4.3386583237813054e-05
59467265600,Ho B.C.,1,0.00341796875,4.3386583237813054e-05
59169384800,Bismuth E.,1,0.00341796875,4.3386583237813054e-05
57808913900,Ottesen J.A.,1,0.00341796875,4.3386583237813054e-05
55480415900,Amrhein T.J.,2,0.005859375,3.6261855424853745e-05
26653546500,Kranz P.G.,2,0.005859375,3.6261855424853745e-05
6504043353,Mormino E.,3,0.0087890625,3.1970437441042354e-05
57207918927,Tran C.B.N.,1,0.00390625,3.1343352215737175e-05
57650432400,Weiss D.A.,1,0.00390625,3.1343352215737175e-05
58062613800,Kini L.,1,0.00390625,3.1343352215737175e-05
56600943200,Prince J.L.,2,0.00830078125,2.8147136052760136e-05
56963777300,Dewey B.E.,2,0.00830078125,2.8147136052760136e-05
57356945700,Karabacak M.,1,0.0048828125,2.759693744661665e-05
56532075600,Hardigan T.,1,0.0048828125,2.759693744661665e-05
6701513173,Mocco J.,1,0.0048828125,2.759693744661665e-05
36971046200,Margetis K.,1,0.0048828125,2.759693744661665e-05
57219892712,Corbett R.,1,0.01171875,2.7307233935851096e-05
58366526300,Huang X.,1,0.01171875,2.7307233935851096e-05
57195950654,Rathi K.S.,1,0.01171875,2.7307233935851096e-05
59778861500,Kim M.C.,1,0.01171875,2.7307233935851096e-05
57194182745,Jin R.,1,0.01171875,2.7307233935851096e-05
24780020200,Mueller S.,1,0.01171875,2.7307233935851096e-05
56527284500,Kraya A.,1,0.01171875,2.7307233935851096e-05
56537038700,Phul S.,1,0.01171875,2.7307233935851096e-05
57190883837,Foster J.B.,1,0.01171875,2.7307233935851096e-05
15832004900,Kesherwani V.,1,0.01171875,2.7307233935851096e-05
57225183009,Sickler A.,1,0.01171875,2.7307233935851096e-05
57148777100,Zhu Y.,1,0.01171875,2.7307233935851096e-05
59835570600,Lueder M.R.,1,0.01171875,2.7307233935851096e-05
57208034673,Rokita J.L.,1,0.01171875,2.7307233935851096e-05
55741957900,Fisher M.J.,1,0.01171875,2.7307233935851096e-05
59778187300,Kazerooni A.F.,1,0.01171875,2.7307233935851096e-05
57195777016,Wang J.,1,0.0029296875,2.58146402323054e-05
56341733800,Xie L.,1,0.0029296875,2.58146402323054e-05
57202729105,Duong M.T.,1,0.0029296875,2.58146402323054e-05
57202708522,Gee J.C.,1,0.0029296875,2.58146402323054e-05
36709326700,Airriess C.,1,0.0029296875,2.5134201846762873e-05
16834628200,Heo H.,2,0.01123046875,2.510767558085879e-05
57204969008,Jo S.,2,0.01123046875,2.510767558085879e-05
56882955600,Chung S.J.,2,0.01123046875,2.510767558085879e-05
15053610500,Setsompop K.,3,0.01220703125,2.41711846216399e-05
55201817300,Figueiro Longo M.G.,3,0.01220703125,2.41711846216399e-05
57219692045,Zapaishchykova A.,1,0.0068359375,2.389624102962683e-05
36612778800,Alexander-Bloch A.,1,0.0068359375,2.389624102962683e-05
59813587300,Schuman C.,1,0.0068359375,2.389624102962683e-05
59817762200,Grove E.,1,0.0068359375,2.389624102962683e-05
7801489546,Seidlitz J.,1,0.0068359375,2.389624102962683e-05
35507973100,Beaulieu C.,1,0.00390625,2.3545885694612794e-05
58535271200,Novick M.,1,0.00390625,2.3545885694612794e-05
58535349800,Chamberlain R.,1,0.00390625,2.3545885694612794e-05
36729243100,Judson B.L.,1,0.00732421875,2.343403802490488e-05
37018467600,Mahajan A.,1,0.00732421875,2.343403802490488e-05
7201465531,Prasad M.L.,1,0.00732421875,2.343403802490488e-05
7003913864,Burtness B.,1,0.00732421875,2.343403802490488e-05
57698920000,Paul B.,1,0.0048828125,2.3402233351398934e-05
34770191900,Goyal M.,2,0.00830078125,2.3033089119702152e-05
57026858200,Hill M.D.,2,0.00830078125,2.3033089119702152e-05
7006058585,Demchuk A.,2,0.00830078125,2.3033089119702152e-05
57223883495,Jiang K.Z.,1,0.00732421875,2.2837448953398616e-05
56494143800,Yoon B.C.,1,0.00732421875,2.2837448953398616e-05
59096576100,Lang A.L.,1,0.00732421875,2.2837448953398616e-05
56957777000,Flores E.J.,1,0.00732421875,2.2837448953398616e-05
57223896726,Giao D.M.,1,0.00732421875,2.2837448953398616e-05
57216350468,Little B.P.,1,0.00732421875,2.2837448953398616e-05
57205601093,Mendoza D.P.,1,0.00732421875,2.2837448953398616e-05
55874632600,Deng F.,1,0.00390625,2.256065037079235e-05
6508307200,Hoxworth J.M.,2,0.01806640625,2.2541562347337567e-05
37081011600,Li J.,2,0.01806640625,2.2541562347337567e-05
12239783200,Wu T.,2,0.01806640625,2.2541562347337567e-05
7406516745,Mitchell J.R.,2,0.01806640625,2.2541562347337567e-05
35170495700,Menon B.K.,3,0.00830078125,2.2237972282053558e-05
7406097013,Zhou Z.,5,0.0126953125,2.2072190889908635e-05
7404164329,Yu L.,5,0.0126953125,2.2072190889908635e-05
57194449345,Cross N.M.,2,0.0068359375,2.1468154616511968e-05
56117234800,Cutsforth-Gregory J.K.,3,0.00830078125,2.1171731816120088e-05
36524456700,Zhu C.,2,0.009765625,2.0036944308744504e-05
6701377751,Huse J.T.,1,0.00439453125,2.003694430874448e-05
6603154920,Suki D.,1,0.00439453125,2.003694430874448e-05
57223741234,Celaya A.,1,0.00439453125,2.003694430874448e-05
56372209000,Long J.P.,1,0.00439453125,2.003694430874448e-05
35405586600,Sawaya R.,1,0.00439453125,2.003694430874448e-05
60171862900,Krenn J.,2,0.0078125,1.9694464516115194e-05
57222078115,Gross M.,2,0.0078125,1.9694464516115194e-05
56954624100,Reichel C.A.,2,0.0078125,1.9694464516115194e-05
57216757581,Haider S.P.,2,0.0078125,1.9694464516115194e-05
57904548800,Schreier A.,2,0.0078125,1.9694464516115194e-05
55258857100,Sharaf K.,2,0.0078125,1.9694464516115194e-05
23110162300,Canis M.,2,0.0078125,1.9694464516115194e-05
8702300300,Baumeister P.,2,0.0078125,1.9694464516115194e-05
8259458600,Khalighi M.,2,0.00634765625,1.8526617512478257e-05
56416736500,Chen K.T.,2,0.00634765625,1.8526617512478257e-05
46961551700,Young C.B.,2,0.00732421875,1.753816917418571e-05
7201370691,Marks M.P.,1,0.00439453125,1.633964582655897e-05
35301843700,Christensen S.,1,0.00439453125,1.633964582655897e-05
60386874700,Yu Y.,1,0.00439453125,1.633964582655897e-05
57118013100,Thamm T.,1,0.00439453125,1.633964582655897e-05
57211993648,Liu Y.,2,0.0107421875,1.5533323401014493e-05
7004045734,Liebeskind D.S.,2,0.0107421875,1.5533323401014493e-05
56157025100,Yu Y.,2,0.0107421875,1.5533323401014493e-05
57210022574,Park S.Y.,2,0.00537109375,1.4854107722005109e-05
57191888420,Wang L.L.-L.,2,0.0078125,1.3357962872496336e-05
15124042400,Vagal A.S.,2,0.0078125,1.3357962872496336e-05
6602737607,Altbach M.I.,2,0.0048828125,1.3238695346849047e-05
7004467182,Bilgin A.,2,0.0048828125,1.3238695346849047e-05
57216847718,Umapathy L.,2,0.0048828125,1.3238695346849047e-05
55560693400,Winegar B.,2,0.0048828125,1.3238695346849047e-05
7403914085,Yu W.,2,0.00830078125,1.193823094313703e-05
57250045300,Wang L.,2,0.0048828125,1.1547317121132647e-05
6602269352,Shankaranarayanan A.,2,0.0048828125,1.1547317121132647e-05
59375256400,Li C.H.,1,0.00537109375,1.0647148575343756e-05
57194455513,Avare C.,1,0.00537109375,1.0647148575343756e-05
57408100700,Johnson J.,1,0.00537109375,1.0647148575343756e-05
52363258900,Chaibi Y.,1,0.00537109375,1.0647148575343756e-05
58278982700,Joseph J.,1,0.00537109375,1.0647148575343756e-05
59406684100,Head M.J.,1,0.00537109375,1.0647148575343756e-05
57286383800,Troutt H.R.,1,0.00537109375,1.0647148575343756e-05
59683179200,Davis A.,1,0.00537109375,1.0647148575343756e-05
60325481300,Quenet S.,1,0.00537109375,1.0647148575343756e-05
59682882200,Fogola S.,1,0.00537109375,1.0647148575343756e-05
26325079200,Shabe P.,1,0.00537109375,1.0647148575343756e-05
58183893200,Tassy M.,1,0.00537109375,1.0647148575343756e-05
58184175400,Ayobi A.,1,0.00537109375,1.0647148575343756e-05
59375237800,Tang C.C.,1,0.00537109375,1.0647148575343756e-05
59406739900,Sternhagen J.,1,0.00537109375,1.0647148575343756e-05
59406712600,Marrey V.V.,1,0.00537109375,1.0647148575343756e-05
57397794400,Roman K.M.,1,0.00537109375,1.0647148575343756e-05
55647007000,Xu X.,2,0.0068359375,1.0046535101583379e-05
7006760849,van Zijl P.C.M.,2,0.0068359375,1.0046535101583379e-05
6602764061,Knutsson L.,2,0.0068359375,1.0046535101583379e-05
6506528484,Nyquist P.,2,0.0068359375,1.0046535101583379e-05
58285101700,Lopez J.L.,1,0.0009765625,9.712350756833076e-06
36010461500,Alcaide-Leon P.,2,0.00341796875,9.064331949193942e-06
7006353556,Strother C.,2,0.00439453125,8.587261846604787e-06
7006507485,Gandhi D.,2,0.0048828125,7.633121641426478e-06
15843587200,Khademi A.,2,0.00634765625,7.633121641426478e-06
57200937656,Tang L.,1,0.00732421875,7.28616963612407e-06
56085911700,Zhu C.,1,0.00732421875,7.28616963612407e-06
60392367400,Hu C.,1,0.00732421875,7.28616963612407e-06
57209690095,Tang O.,1,0.00732421875,7.28616963612407e-06
57194979128,Wu J.,1,0.00732421875,7.28616963612407e-06
59636843100,Hu R.,1,0.00732421875,7.28616963612407e-06
8553584700,Zou B.,1,0.00732421875,7.28616963612407e-06
57200030735,Xiao B.,1,0.00732421875,7.28616963612407e-06
55639926300,Shen Q.,1,0.00732421875,7.28616963612407e-06
57118475200,Zhou H.,1,0.00732421875,7.28616963612407e-06
57218157558,Chen W.,1,0.00732421875,7.28616963612407e-06
16479697600,Aerts H.J.,1,0.00341796875,7.236190863471873e-06
7006216466,Reardon D.A.,1,0.00341796875,7.236190863471873e-06
56469222600,Vallieres M.,1,0.00341796875,7.236190863471873e-06
57684775000,Flagg E.,1,0.00341796875,7.236190863471873e-06
7003889215,Schueler B.A.,1,0.00390625,6.957709709067569e-06
7005914175,Schievink W.I.,1,0.00390625,6.957709709067569e-06
49561006200,Chen J.,1,0.0068359375,6.9363318627761e-06
57196194712,Shafie M.,1,0.0068359375,6.9363318627761e-06
55155987300,Abcede H.,1,0.0068359375,6.9363318627761e-06
57041127200,Homo R.,1,0.0068359375,6.9363318627761e-06
22941255900,Kuoy E.,1,0.0068359375,6.9363318627761e-06
57214506847,Thompson M.,1,0.0068359375,6.9363318627761e-06
7402937851,Fletcher J.G.,1,0.0068359375,6.414650244366878e-06
55129248400,Baffour F.,1,0.0068359375,6.414650244366878e-06
6701656257,Campeau N.G.,1,0.0068359375,6.414650244366878e-06
55155136100,Eckel L.J.,1,0.0068359375,6.414650244366878e-06
57201990667,Nagelschneider A.A.,1,0.0068359375,6.414650244366878e-06
57193652042,Huber N.R.,1,0.0068359375,6.414650244366878e-06
14025626700,Lehman V.T.,1,0.0068359375,6.414650244366878e-06
57218172463,Chen L.C.,1,0.01220703125,6.282256227208981e-06
55935752800,Kim L.H.,1,0.01220703125,6.282256227208981e-06
57221817123,Edwards M.S.B.,1,0.01220703125,6.282256227208981e-06
57204714157,Seekins J.,1,0.01220703125,6.282256227208981e-06
57202287405,Bala W.,1,0.01220703125,6.282256227208981e-06
36729660500,Lungren M.P.,1,0.01220703125,6.282256227208981e-06
57218945432,Braun K.R.M.,1,0.01220703125,6.282256227208981e-06
54928737500,Quon J.L.,1,0.01220703125,6.282256227208981e-06
7004827467,Holodny A.I.,3,0.005859375,6.201911333659014e-06
55000220500,Rathore S.,1,0.00439453125,6.131326058550662e-06
58290764600,Kassmeyer B.A.,1,0.00439453125,6.131326058550662e-06
55472193300,Cho Y.J.,1,0.0087890625,5.788561121764052e-06
6701663233,Vajapeyam S.,1,0.0087890625,5.788561121764052e-06
56540006500,Tranvinh E.,1,0.0087890625,5.788561121764052e-06
8347090500,Perreault S.,1,0.0087890625,5.788561121764052e-06
56080317100,Lanzman B.,1,0.0087890625,5.788561121764052e-06
57201069101,Tam L.,1,0.00830078125,5.565236022297805e-06
57581492500,Nemalka J.,1,0.00830078125,5.565236022297805e-06
37023229800,Mohammadzadeh M.,1,0.00830078125,5.565236022297805e-06
57497364000,Chen E.,1,0.00830078125,5.565236022297805e-06
16308002500,Oztekin O.,1,0.0087890625,5.518755712695077e-06
57258561300,Ahmadian S.S.,1,0.0087890625,5.518755712695077e-06
55613609600,Lummus S.,1,0.0087890625,5.518755712695077e-06
57258672600,Wong S.W.,1,0.0087890625,5.518755712695077e-06
57222349453,Bayona J.B.,1,0.00390625,5.503603030663922e-06
57202976913,Gupta N.,1,0.00390625,5.503603030663922e-06
57201156162,Zhou M.,1,0.00390625,5.503603030663922e-06
60440609100,Rajan S.A.,1,0.00390625,5.503603030663922e-06
13403987100,Gano D.,1,0.00390625,5.503603030663922e-06
23110265600,Canton G.,2,0.009765625,5.009236077186126e-06
57436522500,Guo Y.,2,0.009765625,5.009236077186126e-06
8230928000,Balu N.,2,0.009765625,5.009236077186126e-06
57212376142,Hu B.,2,0.0078125,5.009236077186126e-06
57207845542,Shi Z.,2,0.0078125,5.009236077186126e-06
15040253200,Zhang L.J.,2,0.0078125,5.009236077186126e-06
57214905938,Li X.L.,2,0.0078125,5.009236077186126e-06
57190342588,Guo W.,2,0.0048828125,4.7707010258915485e-06
55829771900,Tan E.T.,2,0.0048828125,4.7707010258915485e-06
22951924300,Sneag D.B.,2,0.0048828125,4.7707010258915485e-06
57195557746,Song Y.,2,0.0048828125,4.7707010258915485e-06
57217388203,Faghani S.,1,0.0029296875,4.575794266857208e-06
58725120400,Marco Conte G.,1,0.01171875,4.526034779470641e-06
57224623172,Haider M.A.,1,0.01171875,4.526034779470641e-06
57207815732,Bousabarah K.,1,0.01171875,4.526034779470641e-06
55047687500,Sabel M.,1,0.01171875,4.526034779470641e-06
58039016800,Gordem A.,1,0.01171875,4.526034779470641e-06
57189074693,Marquez-Nostra B.V.,1,0.01171875,4.526034779470641e-06
56904120200,Soun J.E.,1,0.0029296875,4.511978073198924e-06
57218680714,Nagamine M.,1,0.0029296875,4.511978073198924e-06
57221529285,Takhtawala R.S.,1,0.0029296875,4.511978073198924e-06
58032446300,Tu W.,1,0.0068359375,4.090753024043147e-06
56993708500,Kazerooni A.F.,1,0.0068359375,4.090753024043147e-06
57191956810,Haldar D.,1,0.0068359375,4.090753024043147e-06
57226324698,Anderson H.,1,0.0068359375,4.090753024043147e-06
58096601000,Haldar S.,1,0.0068359375,4.090753024043147e-06
57351086900,Bagheri S.,1,0.0068359375,4.090753024043147e-06
57336673200,Van der Steen W.,1,0.005859375,3.954636968600183e-06
57205577259,Slot E.M.H.,1,0.005859375,3.954636968600183e-06
57218366466,Konduri P.R.,1,0.005859375,3.954636968600183e-06
55908175900,Caan M.W.A.,1,0.005859375,3.954636968600183e-06
57215118819,Van der Sluijs P.M.,1,0.005859375,3.954636968600183e-06
8091833100,Prolo L.M.,2,0.01171875,3.897277564238455e-06
57281149400,Eghbal A.,2,0.01171875,3.897277564238455e-06
57188700885,Lai H.,2,0.01171875,3.897277564238455e-06
56468270600,Zhang M.,2,0.01171875,3.897277564238455e-06
24390842600,Jaju A.,2,0.01171875,3.897277564238455e-06
7006270116,Nguyen X.V.,2,0.00439453125,3.816560820713239e-06
25641974000,Prevedello L.M.,2,0.00439453125,3.816560820713239e-06
56244213500,Bae S.,1,0.00341796875,3.664864451288905e-06
57203411277,Kim H.,1,0.00341796875,3.664864451288905e-06
57192981829,Shin I.,1,0.00341796875,3.664864451288905e-06
7005997059,Pozzilli C.,1,0.0068359375,3.5621234326656896e-06
56578585900,Scaravilli A.,1,0.0068359375,3.5621234326656896e-06
7103100891,Brunetti A.,1,0.0068359375,3.5621234326656896e-06
7004010122,Tedeschi E.,1,0.0068359375,3.5621234326656896e-06
59223973900,Morra V.B.,1,0.0068359375,3.5621234326656896e-06
57226565672,Tranfa M.,1,0.0068359375,3.5621234326656896e-06
6603751678,Morra V.B.,1,0.0068359375,3.5621234326656896e-06
36461391900,Moccia M.,1,0.0068359375,3.5621234326656896e-06
7005778410,Pantano P.,1,0.0068359375,3.5621234326656896e-06
24824384600,Iodice R.,1,0.0068359375,3.5621234326656896e-06
24167520700,Tommasin S.,1,0.0068359375,3.5621234326656896e-06
26641454700,Petsas N.,1,0.0068359375,3.5621234326656896e-06
56414512500,Falco F.,1,0.0068359375,3.5621234326656896e-06
6602826157,Elefante A.,1,0.0068359375,3.5621234326656896e-06
7005626073,Roos Y.B.W.E.M.,1,0.00634765625,3.418644956335504e-06
35794855700,Beenen L.F.M.,1,0.00634765625,3.418644956335504e-06
7003925999,Majoie C.B.L.M.,1,0.00634765625,3.418644956335504e-06
55228190900,van Doormaal P.,1,0.00634765625,3.418644956335504e-06
56400623200,van Oostenbrugge R.J.,1,0.00634765625,3.418644956335504e-06
57980038900,Olthuis S.G.H.,1,0.00634765625,3.418644956335504e-06
57546015800,Mojtahedi M.,1,0.00634765625,3.418644956335504e-06
57215420085,de Vries L.,1,0.00634765625,3.418644956335504e-06
56441868900,Park Y.W.,1,0.00439453125,3.4185575812804695e-06
57218601011,Choi D.,1,0.00439453125,3.4185575812804695e-06
7601549862,Chang J.H.,1,0.00439453125,3.4185575812804695e-06
57307208200,Kim S.H.,1,0.00439453125,3.4185575812804695e-06
56982098700,Park C.J.,1,0.00439453125,3.4185575812804695e-06
36950010500,Davidzon G.,2,0.00537109375,3.2804994739571234e-06
55425645200,Koran M.E.I.,2,0.00537109375,3.2804994739571234e-06
58339896100,Maleki N.,1,0.00634765625,3.1774466289875913e-06
59130766200,Willms K.,1,0.00634765625,3.1774466289875913e-06
58631610200,Chadha S.,1,0.00634765625,3.1774466289875913e-06
7401913350,Hoffmann K.-T.,1,0.00634765625,3.1774466289875913e-06
55173366900,Carotenuto A.,2,0.01025390625,2.9220543783585734e-06
57191871574,Pontillo G.,2,0.01025390625,2.9220543783585734e-06
24477713600,Petracca M.,2,0.01025390625,2.9220543783585734e-06
7004524756,Quarantelli M.,2,0.01025390625,2.9220543783585734e-06
55253274100,Cuocolo R.,2,0.01025390625,2.9220543783585734e-06
57189683020,Ugga L.,2,0.01025390625,2.9220543783585734e-06
57206717484,Lanzillo R.,2,0.01025390625,2.9220543783585734e-06
56949390900,Yamamoto T.,2,0.00830078125,2.7829089317700702e-06
57211604680,Zhang B.,2,0.00830078125,2.7829089317700702e-06
57200560605,Fukutomi H.,2,0.00830078125,2.7829089317700702e-06
35811265600,Ruet A.,2,0.00830078125,2.7829089317700702e-06
23135820400,Tourdias T.,2,0.00830078125,2.7829089317700702e-06
7005012970,Dousset V.,2,0.00830078125,2.7829089317700702e-06
57202929292,Bardis M.,1,0.00634765625,2.623422320073942e-06
57202920869,Poisson X.L.M.,1,0.00634765625,2.623422320073942e-06
35236098700,Bota D.,1,0.00634765625,2.623422320073942e-06
7101759672,Baldi P.,1,0.00634765625,2.623422320073942e-06
57202930106,Khy M.,1,0.00634765625,2.623422320073942e-06
59455220600,Chow X.D.,1,0.00634765625,2.623422320073942e-06
57202931315,Jain X.R.,1,0.00634765625,2.623422320073942e-06
56974803600,Cadena G.,1,0.00634765625,2.623422320073942e-06
18538253000,Stember J.,2,0.00439453125,2.444984275769418e-06
55387666700,Hatzoglou V.,2,0.00439453125,2.444984275769418e-06
56496308600,Zhang Z.,2,0.00439453125,2.444984275769418e-06
57219787828,Shalu H.,2,0.00439453125,2.444984275769418e-06
35472628600,Urbach H.,2,0.005859375,2.3853505129457742e-06
57191501887,Prabhu S.S.,3,0.0068359375,2.3853505129457742e-06
57207940411,Gates E.D.H.,3,0.0068359375,2.3853505129457742e-06
7201643710,Weinberg J.S.,3,0.0068359375,2.3853505129457742e-06
7003983683,Fuentes D.,3,0.0068359375,2.3853505129457742e-06
12766736500,Reisert M.,2,0.005859375,2.3853505129457742e-06
55582651000,Ganesh A.,2,0.0048828125,2.2990235420010706e-06
55921544800,Chen S.,2,0.0048828125,2.2990235420010706e-06
60058798600,Menon B.K.,2,0.0048828125,2.2990235420010706e-06
57223132337,Shatalov J.,1,0.0068359375,1.928258088860765e-06
57225931628,Cui J.,1,0.0068359375,1.928258088860765e-06
7005557159,Staib L.H.,1,0.0068359375,1.928258088860765e-06
57203371621,Brackett A.,1,0.0068359375,1.928258088860765e-06
57196047916,Bronen R.A.,1,0.0068359375,1.928258088860765e-06
7202307112,Rubin D.,1,0.001953125,1.7851483893923255e-06
20134955200,Langlotz C.P.,1,0.001953125,1.7851483893923255e-06
57226107118,Shi G.,1,0.00830078125,1.7492570428269025e-06
57022330200,Chen L.,1,0.00830078125,1.7492570428269025e-06
56784344800,Pimentel K.D.,1,0.00830078125,1.7492570428269025e-06
58500042000,Akcicek E.Y.,1,0.00830078125,1.7492570428269025e-06
58772645100,Kharaji M.,1,0.0029296875,1.7492570428269025e-06
59516491900,Mosi M.H.,1,0.0029296875,1.7492570428269025e-06
58988142300,Jin Y.,1,0.00830078125,1.7492570428269025e-06
7003546016,Hatsukami T.S.,1,0.00830078125,1.7492570428269025e-06
57226402501,Yuan C.,1,0.00830078125,1.7492570428269025e-06
57221189034,Zhou Z.,1,0.0029296875,1.7492570428269025e-06
58184350700,Akcicek H.,1,0.00830078125,1.7492570428269025e-06
56091463000,Chen Z.,1,0.00830078125,1.7492570428269025e-06
58988286500,Tang X.,1,0.00830078125,1.7492570428269025e-06
57190748243,Li X.,1,0.00830078125,1.7492570428269025e-06
58097565500,Zhang K.,1,0.00830078125,1.7492570428269025e-06
60596338400,Wang X.,1,0.00830078125,1.7492570428269025e-06
59355824000,Liu J.,1,0.00830078125,1.7492570428269025e-06
17342039300,Carlson M.L.,1,0.00439453125,1.536178426030529e-06
57204583049,Koons E.K.,1,0.00439453125,1.536178426030529e-06
58684444500,Swicklik J.R.,1,0.00439453125,1.536178426030529e-06
56896439400,Chang S.,1,0.00439453125,1.536178426030529e-06
8688624800,Leng S.,1,0.00439453125,1.536178426030529e-06
6506451055,Bruesewitz M.R.,1,0.00439453125,1.536178426030529e-06
48661054700,Ball T.M.,1,0.00439453125,1.3204694639468064e-06
54410843200,Liao C.,1,0.00439453125,1.3204694639468064e-06
56479129700,Goldstein-Piekarski A.N.,1,0.00439453125,1.3204694639468064e-06
7404478534,Williams L.M.,1,0.00439453125,1.3204694639468064e-06
55977922500,Lv H.,1,0.00439453125,1.3204694639468064e-06
12647315500,Wang Z.,1,0.00439453125,1.3204694639468064e-06
57215028066,McDonough R.,1,0.005859375,1.2645442337713037e-06
57209805782,Benali F.,1,0.005859375,1.2645442337713037e-06
56811452400,Cimflova P.,1,0.005859375,1.2645442337713037e-06
57204431397,Bala F.,1,0.005859375,1.2645442337713037e-06
57199961755,Singh N.,1,0.005859375,1.2645442337713037e-06
12446821000,Mlynash M.,1,0.00537109375,1.2053703992588732e-06
56030868700,Seners P.,1,0.00537109375,1.2053703992588732e-06
59742448500,Schwartz M.A.,1,0.00537109375,1.2053703992588732e-06
57359650600,Yuen N.,1,0.00537109375,1.2053703992588732e-06
58511709100,Zamarud A.,1,0.00537109375,1.2053703992588732e-06
58981228000,Kesten J.,1,0.00537109375,1.2053703992588732e-06
6603941230,Fiehler J.,1,0.00537109375,1.2053703992588732e-06
57225790698,Hoffmann R.S.,1,0.00390625,1.192675256472887e-06
49962369200,Sivan-Hoffmann R.,1,0.00341796875,1.192675256472887e-06
57221842060,Yahav-Dovrat A.,1,0.00341796875,1.192675256472887e-06
57222018610,Dovrat A.Y.,1,0.00390625,1.192675256472887e-06
57222023554,Lankri I.,1,0.00390625,1.192675256472887e-06
58957149700,Cai Y.,1,0.0029296875,1.0869178329371598e-06
56656934900,Hu B.,1,0.0029296875,1.0869178329371598e-06
59563852400,Lee N.H.,1,0.00390625,1.0424890301663102e-06
56902409800,Zamboni C.G.,1,0.00390625,1.0424890301663102e-06
7005891834,Sonka M.,1,0.00390625,1.0424890301663102e-06
55685621300,Zhang H.,1,0.00390625,1.0424890301663102e-06
60285065900,Liu H.,1,0.00341796875,1.033910043760587e-06
60285035000,Xu Y.,1,0.00341796875,1.033910043760587e-06
60192562500,Zhang J.,1,0.00341796875,1.033910043760587e-06
60372002200,Hu B.,1,0.00341796875,1.033910043760587e-06
16030370300,Ambarki K.,1,0.00537109375,1.0018472154372252e-06
37021362300,Hossu G.,1,0.0048828125,1.0018472154372252e-06
58986670500,Boukhzer S.,1,0.0048828125,1.0018472154372252e-06
16232721500,Groubatch F.,1,0.0048828125,1.0018472154372252e-06
57195634280,Drouot G.,1,0.00537109375,1.0018472154372252e-06
7103109558,Vallee J.-N.,1,0.00537109375,1.0018472154372252e-06
57220108983,Doyen M.,1,0.0048828125,1.0018472154372252e-06
7202254005,Hawkins C.,2,0.00634765625,9.696317098049868e-07
57217259913,Namdar K.,2,0.00634765625,9.696317098049868e-07
8222193500,Tabori U.,2,0.00634765625,9.696317098049868e-07
56677653400,Najm M.,1,0.00439453125,8.92921768936974e-07
55235756600,Kuang H.,1,0.00439453125,8.92921768936974e-07
36479287000,Sohn S.I.,1,0.00439453125,8.92921768936974e-07
57205408982,Maraj N.,1,0.00439453125,8.92921768936974e-07
57225178683,Chakraborty D.,1,0.00439453125,8.92921768936974e-07
57201669386,Mercaldo S.F.,1,0.00634765625,8.525738551531923e-07
57668057400,Ghatak A.,1,0.00634765625,8.525738551531923e-07
7006172475,Dreyer K.J.,1,0.00634765625,8.525738551531923e-07
58653373000,MacDonald A.L.,1,0.00634765625,8.525738551531923e-07
37050694500,Bizzo B.C.,1,0.00634765625,8.525738551531923e-07
58653372900,Halle M.A.,1,0.00634765625,8.525738551531923e-07
57758002700,Chin J.K.,1,0.00634765625,8.525738551531923e-07
57837979100,Newbury-Chaet I.,1,0.00634765625,8.525738551531923e-07
36798836700,Hillis J.M.,1,0.00634765625,8.525738551531923e-07
6507818843,Madhuranthakam A.J.,2,0.00634765625,7.360510154232675e-07
56542365200,Yu F.F.,2,0.00634765625,7.360510154232675e-07
49965017700,Wagner B.,2,0.00634765625,7.360510154232675e-07
57194831142,Murugesan G.,2,0.00634765625,7.360510154232675e-07
7004386852,Napel S.,1,0.005859375,5.569225507130064e-07
35572085000,Goldgof D.,1,0.005859375,5.569225507130064e-07
55442797200,Scott J.,1,0.005859375,5.569225507130064e-07
7004904379,Gatenby R.,1,0.005859375,5.569225507130064e-07
7102089341,Gillies R.,1,0.005859375,5.569225507130064e-07
25927017000,Chaudhury B.,1,0.005859375,5.569225507130064e-07
57203365478,Hall L.,1,0.005859375,5.569225507130064e-07
6504761279,Kalpathy-Cramer J.,1,0.005859375,5.569225507130064e-07
22935790400,Ou Y.,1,0.005859375,5.569225507130064e-07
57852268500,Lacheret C.,1,0.005859375,5.504655029874864e-07
15041555900,Coupe P.,1,0.005859375,5.504655029874864e-07
55641307300,Prevost V.,1,0.005859375,5.504655029874864e-07
57376883500,Zhang L.,1,0.005859375,5.504655029874864e-07
57209781103,Kamraoui R.A.,1,0.005859375,5.504655029874864e-07
17136292200,Triaire B.,1,0.005859375,5.504655029874864e-07
57376883400,Denat L.,1,0.005859375,5.504655029874864e-07
58851174200,Buissonniere P.,1,0.0048828125,5.504655029874864e-07
6506576119,Ouallet J.-C.,1,0.0048828125,5.504655029874864e-07
57203978085,Lacoste M.,1,0.0048828125,5.504655029874864e-07
60285071200,Ravache A.,1,0.0048828125,5.504655029874864e-07
56971311700,Munsch F.,1,0.0048828125,5.504655029874864e-07
57200110521,Ganesh C.,3,0.00634765625,5.452229743876056e-07
48862168000,Tian Q.,2,0.00830078125,5.115251655539272e-07
59052887800,Liu W.,2,0.00830078125,5.115251655539272e-07
7202345658,Kirsch J.E.,2,0.00830078125,5.115251655539272e-07
56487879800,Wangaryattawanich P.,1,0.00390625,5.009236077186127e-07
36059574800,Levitt M.R.,1,0.00390625,5.009236077186127e-07
57192929016,Lila E.,1,0.00390625,5.009236077186127e-07
60224789300,Chetty N.,1,0.00390625,5.009236077186127e-07
57189600449,Akinpelu B.J.,1,0.00390625,5.009236077186127e-07
60224650600,Hassan M.H.D.,1,0.00390625,5.009236077186127e-07
58311578200,Firoozeh N.,1,0.00390625,5.009236077186127e-07
57740824600,Pandhi T.,1,0.00634765625,5.009236077186127e-07
7801666444,Duddalwar V.,1,0.00634765625,5.009236077186127e-07
59355794500,Gnanasekaran D.K.,1,0.00634765625,5.009236077186127e-07
58673268600,Homen D.,1,0.00634765625,5.009236077186127e-07
57219569726,Wang D.J.J.,1,0.00634765625,5.009236077186127e-07
57218366794,Azadbakht J.,1,0.00634765625,5.009236077186127e-07
57220584759,Mendoza S.,1,0.00634765625,5.009236077186127e-07
57711073200,Safwat A.,1,0.00634765625,5.009236077186127e-07
55404574300,Zamora C.,1,0.00634765625,5.009236077186127e-07
7004447700,Cen S.,1,0.00634765625,5.009236077186127e-07
35431503000,Alger J.R.,1,0.00634765625,5.009236077186127e-07
59355822000,Peng R.,1,0.00634765625,5.009236077186127e-07
7006302238,Tanne D.,2,0.0048828125,4.770701025891548e-07
7102312928,Nogueira R.G.,2,0.0048828125,4.770701025891548e-07
57216839120,Merhav G.,2,0.0048828125,4.770701025891548e-07
36996883800,Abergel E.,2,0.0048828125,4.770701025891548e-07
57194411193,Saban M.,2,0.0048828125,4.770701025891548e-07
24074225200,Eran A.,2,0.0048828125,4.770701025891548e-07
57194042415,Banayan N.E.,1,0.0029296875,4.373142607067252e-07
55481511100,Swinburne N.,1,0.0029296875,4.373142607067252e-07
55700334200,Miller J.M.,1,0.0029296875,3.5780257694186614e-07
56694298900,MacKinnon L.,1,0.0029296875,3.5780257694186614e-07
55263510400,Rosado-Toro J.A.,1,0.00341796875,3.5780257694186614e-07
59843316600,Hill M.,1,0.0029296875,3.5780257694186614e-07
57194462507,Weinkauf C.,1,0.00341796875,3.5780257694186614e-07
55037460100,Keerthivasan M.B.,1,0.00341796875,3.5780257694186614e-07
57201937134,Chan A.,1,0.00439453125,2.935816015933261e-07
25927337000,Machnowska M.,1,0.00439453125,2.935816015933261e-07
35400981300,Black S.,1,0.00244140625,2.935816015933261e-07
7102015229,Moody A.R.,1,0.00244140625,2.935816015933261e-07
35293591300,Sahgal A.,1,0.00439453125,2.935816015933261e-07
60239592300,Heyn C.,1,0.00439453125,2.935816015933261e-07
24469995900,Hojjat S.-P.,1,0.00439453125,2.935816015933261e-07
55557494700,Shearkhani O.,1,0.00439453125,2.935816015933261e-07
58288049700,Crystal O.,1,0.00244140625,2.935816015933261e-07
23969883300,Eilaghi A.,1,0.00439453125,2.935816015933261e-07
7402486754,Fischer C.,1,0.00244140625,2.935816015933261e-07
7004109347,Symons S.P.,1,0.00439453125,2.935816015933261e-07
7402080565,Barker P.B.,1,0.00390625,2.665979985057042e-07
35603833800,Leigh R.,1,0.00390625,2.665979985057042e-07
54405911400,Jog A.,1,0.00390625,2.665979985057042e-07
57203248381,Jeong S.Y.,1,0.00146484375,2.4062746402523154e-07
58600770100,Kim N.,1,0.00146484375,2.4062746402523154e-07
60129277500,Feng L.,1,0.00439453125,2.385350512945774e-07
7403692670,Lin D.,1,0.00439453125,2.385350512945774e-07
57394004500,Lyu Y.,1,0.00439453125,2.385350512945774e-07
57394004600,Pei H.,1,0.00439453125,2.385350512945774e-07
57211605663,Lambrecht S.,1,0.00439453125,2.385350512945774e-07
55877583300,Liu F.,1,0.00439453125,2.385350512945774e-07
58665622700,McRae-Posani B.,1,0.00244140625,2.1865713035336263e-07
59548666400,Shi J.S.,1,0.00244140625,2.1865713035336263e-07
55643169900,Haque S.,1,0.00244140625,2.1865713035336263e-07
35748431200,Gohel S.,1,0.00244140625,2.1865713035336263e-07
57216522182,Yang J.,1,0.00244140625,2.1865713035336263e-07
6602481913,Vachha B.A.,1,0.00244140625,2.1865713035336263e-07
7003500498,Schoepf U.J.,1,0.00439453125,2.0445861539535207e-07
56120796000,Zhang B.,1,0.0048828125,2.0445861539535207e-07
36924982000,Xia S.,1,0.0048828125,2.0445861539535207e-07
56359424100,Chen G.Z.,1,0.0048828125,2.0445861539535207e-07
57212375261,Mao L.,1,0.0048828125,2.0445861539535207e-07
59350664200,Zhou C.S.,1,0.0048828125,2.0445861539535207e-07
59184300700,Ni Q.Q.,1,0.00439453125,2.0445861539535207e-07
57218351748,Lu G.M.,1,0.0048828125,2.0445861539535207e-07
58407546700,Zhang Y.X.,1,0.0048828125,2.0445861539535207e-07
57192593389,Pan C.W.,1,0.00439453125,2.0445861539535207e-07
14024759600,Lu G.M.,1,0.00439453125,2.0445861539535207e-07
57215851950,Dargis D.M.,1,0.00439453125,2.0445861539535207e-07
57202679394,Savage R.H.,1,0.00439453125,2.0445861539535207e-07
59971990200,Yang T.,1,0.001953125,1.9869754475095147e-07
26642736800,Ora M.,1,0.001953125,1.9869754475095147e-07
59976489300,Guido F.S.,1,0.0078125,1.5902336752971827e-07
7003330979,Lachance D.H.,1,0.0078125,1.5902336752971827e-07
9740003600,Eckel-Passow J.E.,1,0.0078125,1.5902336752971827e-07
14025530600,Burns T.C.,1,0.0078125,1.5902336752971827e-07
59976489400,Oliver Tobin W.,1,0.0078125,1.5902336752971827e-07
58388528000,McCarthy C.B.,1,0.0078125,1.5902336752971827e-07
7201463221,Jenkins R.B.,1,0.0078125,1.5902336752971827e-07
57188807983,Sagen J.A.,1,0.0078125,1.5902336752971827e-07
57188856620,Ruff M.W.,1,0.0078125,1.5902336752971827e-07
55620301000,Fereidan-Esfahani M.,1,0.0078125,1.5902336752971827e-07
57204560733,Nikanpour Y.,1,0.0078125,1.5902336752971827e-07
57365541700,Pump H.K.,1,0.0078125,1.5902336752971827e-07
7005868666,Decker P.A.,1,0.0078125,1.5902336752971827e-07
57188754673,Conte G.M.,1,0.0078125,1.5902336752971827e-07
26534394200,Kosel M.L.,1,0.0078125,1.5902336752971827e-07
57217343089,Ross J.S.,1,0.00439453125,1.416841778238697e-07
57209708054,Shah L.M.,1,0.00439453125,1.416841778238697e-07
12772371000,Comstock B.A.,1,0.00439453125,1.416841778238697e-07
7202200562,Castillo M.,1,0.00439453125,1.416841778238697e-07
7003665042,Van Goethem J.,1,0.00439453125,1.416841778238697e-07
14422860700,Roh J.H.,1,0.00439453125,1.3298718872828403e-07
57985117300,Kim M.-J.,1,0.00439453125,1.3298718872828403e-07
26660145800,Lee J.-H.,1,0.00439453125,1.3298718872828403e-07
57212303028,Park S.,1,0.00439453125,1.3298718872828403e-07
59889108000,Jung W.,1,0.00439453125,1.3298718872828403e-07
56136000800,Sung J.,1,0.00439453125,1.3298718872828403e-07
6602925733,Jahng G.-H.,1,0.00439453125,1.3298718872828403e-07
36988233100,Zhu K.,2,0.005859375,1.0222930769767603e-07
35268916100,Krishna C.,1,0.0146484375,8.178344615814083e-08
57207825623,Koulemberis P.E.,1,0.0146484375,8.178344615814083e-08
6508067049,Sanai N.,1,0.0146484375,8.178344615814083e-08
24572560200,Baxter L.C.,1,0.0146484375,8.178344615814083e-08
35227194900,Dueck A.C.,1,0.0146484375,8.178344615814083e-08
57196719213,Nespodzany A.,1,0.0146484375,8.178344615814083e-08
7410183754,Smith K.A.,1,0.0146484375,8.178344615814083e-08
23480451100,Sattur M.G.,1,0.0146484375,8.178344615814083e-08
7403538951,Wood C.P.,1,0.0048828125,8.178344615814083e-08
57205271440,Sharma A.,1,0.0146484375,8.178344615814083e-08
8922425000,Mrugala M.M.,1,0.0146484375,8.178344615814083e-08
6602707159,Nakaji P.,1,0.0146484375,8.178344615814083e-08
35364315200,Hu L.S.,1,0.0146484375,8.178344615814083e-08
14065813800,Eschbacher J.M.,1,0.0146484375,8.178344615814083e-08
57311729400,Yoon H.,1,0.0146484375,8.178344615814083e-08
35427674600,Bendok B.R.,1,0.0146484375,8.178344615814083e-08
7004495303,Karis J.P.,1,0.0146484375,8.178344615814083e-08
58802825800,Xu Y.,1,0.0146484375,8.178344615814083e-08
57218275030,Wang L.,1,0.0146484375,8.178344615814083e-08
7102198280,Tran N.L.,1,0.0146484375,8.178344615814083e-08
24169166800,Porter-Umphrey A.B.,1,0.0146484375,8.178344615814083e-08
56653027600,Zimmerman R.S.,1,0.0146484375,8.178344615814083e-08
8582102300,Quarles C.,1,0.0146484375,8.178344615814083e-08
6603404057,Weindling S.M.,1,0.0048828125,8.178344615814083e-08
7006125783,Lal D.,1,0.0048828125,8.178344615814083e-08
57879693700,Ramkumar S.,1,0.0048828125,8.178344615814083e-08
55438883900,Swanson K.R.,1,0.0146484375,8.178344615814083e-08
57103101200,Ranjbar S.,1,0.0048828125,8.178344615814083e-08
36662277300,Hawkins-Daarud A.J.,1,0.0146484375,8.178344615814083e-08
57205309997,Singleton K.W.,1,0.0146484375,8.178344615814083e-08
56399069500,Ning S.,1,0.0048828125,8.178344615814083e-08
57194418191,Anderies B.J.,1,0.0146484375,8.178344615814083e-08
56266947800,Jackson P.R.,1,0.0146484375,8.178344615814083e-08
37114910900,Zwart C.M.,1,0.0048828125,8.178344615814083e-08
57214098817,Van Den Berg R.,1,0.005859375,7.88435183550704e-08
16300890700,Coert B.A.,1,0.005859375,7.88435183550704e-08
57190868268,Ramos L.A.,1,0.005859375,7.88435183550704e-08
13002584700,Vergouwen M.D.I.,1,0.005859375,7.88435183550704e-08
55837454600,Boers A.M.M.,1,0.005859375,7.88435183550704e-08
6602810022,Velthuis B.K.,1,0.005859375,7.88435183550704e-08
55906568700,Van Der Steen W.E.,1,0.005859375,7.88435183550704e-08
7005392536,Vandertop W.P.,1,0.005859375,7.88435183550704e-08
56140431400,Rinkel G.J.E.,1,0.005859375,7.88435183550704e-08
22954701300,Verbaan D.,1,0.005859375,7.88435183550704e-08
59967451200,Yum J.,1,0.00439453125,7.645354208159532e-08
60224651700,Sohn C.H.,1,0.00439453125,7.645354208159532e-08
8328287500,Jeon S.-B.,1,0.00439453125,7.645354208159532e-08
57208164616,Ham S.,1,0.00439453125,7.645354208159532e-08
59916471800,Kim W.Y.,1,0.00439453125,7.645354208159532e-08
59939424200,Kim D.,1,0.00439453125,7.645354208159532e-08
57538896500,Nam Y.,1,0.00439453125,7.645354208159532e-08
57211501363,Koo J.H.,1,0.00439453125,7.383227778165492e-08
59787030200,Cha J.,1,0.00439453125,7.383227778165492e-08
56516447400,Joo B.,1,0.00439453125,7.383227778165492e-08
55860483600,Park K.-Y.,1,0.00439453125,7.383227778165492e-08
56590934300,Choi H.S.,1,0.00439453125,7.383227778165492e-08
57211550438,Won S.Y.,1,0.00439453125,7.383227778165492e-08
57303269500,Choi J.,1,0.00439453125,7.383227778165492e-08
58654607400,Segovis C.,1,0.00146484375,5.963376282364436e-08
57208626786,Hatef A.,1,0.00244140625,5.3007789176572756e-08
57216568658,Quails N.,1,0.00244140625,5.3007789176572756e-08
58871098800,Lee G.R.,1,0.00244140625,5.3007789176572756e-08
57206855410,Wong K.A.,1,0.00244140625,5.3007789176572756e-08
57205526888,Pan I.,1,0.00244140625,5.3007789176572756e-08
60084602500,Harper J.P.,1,0.00244140625,5.3007789176572756e-08
57195369019,Ryu J.L.,1,0.00244140625,5.3007789176572756e-08
54380388000,Makary M.S.,1,0.00244140625,5.3007789176572756e-08
57189091634,Jiao Z.,1,0.0087890625,4.997877265219718e-08
59272938600,Ma K.,1,0.0087890625,4.997877265219718e-08
57723049300,Imami M.,1,0.0087890625,4.997877265219718e-08
57220898902,Zhao L.-M.,1,0.0087890625,4.997877265219718e-08
57194463844,Leary O.P.,1,0.0087890625,4.997877265219718e-08
58451424900,Bi L.,1,0.0087890625,4.997877265219718e-08
57222709957,Dai Y.-W.,1,0.0087890625,4.997877265219718e-08
57212061657,Zhong Z.,1,0.0087890625,4.997877265219718e-08
57195517993,Sayied S.,1,0.0087890625,4.997877265219718e-08
57203725489,Kargilis D.,1,0.0087890625,4.997877265219718e-08
8837287300,Svokos K.,1,0.0087890625,4.997877265219718e-08
6701803828,Klinge P.M.,1,0.0087890625,4.997877265219718e-08
39862053700,Riccardello G.,1,0.0087890625,4.997877265219718e-08
56669204500,Collins S.,1,0.0087890625,4.997877265219718e-08
6506285061,Moghekar A.,1,0.0087890625,4.997877265219718e-08
6504088674,Chazen J.L.,1,0.0029296875,4.770701025891549e-08
57216618655,Santilli A.M.L.,1,0.0029296875,4.770701025891549e-08
55932656600,Igbinoba Z.,1,0.0029296875,4.770701025891549e-08
57297718800,Lin Y.,1,0.00244140625,4.770701025891549e-08
57220010683,Su Y.,1,0.00244140625,4.770701025891549e-08
35317558000,Gfrerer L.,1,0.00244140625,4.770701025891549e-08
59816693200,Turbin S.,1,0.00244140625,4.770701025891549e-08
57203253388,Fontana M.A.,1,0.0029296875,4.770701025891549e-08
59683010300,Xia E.E.,1,0.0029296875,4.770701025891549e-08
55768282700,She D.,1,0.00244140625,4.770701025891549e-08
57203781821,Wu Y.,1,0.0029296875,4.770701025891549e-08
59227913200,Lin L.,1,0.0029296875,4.770701025891549e-08
55716844300,Yang G.,1,0.0029296875,4.770701025891549e-08
55496011500,Lin X.,1,0.0029296875,4.770701025891549e-08
58953020200,He P.,1,0.00244140625,4.770701025891549e-08
56170832000,Chen D.,1,0.0029296875,4.770701025891549e-08
57305611600,Lunenburg M.,1,0.00244140625,4.770701025891549e-08
60001959500,Pan Y.,1,0.00244140625,4.770701025891549e-08
57660225100,Mathur P.,1,0.00341796875,4.6267574604551665e-08
57188853687,Kelly B.S.,1,0.00341796875,4.6267574604551665e-08
36878695200,Lawlor A.,1,0.00341796875,4.6267574604551665e-08
58755368800,Dillon H.,1,0.00341796875,4.6267574604551665e-08
16646118000,Killeen R.P.,1,0.00341796875,4.6267574604551665e-08
58876070800,McGuinness G.,1,0.00341796875,4.6267574604551665e-08
55818433000,Mojahed H.,2,0.005859375,4.33700093262868e-08
59970516500,Ma J.,2,0.005859375,4.33700093262868e-08
56606615200,Liu Z.,2,0.005859375,4.33700093262868e-08
56417097600,Tao S.,2,0.005859375,4.33700093262868e-08
57203964302,Liebig P.,2,0.005859375,4.33700093262868e-08
57479214500,Zhou X.,2,0.005859375,4.33700093262868e-08
57219258889,Westerhold E.M.,2,0.005859375,4.33700093262868e-08
57217777739,Gupta V.,2,0.005859375,4.33700093262868e-08
23089151000,Middlebrooks E.H.,2,0.005859375,4.33700093262868e-08
56893622100,Elsheikh S.,1,0.0009765625,3.975584188242957e-08
58287932900,Fink A.,1,0.00537109375,3.975584188242957e-08
37121888100,Kellner E.,1,0.00537109375,3.975584188242957e-08
16314201300,Russe M.F.,1,0.00537109375,3.975584188242957e-08
57223343257,Lang F.,1,0.00537109375,3.975584188242957e-08
58132197800,Rau S.,1,0.00537109375,3.975584188242957e-08
23975531900,Bamberg F.,1,0.00537109375,3.975584188242957e-08
59503346700,Schurmann T.,1,0.00537109375,3.975584188242957e-08
56335154300,Weiss J.,1,0.00537109375,3.975584188242957e-08
57205328239,Rau A.,1,0.00537109375,3.975584188242957e-08
58062500800,Stein T.,1,0.00537109375,3.975584188242957e-08
57194017951,Williamson B.J.,1,0.00390625,2.981688141182218e-08
55663257300,Yan Y.,1,0.0029296875,2.981688141182218e-08
59036571500,Kissela B.,1,0.00390625,2.981688141182218e-08
14013780800,Khatri P.,1,0.00390625,2.981688141182218e-08
57221951196,Ying C.,1,0.0029296875,2.981688141182218e-08
57226378470,Aziz Y.N.,1,0.00439453125,2.981688141182218e-08
57816525600,Sriwastwa A.,1,0.00439453125,2.981688141182218e-08
59680803500,Weiss K.,1,0.00439453125,2.981688141182218e-08
59681311200,Buse R.,1,0.00439453125,2.981688141182218e-08
57190415042,Demel S.L.,1,0.00439453125,2.981688141182218e-08
55605768125,Zhang B.,1,0.00439453125,2.981688141182218e-08
57221859710,Voleti S.,1,0.00439453125,2.981688141182218e-08
57212653275,Ali A.,1,0.00439453125,2.981688141182218e-08
57197843298,Sawyer R.P.,1,0.00390625,2.981688141182218e-08
18041070600,Shatz R.,1,0.00390625,2.981688141182218e-08
55418540900,Mahammedi A.,1,0.00390625,2.981688141182218e-08
57221859398,Khandwala V.,1,0.00390625,2.981688141182218e-08
57928808300,Wang T.,1,0.00537109375,2.981688141182218e-08
37124565900,Linkugel A.D.,1,0.00537109375,2.981688141182218e-08
55652213200,Goyal M.S.,1,0.00537109375,2.981688141182218e-08
36069928500,Patel K.B.,1,0.00537109375,2.981688141182218e-08
22957342400,Eldeniz C.,1,0.00537109375,2.981688141182218e-08
57780242200,Boroojeni P.E.,1,0.00537109375,2.981688141182218e-08
6701856160,Commean P.K.,1,0.00537109375,2.981688141182218e-08
6506734277,Skolnick G.B.,1,0.00537109375,2.981688141182218e-08
57190231898,Merrill C.M.,1,0.00537109375,2.981688141182218e-08
48462000800,Strahle J.M.,1,0.00537109375,2.981688141182218e-08
55533424300,Flores S.,1,0.0029296875,2.981688141182218e-08
7004982309,Laforest R.,1,0.0029296875,2.981688141182218e-08
57222201301,Haile S.S.,1,0.0048828125,2.8062947211126755e-08
58976348700,Son H.J.,1,0.0048828125,2.8062947211126755e-08
58507107000,Yang A.Z.,1,0.0048828125,2.8062947211126755e-08
16177709800,Mowry E.M.,1,0.0048828125,2.8062947211126755e-08
54946444200,Fitzgerald K.C.,1,0.0048828125,2.8062947211126755e-08
35290391600,Calabresi P.A.,1,0.0048828125,2.8062947211126755e-08
58967029300,Sanjayan M.,1,0.0048828125,2.8062947211126755e-08
57791626800,Malik M.,1,0.0048828125,2.8062947211126755e-08
7101768232,Pai V.,1,0.0048828125,2.8062947211126755e-08
55629918600,Vetkas A.,1,0.0048828125,2.8062947211126755e-08
59552549500,Duncan S.,1,0.0048828125,2.8062947211126755e-08
59552512700,Wyche C.,1,0.0048828125,2.8062947211126755e-08
59552603800,Lee A.Z.,1,0.0048828125,2.8062947211126755e-08
57201854184,Remedios S.W.,1,0.0048828125,2.8062947211126755e-08
13906186100,Germann J.,1,0.0048828125,2.8062947211126755e-08
58783887600,Rjeily N.B.,1,0.0048828125,2.8062947211126755e-08
57044189900,Bhatia A.,1,0.0009765625,2.8062947211126755e-08
57205740732,Nasralla M.,1,0.0048828125,2.8062947211126755e-08
7004570994,Cloughesy T.F.,1,0.00537109375,2.3853505129457744e-08
35614631600,Meyer H.,1,0.00537109375,2.3853505129457744e-08
59887458200,Everson R.G.,1,0.00537109375,2.3853505129457744e-08
8410364800,Ellingson B.M.,1,0.00537109375,2.3853505129457744e-08
9744249500,Zhong X.,1,0.00537109375,2.3853505129457744e-08
24074902100,Telesca D.,1,0.00537109375,2.3853505129457744e-08
57211516335,Oshima S.,1,0.00537109375,2.3853505129457744e-08
57201466945,Yao J.,1,0.00537109375,2.3853505129457744e-08
57196146971,Raymond C.,1,0.00537109375,2.3853505129457744e-08
26635334900,Joly O.,1,0.00732421875,2.16850046631434e-08
57612788500,Bellot P.,1,0.00732421875,2.16850046631434e-08
55471577800,Takahashi C.,1,0.00390625,2.16850046631434e-08
57511473100,Setty B.N.,1,0.00390625,2.16850046631434e-08
57202506377,Farris C.,1,0.00390625,2.16850046631434e-08
7201684276,Rai A.T.,1,0.00732421875,2.16850046631434e-08
59280298200,Al Halak A.,1,0.00732421875,2.16850046631434e-08
36962367800,Huynh T.,1,0.00732421875,2.16850046631434e-08
35237237800,Kallmes D.F.,1,0.00732421875,2.16850046631434e-08
59709574500,Nguyen T.N.,1,0.00732421875,2.16850046631434e-08
35206037400,Mian A.,1,0.00390625,2.16850046631434e-08
60224848600,Perry A.,1,0.00732421875,2.16850046631434e-08
60371736000,Gunawan A.,1,0.00390625,2.16850046631434e-08
8548530400,Qureshi M.,1,0.00390625,2.16850046631434e-08
55317767500,Briggs J.H.,1,0.00732421875,2.16850046631434e-08
24729588300,Woodhead Z.V.J.,1,0.00732421875,2.16850046631434e-08
55356290300,Harston G.,1,0.00732421875,2.16850046631434e-08
54883400900,Carone D.,1,0.00732421875,2.16850046631434e-08
57193202729,Ben-Arie G.,1,0.0,0.0
60371537900,Monaco C.D.,1,0.005859375,0.0
7004045638,Dincer A.,1,0.00537109375,0.0
57554878300,Huang H.,1,0.00439453125,0.0
58340503200,Li J.,1,0.00439453125,0.0
58338519400,Yuan S.,1,0.00439453125,0.0
6506126531,Dufort P.,1,0.0029296875,0.0
55200005500,Geraldo A.F.,1,0.0029296875,0.0
57189364833,Alshafai L.,1,0.0029296875,0.0
14016678100,Spears J.,1,0.0029296875,0.0
22946532200,Bharatha A.,1,0.0029296875,0.0
58188669800,Dewachter B.,1,0.0048828125,0.0
36239682900,Cockmartin L.,1,0.0048828125,0.0
56217783700,Symons R.,1,0.0048828125,0.0
57189490201,Boomgaert L.,1,0.0048828125,0.0
58183879200,Vandewalle L.,1,0.0048828125,0.0
6602276232,Bashat D.B.,1,0.00439453125,0.0
57192007831,You S.-H.,1,0.00341796875,0.0
57207994267,Cho Y.,1,0.00341796875,0.0
58098579300,Gragnano E.,1,0.005859375,0.0
16230994800,Pampana E.,1,0.00634765625,0.0
7003899188,Galluzzo M.,1,0.00634765625,0.0
6603445172,Pingi A.,1,0.00634765625,0.0
57216801905,Johnson G.W.,1,0.00634765625,0.0
37053503600,Chaganti J.R.,1,0.001953125,0.0
55615521200,Bertaccini L.,1,0.00634765625,0.0
6602832280,Fabiano S.,1,0.00634765625,0.0
56047669200,Pesapane F.,1,0.00634765625,0.0
58552725400,Esposito A.,1,0.005859375,0.0
57194498541,Doss D.J.,1,0.00634765625,0.0
57226574600,Tortora M.,1,0.00048828125,0.0
54916527200,Lecler A.,1,0.0,0.0
35220515900,Luna L.P.,1,0.0029296875,0.0
6602739377,Tortora F.,1,0.005859375,0.0
57202978277,Al-Zaghal A.,1,0.0029296875,0.0
57205762091,Leone E.,1,0.00634765625,0.0
60371537700,Lovullo G.,1,0.00634765625,0.0
55308237500,Aertsen M.,1,0.0048828125,0.0
6701426477,Dymarkowski S.,1,0.0048828125,0.0
6602233595,Ourselin S.,1,0.0048828125,0.0
58573648400,Pacchiano F.,1,0.00048828125,0.0
57205869699,Kim B.K.,1,0.00341796875,0.0
59059451000,Kim I.,1,0.00341796875,0.0
35270603000,Yang K.-S.,1,0.00341796875,0.0
57799156200,Kim B.,1,0.00341796875,0.0
7406070628,Zhu Y.,1,0.00537109375,0.0
55332096200,Zhou Y.,1,0.00537109375,0.0
57210152414,Zhao X.,1,0.00537109375,0.0
8962728800,Ozcan A.,1,0.00537109375,0.0
6601987467,Ben-Sira L.,1,0.00439453125,0.0
7003332329,Joskowicz L.,1,0.00439453125,0.0
57296364600,Specktor-Fadida B.,1,0.00439453125,0.0
57225110985,Ben-Zvi O.,1,0.00439453125,0.0
35336454200,Deng J.,1,0.00390625,0.0
7006164771,Byrd S.E.,1,0.00390625,0.0
24173650900,Supanich M.,1,0.00390625,0.0
57225092787,Yehuda B.,1,0.00439453125,0.0
8277610800,Miller E.,1,0.00439453125,0.0
58480452100,Ezzeldin R.,1,0.005859375,0.0
57190743838,Kerro A.,1,0.005859375,0.0
58651155500,Voon C.C.,1,0.00390625,0.0
57989125600,Wiltgen T.,1,0.00390625,0.0
57204289883,Tahedl M.,1,0.00390625,0.0
57201610290,Tong D.,1,0.00439453125,0.0
58187402300,Lian J.,1,0.00439453125,0.0
58764802300,Pak A.,1,0.00341796875,0.0
58979612600,Guo D.,1,0.00439453125,0.0
58979320500,Qiu Y.,1,0.00439453125,0.0
58917212400,Abualnadi Y.D.,1,0.005859375,0.0
59220779600,Silva R.,1,0.005859375,0.0
59220804900,Nejad L.,1,0.005859375,0.0
50261029800,Avisdris N.,1,0.00439453125,0.0
57219447704,Link-Sourani D.,1,0.00439453125,0.0
57195586181,Rabinowich A.,1,0.00439453125,0.0
58979908400,Zhu Y.,1,0.00439453125,0.0
58604389400,Liu X.,1,0.00390625,0.0
57221415377,Vahedifard F.,1,0.00390625,0.0
57201949690,Lemmens R.,1,0.0048828125,0.0
57204440271,Scheldeman L.,1,0.0048828125,0.0
23667065900,Englot D.J.,1,0.00634765625,0.0
7007025943,Dawant B.M.,1,0.00634765625,0.0
7003377047,Constantinidis C.,1,0.00634765625,0.0
55707186500,Li Z.,1,0.00537109375,0.0
56561973300,Chang C.,1,0.00634765625,0.0
28767557800,Davis K.A.,1,0.00634765625,0.0
54781237100,Demeestere J.,1,0.0048828125,0.0
57189715089,Lambert J.,1,0.0048828125,0.0
57205142716,Gonzalez H.F.J.,1,0.00634765625,0.0
57644899500,Jiang J.W.,1,0.00634765625,0.0
57226185174,Shless J.S.,1,0.00634765625,0.0
57194496849,Narasimhan S.,1,0.00634765625,0.0
7004877594,Morgan V.L.,1,0.00634765625,0.0
26661287800,Liao J.,1,0.00537109375,0.0
57195152723,Liang D.,1,0.00537109375,0.0
36773844300,Zeng H.,1,0.00537109375,0.0
36653054200,Mazaheri P.,1,0.0029296875,0.0
57219832886,Li Y.,1,0.0029296875,0.0
55660965100,Trofimova A.V.,1,0.0029296875,0.0
36553755800,Zhao C.,1,0.00537109375,0.0
58604405300,Adepoju J.O.,1,0.00390625,0.0
57892288700,Jiang D.,1,0.00537109375,0.0
57194269062,Hu Z.,1,0.00537109375,0.0
55688971800,Wang H.,1,0.00537109375,0.0
57196096645,Lucas A.,1,0.00634765625,0.0
56191892700,Paulo D.L.,1,0.00634765625,0.0
58604350000,Marathu K.K.,1,0.00390625,0.0
58604389300,Ai H.A.,1,0.00390625,0.0
59009810900,Zhao S.,1,0.00390625,0.0
57945337000,Lin R.,1,0.00537109375,0.0
56824903400,Lee S.M.,1,0.00390625,0.0
57218261645,Perrinez E.S.,1,0.00439453125,0.0
56517802300,Massey C.J.,1,0.001953125,0.0
57316679100,Ramos L.,1,0.001953125,0.0
37025428900,Beswick D.M.,1,0.001953125,0.0
36515410800,Ramakrishnan V.R.,1,0.001953125,0.0
57190976983,Humphries S.M.,1,0.001953125,0.0
55776405600,Lehnen N.C.,1,0.0029296875,0.0
57191989566,Haase R.,1,0.0029296875,0.0
57222288473,Wang G.,1,0.00439453125,0.0
57188671069,Ryan D.,1,0.00439453125,0.0
7403190459,Agarwal S.,1,0.00439453125,0.0
7007030971,Lindquist M.,1,0.00439453125,0.0
35069047000,Caffo B.,1,0.00439453125,0.0
15728037100,Miller-Thomas M.M.,1,0.0068359375,0.0
59220804800,Datta A.,1,0.005859375,0.0
56454470600,Deprest T.,1,0.0048828125,0.0
58140767100,Pillai J.J.,1,0.00439453125,0.0
57219462464,Wu Z.,1,0.0068359375,0.0
58062540800,Zhan T.,1,0.0068359375,0.0
57209805172,Yang X.,1,0.0068359375,0.0
57218508866,Zhang J.,1,0.0068359375,0.0
56681697000,Jiao Y.,1,0.0068359375,0.0
58140759400,Graner P.,1,0.0068359375,0.0
57204075086,Manzoor K.,1,0.00439453125,0.0
6507795849,Gujar S.K.,1,0.00439453125,0.0
23010613000,Vercauteren T.,1,0.0048828125,0.0
55919381800,De Catte L.,1,0.0048828125,0.0
7006218373,Deprest J.,1,0.0048828125,0.0
57193152354,Ebner M.,1,0.0048828125,0.0
8045013800,De Keyzer F.,1,0.0048828125,0.0
56417426800,Marechal B.,1,0.0068359375,0.0
37125457600,Wongsripuemtet J.,1,0.00439453125,0.0
11241572800,Won J.K.,1,0.005859375,0.0
8527655300,Lee S.-T.,1,0.005859375,0.0
57205406617,Toll S.A.,1,0.001953125,0.0
58819697200,Hirose E.,1,0.00244140625,0.0
55418748500,Matsuda Y.,1,0.00244140625,0.0
60024352800,Takano S.,1,0.00244140625,0.0
57221415492,Aiura R.,1,0.00244140625,0.0
56385076100,Kono K.,1,0.00244140625,0.0
7402911782,Mizutani T.,1,0.00244140625,0.0
55842386400,Kang K.M.,1,0.005859375,0.0
56809798000,Wang S.,1,0.0068359375,0.0
36047147300,Cao Y.,1,0.0068359375,0.0
57192070466,Tsagkas C.,1,0.00830078125,0.0
58088954800,Horvath-Huck A.,1,0.00830078125,0.0
36702997300,Haas T.,1,0.00830078125,0.0
56710939300,You S.K.,1,0.00390625,0.0
57200114449,Hwang M.J.,1,0.00390625,0.0
7402410737,Shin K.M.,1,0.00390625,0.0
57215858314,Hong J.,1,0.00390625,0.0
57211532915,Park B.,1,0.00390625,0.0
55686242700,Cho S.H.,1,0.00390625,0.0
56544900900,Cho H.-H.,1,0.00390625,0.0
57203682687,Kappos L.,1,0.00830078125,0.0
59854306500,Amann M.,1,0.00830078125,0.0
56185218900,Pezold S.,1,0.00830078125,0.0
7006594242,Weigel M.,1,0.00830078125,0.0
57196450980,Barakovic M.,1,0.00830078125,0.0
58088974800,Leimbacher M.,1,0.00830078125,0.0
57203814376,Cagol A.,1,0.00830078125,0.0
56900313000,Muller J.,1,0.00830078125,0.0
57202266815,Altermatt A.,1,0.00830078125,0.0
57200545836,Todea A.,1,0.00830078125,0.0
23019897600,Sprenger T.,1,0.00830078125,0.0
57207841411,Chen C.D.,1,0.0068359375,0.0
57208252816,Keefe S.,1,0.0068359375,0.0
36192203000,LaMontagne P.,1,0.0068359375,0.0
8840544500,Bieri O.,1,0.00830078125,0.0
15059152300,Granziera C.,1,0.00830078125,0.0
6506422723,Cattin P.,1,0.00830078125,0.0
57218501185,Chen L.,1,0.00439453125,0.0
58793628200,Tran A.T.,1,0.00537109375,0.0
58136879200,Karam G.A.,1,0.00537109375,0.0
58879762600,Zeevi D.,1,0.00537109375,0.0
57226811599,Hofmeijer E.I.S.,1,0.00146484375,0.0
8247074100,Tan C.O.,1,0.00146484375,0.0
7003468655,van der Heijden F.,1,0.00146484375,0.0
55705302500,Gupta R.,1,0.00146484375,0.0
56541994300,Park S.,1,0.00537109375,0.0
57194528760,Fidon L.,1,0.0048828125,0.0
6507666040,Ozduman K.,1,0.00537109375,0.0
7003343000,Pamir M.N.,1,0.00537109375,0.0
25122949500,Murthy S.B.,1,0.00537109375,0.0
37124464500,Majidi S.,1,0.00537109375,0.0
7201434076,Qureshi A.I.,1,0.00537109375,0.0
58252618200,Aslan O.,1,0.00537109375,0.0
57217827774,Genc O.,1,0.00537109375,0.0
6602886901,Kontos D.,1,0.00537109375,0.0
57221818338,Polat K.,1,0.00537109375,0.0
58252552900,Halilibrahimoglu H.,1,0.00537109375,0.0
59915117400,Luo J.,1,0.00439453125,0.0
57194046256,Hu J.,1,0.00439453125,0.0
57188537648,Bao W.,1,0.00439453125,0.0
59971327500,Cui Y.,1,0.00439453125,0.0
57212863894,Sheth K.N.,1,0.00537109375,0.0
55327070000,Falcone G.J.,1,0.00537109375,0.0
58252578900,Keskin S.,1,0.00537109375,0.0
57195131284,Danyeli A.E.,1,0.00537109375,0.0
7801373761,Yakicier C.,1,0.00537109375,0.0
15078741600,Ozturk-Isik E.,1,0.00537109375,0.0
57215609324,Yue C.,1,0.00634765625,0.0
57218669643,Xie D.,1,0.00634765625,0.0
57221595350,Song J.,1,0.00634765625,0.0
57208863462,Huang J.,1,0.00634765625,0.0
57222170631,Zimmermann M.,1,0.0068359375,0.0
57889684200,Sun Y.,1,0.0068359375,0.0
57214997951,Xu H.,1,0.0068359375,0.0
57209337309,Wang J.,1,0.0068359375,0.0
57209334947,Huo R.,1,0.0068359375,0.0
57195772964,Weng J.,1,0.0068359375,0.0
57401366600,Li H.,1,0.0068359375,0.0
57226697912,Zhao S.,1,0.0068359375,0.0
57246839200,Li Y.,1,0.0068359375,0.0
57194285784,Liu C.,1,0.00634765625,0.0
59594543700,Shah A.,1,0.0068359375,0.0
57215599394,Luo W.,1,0.00634765625,0.0
57678333900,Hu J.,1,0.00634765625,0.0
57392162900,Kong W.,1,0.00634765625,0.0
36123655100,Nazeri A.,1,0.0068359375,0.0
56948432700,Wang W.,1,0.0068359375,0.0
57964856800,Jindal S.,1,0.0068359375,0.0
57216306087,Liu S.,1,0.00634765625,0.0
57193560158,Parmar K.,1,0.00830078125,0.0
56911349500,Yang J.,1,0.00634765625,0.0
57789410900,Miao J.,1,0.00634765625,0.0
57226865042,Zhang X.,1,0.00634765625,0.0
38762090900,Solnes L.,1,0.0029296875,0.0
57463846300,Debs P.,1,0.0029296875,0.0
55855870800,Zi W.,1,0.00634765625,0.0
57211778733,Li F.,1,0.00634765625,0.0
57188027200,Rahmani F.,1,0.0068359375,0.0
7202453402,Parsons M.W.,1,0.00537109375,0.0
56287884800,Ge Z.,1,0.00537109375,0.0
56127229800,Li Y.,1,0.00341796875,0.0
59393228100,Wang M.,1,0.00341796875,0.0
26635190600,Gule-Monroe M.K.,1,0.00341796875,0.0
58995988800,Allaw S.,1,0.00439453125,0.0
57219161663,Khabaz K.,1,0.00439453125,0.0
57771218900,Given T.C.,1,0.00439453125,0.0
57222029699,Nakamura Y.,1,0.00244140625,0.0
35423846300,Hanaoka S.,1,0.00244140625,0.0
57221261269,Mori H.,1,0.00244140625,0.0
7402718288,Yoshikawa T.,1,0.00244140625,0.0
58140311800,Sun J.,1,0.00537109375,0.0
57219690133,Perry J.,1,0.00439453125,0.0
57965348000,Lee J.H.,1,0.005859375,0.0
7401536289,Luo G.,1,0.00439453125,0.0
57226459090,Lane N.E.,1,0.00439453125,0.0
57201661533,Jabal M.S.,1,0.0029296875,0.0
57479333100,Mohammed M.A.,1,0.0029296875,0.0
56311377100,Nesvick C.L.,1,0.0029296875,0.0
57395222000,Kobeissi H.,1,0.0029296875,0.0
57860713600,Chung J.,1,0.01171875,0.0
7402425388,Jeong S.-W.,1,0.01171875,0.0
57205148053,Gwak D.-S.,1,0.01171875,0.0
23667663000,Kim J.-T.,1,0.01171875,0.0
58483938000,Chang B.C.,1,0.00439453125,0.0
58484350700,Renslo J.,1,0.00439453125,0.0
57216841101,Dong Q.,1,0.00439453125,0.0
7401781891,Johnston S.K.,1,0.00439453125,0.0
57226467035,Zou H.,1,0.00390625,0.0
7005723263,Haynor D.R.,1,0.00439453125,0.0
37064316500,Dobrocky T.,1,0.00634765625,0.0
15068480300,Kong L.,1,0.00341796875,0.0
7404723813,Li R.,1,0.00341796875,0.0
55770777800,Huang X.,1,0.00341796875,0.0
57211077594,Wang W.,1,0.0029296875,0.0
59966293400,Montas D.,1,0.00439453125,0.0
57205730668,Alcazar-Felix R.J.,1,0.00439453125,0.0
56715884000,Srinath A.,1,0.00439453125,0.0
16031366700,Kass-Hout T.,1,0.00439453125,0.0
7102900261,Carroll T.J.,1,0.00439453125,0.0
57188554482,Hani L.,1,0.00634765625,0.0
57191473705,Goldberg J.,1,0.00634765625,0.0
60440524400,Darbandi A.,1,0.00341796875,0.0
57191537126,Tu L.,1,0.00341796875,0.0
56190430100,Yang Q.,1,0.00537109375,0.0
60440507500,de Jesus Morales C.,1,0.00341796875,0.0
60596126000,Chen M.,1,0.00341796875,0.0
57193994834,Baik S.H.,1,0.00390625,0.0
57197766519,Cho S.J.,1,0.00390625,0.0
49461420500,Jang J.,1,0.00390625,0.0
56909122200,Johnson J.M.,1,0.00341796875,0.0
59409211000,Yang H.,1,0.00537109375,0.0
55353775500,George Y.,1,0.00537109375,0.0
57224668749,Mehta D.,1,0.00537109375,0.0
56155778300,Lin L.,1,0.00537109375,0.0
57201937407,Chen C.,1,0.00537109375,0.0
60564086200,Yang D.,1,0.00537109375,0.0
58836715500,Wang E.,1,0.00341796875,0.0
60564067500,Lau K.F.,1,0.00537109375,0.0
25935758500,Bain C.,1,0.00537109375,0.0
55879434600,Ballester L.Y.,1,0.00341796875,0.0
7006097603,Bartels L.,1,0.001953125,0.0
7004240836,Regli L.,1,0.001953125,0.0
15021471200,van Doormaal T.,1,0.001953125,0.0
56677858100,Navarro-Ballester A.,1,0.0,0.0
59406766000,Dowers T.,1,0.00048828125,0.0
59172078100,Bertalan G.,1,0.00341796875,0.0
58630168600,Von Dehn F.D.,1,0.00341796875,0.0
7404490852,Park M.S.,1,0.01171875,0.0
7103223963,Bae H.-J.,1,0.01171875,0.0
35078809200,Kim D.-E.,1,0.01171875,0.0
37085341200,Jagtap J.M.,1,0.0029296875,0.0
57214304083,Singh Y.,1,0.0029296875,0.0
57204394712,Khosravi B.,1,0.0029296875,0.0
57222197752,Cai J.,1,0.0029296875,0.0
57329546700,Warman P.,1,0.00390625,0.0
24492191600,Oh M.S.,1,0.01171875,0.0
57218256652,Lee S.J.,1,0.01171875,0.0
7202455743,Cha J.-K.,1,0.01171875,0.0
57205425223,Kim D.-H.,1,0.01171875,0.0
55894819500,Lee J.,1,0.01171875,0.0
59736482500,Su H.,1,0.00244140625,0.0
59736242200,Jingli W.,1,0.00244140625,0.0
24781673700,Chunhong H.,1,0.00244140625,0.0
57314907600,Wei Y.,1,0.0029296875,0.0
57221661427,Mei J.,1,0.00048828125,0.0
59731510800,Lee H.B.,1,0.00341796875,0.0
59731510900,Shin D.-J.,1,0.00341796875,0.0
57219194453,Yoo H.,1,0.00341796875,0.0
58760880000,Minda L.,1,0.00244140625,0.0
58760925800,Hongmei G.,1,0.00244140625,0.0
36899097500,Gunter J.L.,1,0.0029296875,0.0
59657006600,Mazurowski M.A.,1,0.00390625,0.0
55295682200,Calabrese E.,1,0.00390625,0.0
7006612269,Jarvik J.G.,1,0.00439453125,0.0
56245794300,Kim H.,1,0.01171875,0.0
7004968337,Ryu W.-S.,1,0.01171875,0.0
58145627100,Park J.,1,0.01171875,0.0
55567339700,Kim T.,1,0.00390625,0.0
36444944200,Lee K.J.,1,0.00390625,0.0
6602240944,Forghani R.,1,0.0,0.0
57216296461,Kikuchi T.,1,0.00244140625,0.0
57195419390,Nakao T.,1,0.00244140625,0.0
58313638000,LaBella D.,1,0.00390625,0.0
57762164900,Zhang D.,1,0.00390625,0.0
57192643723,Houk J.L.,1,0.00390625,0.0
58895811200,de Boer M.,1,0.001953125,0.0
8550556400,Song Q.,1,0.00537109375,0.0
58369933200,Zhang S.,1,0.00537109375,0.0
59514854800,Zhong M.,1,0.00537109375,0.0
59515052800,Shenliu H.,1,0.00537109375,0.0
57202031288,Wang N.,1,0.00537109375,0.0
57986589600,Hu S.,1,0.00537109375,0.0
58259687900,Lu X.,1,0.00537109375,0.0
55798702200,Lin L.,1,0.00537109375,0.0
54886907000,Hortobagyi T.,1,0.00341796875,0.0
55959803700,Bink A.,1,0.00341796875,0.0
24438045100,Le Rhun E.,1,0.00341796875,0.0
57221260805,Zhang H.,1,0.00537109375,0.0
59515243900,Zhao Y.,1,0.00537109375,0.0
56587011600,Yang C.,1,0.00537109375,0.0
17433805800,Feng H.,1,0.00537109375,0.0
57613468200,Lee K.H.,1,0.00341796875,0.0
6602813052,Cover K.S.,1,0.0029296875,0.0
6506499076,Vrenken H.,1,0.0029296875,0.0
37030647000,Colby J.B.,1,0.0,0.0
58083594900,Li L.,1,0.00439453125,0.0
59588468100,Pan X.,1,0.00439453125,0.0
58979758300,Wen Y.,1,0.00439453125,0.0
57276901700,Zhang J.,1,0.00341796875,0.0
58035323600,Zhang X.,1,0.00341796875,0.0
59393092600,Sun S.,1,0.00341796875,0.0
59392957100,Tan Y.,1,0.00341796875,0.0
58261544600,Liu G.,1,0.00341796875,0.0
57204216675,Bushnaq S.,1,0.005859375,0.0
22034299200,Hassan A.E.,1,0.005859375,0.0
56940722700,Delora A.,1,0.005859375,0.0
56536459800,Jesse C.M.,1,0.00634765625,0.0
55962604800,Bangiyev L.,1,0.00341796875,0.0
55221218400,Prasanna P.,1,0.00341796875,0.0
58979908300,Wang M.,1,0.00439453125,0.0
58980347400,Ma Y.,1,0.00439453125,0.0
57224144532,Walston S.L.,1,0.001953125,0.0
25030359800,Hurley M.C.,1,0.00439453125,0.0
57063128000,Polster S.P.,1,0.00439453125,0.0
58112543500,Fang Q.,1,0.00244140625,0.0
59950424700,Yang Q.,1,0.00244140625,0.0
18436092400,Arnold C.W.,1,0.0029296875,0.0
58813901500,Wang Y.,1,0.00244140625,0.0
56581370800,Collins H.R.,1,0.00439453125,0.0
59969946600,Wells H.,1,0.00439453125,0.0
57197774672,Wang B.,1,0.00244140625,0.0
59950424800,Wen B.,1,0.00244140625,0.0
58980205100,Vishala Bernard V.,1,0.00341796875,0.0
57966733800,Ali Z.,1,0.005859375,0.0
59220706400,Anwoju T.,1,0.005859375,0.0
57184124500,Kirschke J.S.,1,0.00390625,0.0
7005721046,Hemmer B.,1,0.00390625,0.0
14070737100,Muhlau M.,1,0.00390625,0.0
7102861407,Zimmer C.,1,0.00390625,0.0
40462696100,Wiestler B.,1,0.00390625,0.0
8435423600,Chien A.,1,0.0029296875,0.0
57886833900,Tang H.,1,0.0029296875,0.0
57223045882,Park S.E.,1,0.00341796875,0.0
58933938500,Krishnan A.,1,0.0029296875,0.0
55551065300,Gadde J.A.,1,0.0029296875,0.0
56829425900,Colasurdo M.,1,0.0009765625,0.0
57856465000,Chen H.,1,0.0009765625,0.0
6603788231,Van Schijndel R.A.,1,0.0029296875,0.0
24502911300,Chang K.-W.,1,0.0029296875,0.0
57204466260,Peng N.,1,0.0029296875,0.0
6701718722,Berthele A.,1,0.00390625,0.0
36537570500,Meijerman A.,1,0.0029296875,0.0
36185134900,Amiri H.,1,0.0029296875,0.0
55653016200,Steenwijk M.D.,1,0.0029296875,0.0
22035150600,Heinecke A.,1,0.001953125,0.0
56090148500,Gates T.M.,1,0.001953125,0.0
37054545600,Moffat K.J.,1,0.001953125,0.0
7007185580,Brew B.J.,1,0.001953125,0.0
57338520500,Davis M.A.,1,0.00244140625,0.0
56365706100,Ma L.,1,0.00341796875,0.0
26531606500,Paldino M.J.,1,0.001953125,0.0
56681121600,Golriz F.,1,0.001953125,0.0
7006508852,Jonker M.A.,1,0.0029296875,0.0
57192879106,Jagessar B.,1,0.0029296875,0.0
57188690198,Zhao Y.,1,0.0029296875,0.0
57226013048,Diao Y.,1,0.00244140625,0.0
57571338900,Xie H.,1,0.00244140625,0.0
56591041400,Jiang S.,1,0.00439453125,0.0
55975863700,Zhao B.,1,0.00244140625,0.0
46261657400,Yang A.,1,0.00244140625,0.0
8558508400,Zhang J.,1,0.00244140625,0.0
57209693129,Zhang H.,1,0.0029296875,0.0
57195351964,Polson J.S.,1,0.0029296875,0.0
55496689300,Rao N.M.,1,0.0029296875,0.0
36870001000,Speier W.F.,1,0.0029296875,0.0
56271932900,Chapieski M.L.,1,0.001953125,0.0
57189532089,Zhang W.,1,0.001953125,0.0
54950963500,Chu Z.D.,1,0.001953125,0.0
16041056800,Xu G.,1,0.00244140625,0.0
55944635100,Caligiuri M.E.,1,0.00341796875,0.0
7005767825,Cherubini A.,1,0.00341796875,0.0
23569706900,Morelli M.,1,0.00341796875,0.0
23569887800,Novellino F.,1,0.00341796875,0.0
6505785813,Arabia G.,1,0.00341796875,0.0
25628760400,Salsone M.,1,0.00341796875,0.0
7102299459,Quattrone A.,1,0.00341796875,0.0
57195341604,Du G.,1,0.00341796875,0.0
56322850100,Lewis M.M.,1,0.00341796875,0.0
7004641268,Kanekar S.,1,0.00341796875,0.0
55773321200,Sterling N.W.,1,0.00341796875,0.0
57190884858,He L.,1,0.00341796875,0.0
57188852628,Rossel J.-B.,1,0.00634765625,0.0
57197657840,Wolf K.,1,0.00634765625,0.0
56420152500,Beck J.,1,0.00634765625,0.0
59574959800,Nicoletti G.,1,0.00341796875,0.0
55964240300,He J.,1,0.00244140625,0.0
58917851000,Khalil Z.M.,1,0.005859375,0.0
56624949800,Ezzeldin M.,1,0.005859375,0.0
57219745569,Chamberlin J.H.,1,0.00439453125,0.0
58176831500,Ye E.,1,0.00439453125,0.0
54791908900,Chetta J.A.,1,0.00439453125,0.0
36776203400,Matheus M.G.,1,0.00439453125,0.0
54407584400,Stalcup S.T.,1,0.00439453125,0.0
7404253182,Roberts D.R.,1,0.00439453125,0.0
57536309500,Cai B.,1,0.00439453125,0.0
35585071300,Spampinato M.V.,1,0.00439453125,0.0
32767456700,Johnson M.H.,1,0.00244140625,0.0
37018630900,Quigley E.,1,0.00244140625,0.0
57195295451,Payne D.L.,1,0.00341796875,0.0
57405530900,Xu X.,1,0.00341796875,0.0
59326596400,Du Y.-F.,1,0.0029296875,0.0
58979317600,John K.,1,0.00341796875,0.0
58979317700,Ferra Pradas K.,1,0.00341796875,0.0
56650723700,Dennis W.,1,0.00439453125,0.0
57208160510,Peng A.-J.,1,0.0029296875,0.0
57104387600,Qu H.,1,0.0029296875,0.0
58887658600,Lim H.,1,0.00390625,0.0
57204855272,Choi D.,1,0.00390625,0.0
55570169000,Sunwoo L.,1,0.00390625,0.0
57879067900,Jung J.H.,1,0.00390625,0.0
59215285300,Ban Q.-Q.,1,0.0029296875,0.0
58003366900,Zhang H.-T.,1,0.0029296875,0.0
57056465700,Tatekawa H.,1,0.001953125,0.0
57195425337,Takita H.,1,0.001953125,0.0
7201658840,Miki Y.,1,0.001953125,0.0
57204882386,Ueda D.,1,0.001953125,0.0
56878763600,Faraji F.,1,0.00341796875,0.0
57216079473,Bhandari A.P.,1,0.001953125,0.0
57222019735,Haerian H.,1,0.0068359375,0.0
8832645000,Cereda C.W.,1,0.0068359375,0.0
22942694900,Venkatasubramanian C.,1,0.0068359375,0.0
6505730968,Dehkharghani S.,1,0.0068359375,0.0
55891786400,Carbonera L.A.,1,0.0068359375,0.0
8203505200,Wiener J.,1,0.0068359375,0.0
37023282300,Lasocki A.,1,0.001953125,0.0
57222012550,Coelho H.,1,0.0068359375,0.0
15046949300,Starosolski Z.,1,0.00244140625,0.0
7003403528,Silbert L.,1,0.00390625,0.0
8309110200,Nagel B.J.,1,0.00390625,0.0
7005402183,Hanel R.,1,0.0068359375,0.0
57222033578,Kwok K.,1,0.0068359375,0.0
24399067500,Joyeux L.,1,0.00732421875,0.0
57191573558,Jingxuan J.,1,0.00244140625,0.0
23482221400,Munoz J.L.,1,0.00732421875,0.0
23984211300,Bouts M.J.R.J.,1,0.0078125,0.0
57203692830,Mcintosh E.C.,1,0.0078125,0.0
57472091800,Diwan I.,1,0.0078125,0.0
39862942700,Garg P.,1,0.0078125,0.0
15724336700,Chutinet A.,1,0.0078125,0.0
58343531300,Whitehead W.E.,1,0.00732421875,0.0
55397696300,McClugage S.,1,0.00732421875,0.0
57209623589,Martinez M.,1,0.00732421875,0.0
7202781432,Singhal A.B.,1,0.0078125,0.0
57190428353,Kamnitsas K.,1,0.0078125,0.0
23396784900,Glocker B.,1,0.0078125,0.0
7202205783,Sorensen A.G.,1,0.0078125,0.0
56372381000,Damodaran N.,1,0.0,0.0
56613478800,Winzeck S.,1,0.0078125,0.0
56974512400,Corroenne R.,1,0.00732421875,0.0
16680209500,Cortes M.S.,1,0.00732421875,0.0
60596323300,Chen K.S.,1,0.00732421875,0.0
57218675094,Hahn M.,1,0.00439453125,0.0
7006445754,Villablanca J.P.,1,0.00439453125,0.0
60285050700,Chen X.,1,0.00341796875,0.0
57640075200,Peng J.,1,0.00341796875,0.0
59276593800,Zhang Z.,1,0.00341796875,0.0
57209734768,Song Q.,1,0.00341796875,0.0
59831486400,Li D.,1,0.00341796875,0.0
60285094900,Zhai G.,1,0.00341796875,0.0
56524088300,Othman A.E.,1,0.00439453125,0.0
57193356344,Shu Z.,1,0.00341796875,0.0
58185110700,Steinmetz S.,1,0.00439453125,0.0
57396947400,Abello Mercado M.A.,1,0.00439453125,0.0
57338712000,Frenzel M.,1,0.00439453125,0.0
6603922940,Annapragada A.,1,0.00244140625,0.0
55830605100,Kaziny B.,1,0.00244140625,0.0
56822162500,Dunn J.,1,0.00244140625,0.0
56258992900,Admane P.,1,0.00244140625,0.0
54893164200,Aghaebrahim A.,1,0.0068359375,0.0
56986216000,Granja M.,1,0.0068359375,0.0
25936429000,Lima F.O.,1,0.0068359375,0.0
7003454067,Brockmann M.A.,1,0.00439453125,0.0
57275325800,Sanner A.,1,0.00439453125,0.0
12042341600,He S.,1,0.00390625,0.0
21433923100,Wells W.M.,1,0.00390625,0.0
55809639200,Luo J.,1,0.00390625,0.0
57188693719,Wang D.,1,0.00390625,0.0
57203243497,Feng C.,1,0.00390625,0.0
57338100900,Li Y.,1,0.00390625,0.0
57206477054,Haioun K.,1,0.00439453125,0.0
22734070800,Kronfeld A.,1,0.00439453125,0.0
51566133300,Uphaus T.,1,0.00439453125,0.0
57222617263,Brancaleoni L.,1,0.0048828125,0.0
57211462409,Giacomozzi S.,1,0.0048828125,0.0
55712619800,Luo Y.,1,0.0048828125,0.0
35766614200,Lotan E.,2,0.00341796875,0.0
58490006200,Sadagopan N.S.,1,0.00244140625,0.0
59498693700,Jain R.,1,0.00244140625,0.0
23994247700,Magill S.T.,1,0.00244140625,0.0
57221609665,Wang H.,1,0.0048828125,0.0
7006075780,Krings T.,1,0.00732421875,0.0
60434367200,Kan P.,1,0.00732421875,0.0
57210742617,Weiner H.L.,1,0.00732421875,0.0
35420266500,Hollier L.H.,1,0.00732421875,0.0
57192911520,Sutton C.D.,1,0.00732421875,0.0
57488335000,Murphy J.,1,0.0048828125,0.0
60174311700,Nascimento J.S.P.D.,1,0.0048828125,0.0
56809484900,Mocking S.J.T.,1,0.0078125,0.0
56369237400,Alizadeh M.,1,0.00390625,0.0
7005137829,Faro S.H.,1,0.00390625,0.0
60129408300,Wang Z.,1,0.00390625,0.0
7103187924,Mohamed F.B.,1,0.00390625,0.0
36136435000,Beaman C.B.,1,0.00146484375,0.0
56090230400,Kaneko N.,1,0.00146484375,0.0
7102316370,Meyers P.M.,1,0.00146484375,0.0
6602501894,Tateshima S.,1,0.00146484375,0.0
56513768800,Rezende T.J.R.,1,0.00244140625,0.0
57190224852,Burkett B.J.,1,0.0048828125,0.0
7006947433,Fagan A.J.,1,0.0048828125,0.0
59024465700,Kirby K.M.,1,0.0048828125,0.0
57192166677,Ahmed Z.,1,0.0048828125,0.0
7103117272,Brinkmann B.H.,1,0.0048828125,0.0
6603545781,Blezek D.J.,1,0.0048828125,0.0
57879430100,Zini A.,1,0.0048828125,0.0
57209591823,Bezerra R.,1,0.0078125,0.0
34970751400,Battapady H.,1,0.00439453125,0.0
37115121500,Dolui S.,1,0.00439453125,0.0
7006351633,Detre J.A.,1,0.00439453125,0.0
7006392362,Launer L.J.,1,0.00439453125,0.0
57200715827,Jacobs D.R.,1,0.00439453125,0.0
6601961136,Kimberly W.T.,1,0.0078125,0.0
6602647399,Copen W.A.,1,0.0078125,0.0
57215919562,Ay H.,1,0.0078125,0.0
57210916698,Liong R.,1,0.001953125,0.0
57217086943,Koppen J.,1,0.001953125,0.0
57223249334,Murthy S.V.,1,0.001953125,0.0
57191831464,McCoy D.B.,1,0.0078125,0.0
57192544218,Dupont S.M.,1,0.0078125,0.0
6602351693,Nasrallah I.M.,1,0.00439453125,0.0
7006611436,Nayak K.S.,1,0.001953125,0.0
8690114300,Hwang D.,1,0.001953125,0.0
8763733800,Shiroishi M.S.,1,0.001953125,0.0
55221733300,Acharya J.,1,0.001953125,0.0
57191158280,Gutta S.,1,0.001953125,0.0
57203915941,Hutch M.,1,0.0048828125,0.0
57639476800,Houskamp E.,1,0.0048828125,0.0
59475798800,Schwirtlich T.,1,0.0048828125,0.0
56268995100,Hsieh M.-K.,1,0.00439453125,0.0
36112753100,Borggrefe J.,1,0.00634765625,0.0
56277787400,Grau S.,1,0.00634765625,0.0
53881506500,Kabbasch C.,1,0.00634765625,0.0
8578734900,Perkuhn M.,1,0.00634765625,0.0
56910241800,Furtjes G.,1,0.00634765625,0.0
57614880300,Alverne F.M.,1,0.0068359375,0.0
57208723285,Copeland K.,1,0.0068359375,0.0
8556756900,Erus G.,1,0.00439453125,0.0
57193499176,Laukamp K.R.,1,0.00634765625,0.0
55279937600,Cho Y.-J.,1,0.01171875,0.0
26657085200,Baladandayuthapani V.,2,0.00439453125,0.0
6603744550,Cauley K.A.,2,0.0009765625,0.0
57203683429,Hu Y.,2,0.0009765625,0.0
24334531200,Fielden S.W.,2,0.0009765625,0.0
57482329300,Lovblad K.-O.,2,0.0029296875,0.0
55887913500,Lin J.S.,2,0.00439453125,0.0
7005310126,Davatzikos C.,1,0.00439453125,0.0
56679449600,Bryan R.N.,1,0.00439453125,0.0
57454097800,Marioni S.S.,1,0.00341796875,0.0
57725157400,Niktabe A.,1,0.00341796875,0.0
57219299134,Abdelkhaleq R.,1,0.00341796875,0.0
13403148800,Sheth S.A.,1,0.00341796875,0.0
26321487500,Giancardo L.,1,0.00341796875,0.0
55157120600,Hamilton J.,2,0.00439453125,0.0
7102893402,Belfort M.A.,1,0.00732421875,0.0
7202991518,Fuller G.N.,2,0.00439453125,0.0
35587354600,Nourzadeh H.,1,0.00341796875,0.0
57200938112,Batchala P.P.,1,0.00341796875,0.0
7005405305,Schiff D.,1,0.00341796875,0.0
35479962200,Lopes M.B.,1,0.00341796875,0.0
6505913931,Druzgal J.T.,1,0.00341796875,0.0
57222654111,Jeevarajan J.A.,1,0.00341796875,0.0
60224856000,Dong Y.,1,0.00341796875,0.0
57226075886,Ballekere A.,1,0.00341796875,0.0
57557156100,Zhang J.,1,0.00390625,0.0
7202708166,Weller M.,1,0.00341796875,0.0
6602643390,Kulcsar Z.,1,0.00341796875,0.0
35086839600,Smeets D.,1,0.0,0.0
7005377593,Bui A.,1,0.00439453125,0.0
55577279300,MacYszyn L.,1,0.00439453125,0.0
7004106796,Hazle J.D.,2,0.00439453125,0.0
59731330800,Koo S.J.,1,0.00341796875,0.0
6602815679,Yoo R.-E.,1,0.00341796875,0.0
55897879400,Piechowiak E.I.,1,0.00634765625,0.0
60440572800,Pisi F.,1,0.00634765625,0.0
58692857400,Petutschnigg T.,1,0.00634765625,0.0
8409278100,Gralla J.,1,0.00634765625,0.0
54403165200,Kaesmacher J.,1,0.00634765625,0.0
48261405900,Schar R.T.,1,0.00634765625,0.0
7004645662,Raabe A.,1,0.00634765625,0.0
57211689658,Colombo E.,1,0.001953125,0.0
60373874700,Dawood L.,1,0.00146484375,0.0
60218073300,Elshikh M.,1,0.00146484375,0.0
57223163017,Barbuti E.,1,0.00439453125,0.0
56785222700,Conti A.,1,0.00439453125,0.0
56056542600,Treaba C.A.,1,0.00439453125,0.0
7402222818,Kang K.,1,0.01171875,0.0
8407334400,Park J.-M.,1,0.01171875,0.0
7401801992,Park T.H.,1,0.01171875,0.0
55737448000,Lee K.B.,1,0.01171875,0.0
7402515553,Hong K.-S.,1,0.01171875,0.0
7103208372,Pollock B.E.,1,0.0029296875,0.0
55322750700,Graffeo C.S.,1,0.0029296875,0.0
60373905200,Young P.,1,0.00146484375,0.0
57222279314,Miscioscia A.,1,0.00439453125,0.0
6602755770,Mainero C.,1,0.00439453125,0.0
6602297547,Toschi N.,1,0.00439453125,0.0
57200747538,Klawiter E.C.,1,0.00439453125,0.0
7004896669,Sloane J.A.,1,0.00439453125,0.0
8858398400,Yu K.-H.,1,0.01171875,0.0
57201966362,Lee B.-C.,1,0.01171875,0.0
24483318500,Herranz E.,1,0.00439453125,0.0
37024098700,Barletta V.T.,1,0.00439453125,0.0
60373865300,Garcia G.M.,1,0.00146484375,0.0
6603071657,Roys S.,1,0.00390625,0.0
7005680694,Maier F.,1,0.00390625,0.0
26645747400,Bhat H.,1,0.00390625,0.0
35597433400,Melhem E.R.,1,0.00390625,0.0
6602085456,Gullapalli R.,1,0.00390625,0.0
57209843840,Liu H.,1,0.00390625,0.0
57209843198,Wu Z.,1,0.00390625,0.0
14424258200,Piantino J.,1,0.00390625,0.0
15069180300,Boespflug E.L.,1,0.00390625,0.0
56431982000,Schwartz D.L.,1,0.00390625,0.0
57211939727,Luther M.,1,0.00390625,0.0
55111495300,Morales A.M.,1,0.00390625,0.0
57192665731,Lin A.,1,0.00390625,0.0
57219912513,Fossen R.V.,1,0.00390625,0.0
56517597800,Su P.,1,0.00390625,0.0
55233694100,Aliotta E.,1,0.00341796875,0.0
60285110200,Fu W.,1,0.00341796875,0.0
6701694895,De Ville D.V.,1,0.0029296875,0.0
15842419100,Vulliemoz S.,1,0.0029296875,0.0
6701429799,Gasche Y.,1,0.0029296875,0.0
55830496500,Hofmeister J.,1,0.0029296875,0.0
24402142300,Pugin D.,1,0.0029296875,0.0
24390620000,Andre J.B.,1,0.00244140625,0.0
9736309600,Haller S.,1,0.0029296875,0.0
55892057300,Brosch T.,1,0.00244140625,0.0
12242496200,Zhuo J.,1,0.00390625,0.0
55813764500,Deshpande A.,1,0.001953125,0.0
16180724900,Luby M.,1,0.001953125,0.0
7003471668,Latour L.,1,0.001953125,0.0
9844131300,Tahsili-Fahadan P.,1,0.001953125,0.0
34877202000,Laksari K.,1,0.001953125,0.0
7005301714,Altman C.A.,1,0.00732421875,0.0
57189218857,Hall C.,1,0.00244140625,0.0
55519907800,D'Anna G.,1,0.001953125,0.0
57191749125,McCarty J.,1,0.001953125,0.0
6507672522,Kotsenas A.L.,1,0.001953125,0.0
57199411100,Ernst L.,1,0.00439453125,0.0
57102788800,David B.,1,0.00439453125,0.0
57212368675,Gaubatz J.,1,0.00439453125,0.0
57193502430,Sommer K.,1,0.00244140625,0.0
56018619400,Saalbach A.,1,0.00244140625,0.0
7401943769,Becker A.J.,1,0.00439453125,0.0
57196828749,Weber B.,1,0.00439453125,0.0
6505923786,Hattingen E.,1,0.00439453125,0.0
55945760400,Elger C.E.,1,0.00439453125,0.0
35932629300,Ruber T.,1,0.00439453125,0.0
57213351717,Han W.,1,0.00390625,0.0
56122635100,Mukherjee S.,1,0.00341796875,0.0
57200526376,Guo S.,1,0.00390625,0.0
55697397000,Bay C.,1,0.00390625,0.0
57104272600,Qin L.,1,0.00390625,0.0
57194460219,Babayan D.,1,0.00439453125,0.0
54408049200,Attiah M.,1,0.00439453125,0.0
57194474330,Ahn C.,1,0.00439453125,0.0
37460973900,Beckett J.,1,0.00439453125,0.0
57194467543,Villaroman D.,1,0.00439453125,0.0
7403902583,Patel S.H.,1,0.00341796875,0.0
6603235670,Luchters G.,1,0.00439453125,0.0
57212368837,Dominguez-Narciso I.,1,0.00439453125,0.0
7402900506,Young G.,1,0.00390625,0.0
7405293993,Xu X.,1,0.00390625,0.0
57200419906,Li A.,1,0.00390625,0.0
56912441800,Miskin N.,1,0.00390625,0.0
46961582400,Yu K.-H.,1,0.00390625,0.0
57109667500,Chen X.,1,0.00390625,0.0
36350633000,Gaonkar B.,1,0.00439453125,0.0
35354032000,Aoki S.,1,0.00732421875,0.0
57192913540,Sreekumari A.,1,0.005859375,0.0
55779153600,Shanbhag D.,1,0.005859375,0.0
8420469700,Yeo D.,1,0.005859375,0.0
60089567600,Pawlus K.,1,0.00341796875,0.0
57217092204,Zhang B.,1,0.00341796875,0.0
57205661904,Dogra S.,1,0.00341796875,0.0
57430293700,Wang W.D.,1,0.00341796875,0.0
60372014900,Gianani F.,1,0.005859375,0.0
57454256600,Rizzuti M.,1,0.005859375,0.0
55566705200,Briganti G.,1,0.005859375,0.0
59477052600,Minieri A.,1,0.005859375,0.0
57203646198,Limperopoulos C.,1,0.00537109375,0.0
57200383627,Akrami H.,1,0.00244140625,0.0
35512445400,Leahy R.M.,1,0.00244140625,0.0
55102881700,Krisa L.,1,0.00390625,0.0
7402334623,Kim P.E.,1,0.00244140625,0.0
7003880650,Heck C.N.,1,0.00244140625,0.0
57200984790,Bera K.,1,0.00390625,0.0
57200990440,Correa R.,1,0.00390625,0.0
57219858957,Nicholas P.,1,0.0029296875,0.0
57488912100,Henkin A.,1,0.0029296875,0.0
57488889000,Sin B.,1,0.0029296875,0.0
57488889100,Dyer K.,1,0.0029296875,0.0
7801558698,Sughrue M.E.,1,0.0029296875,0.0
57219845539,Doyen S.,1,0.0029296875,0.0
6508215971,Rettmann D.W.,1,0.00390625,0.0
7403586314,Meyer C.,1,0.00537109375,0.0
57189985400,Ashkezari S.F.S.,1,0.00244140625,0.0
36069300200,Mut F.,1,0.00244140625,0.0
26032372200,Slawski M.,1,0.00244140625,0.0
6603132646,Irimia A.,1,0.00244140625,0.0
52363722000,Kaethner C.,1,0.0029296875,0.0
6603428610,Kowarschik M.,1,0.0029296875,0.0
24483215300,Doerfler A.,1,0.0029296875,0.0
57215694204,Quistorff J.,1,0.00537109375,0.0
57217777210,Lopez C.,1,0.00537109375,0.0
7006925151,Kiefe C.I.,1,0.0029296875,0.0
7401477784,Rosen M.P.,1,0.0029296875,0.0
55730107500,Thompson J.A.,1,0.00390625,0.0
6506234869,Ojemann S.G.,1,0.00390625,0.0
36454940100,Kramer D.R.,1,0.00390625,0.0
57193310800,Samara A.,1,0.00146484375,0.0
58607283000,Li Z.,1,0.00146484375,0.0
13605447000,Hershey T.,1,0.00146484375,0.0
57203411257,Chougar L.,1,0.00732421875,0.0
57211235361,Wada A.,1,0.00732421875,0.0
7006045676,Briganti F.,1,0.005859375,0.0
7003795223,Manganelli F.,1,0.005859375,0.0
59007669800,Sarnataro A.,1,0.005859375,0.0
60371825700,Pappalardo S.,1,0.005859375,0.0
57192556518,Maekawa T.,1,0.00732421875,0.0
56113366500,Koshino S.,1,0.00732421875,0.0
56779715300,Irie R.,1,0.00732421875,0.0
57070787500,Kamagata K.,1,0.00732421875,0.0
57193166107,Takemura M.Y.,1,0.00732421875,0.0
6701689599,Polzin J.,1,0.005859375,0.0
6603590790,Pilitsis J.,1,0.005859375,0.0
7006064556,Foo T.,1,0.005859375,0.0
57188584057,Otsuka Y.,1,0.00732421875,0.0
57188958448,Hagiwara A.,1,0.00732421875,0.0
57204664115,Sichtermann T.,1,0.00244140625,0.0
7003887908,Wiesmann M.,1,0.00244140625,0.0
7201655756,Hattori N.,1,0.00732421875,0.0
18837681800,Patil U.,1,0.005859375,0.0
7003856933,Bammer R.,2,0.00048828125,0.0
8890877600,Amukotuwa S.A.,1,0.00048828125,0.0
57214680095,Montoya J.C.,1,0.00146484375,0.0
57191417451,Leo P.,1,0.00390625,0.0
36899430900,Ahluwalia M.,1,0.00390625,0.0
6603019206,Madabhushi A.,1,0.00390625,0.0
23467860800,Tiwari P.,1,0.00390625,0.0
7404006948,Chung H.,1,0.005859375,0.0
57214728012,Seo H.,1,0.005859375,0.0
57220268949,Bambach S.,1,0.00048828125,0.0
56970415200,Ho M.-L.,1,0.00048828125,0.0
9045221600,Meyer B.C.,1,0.00439453125,0.0
55979106700,Schmeel F.C.,1,0.0029296875,0.0
6602823919,Vatter H.,1,0.0029296875,0.0
6603433108,Dorn F.,1,0.0029296875,0.0
7201478774,Jimenez C.M.,1,0.00244140625,0.0
56582817000,Park S.-H.,1,0.005859375,0.0
56510497300,Kim T.M.,1,0.005859375,0.0
56424318200,Park C.-K.,1,0.005859375,0.0
57215273419,Kim E.,1,0.00390625,0.0
57203506692,Yun T.J.,1,0.005859375,0.0
57205637605,Bykowski J.,1,0.00439453125,0.0
7801375689,Bolar D.S.,1,0.00439453125,0.0
36350332600,Radbruch A.,1,0.0029296875,0.0
54394204700,Santiago-Dieppa D.R.,1,0.00439453125,0.0
55955728500,Pannell J.S.,1,0.00439453125,0.0
58062608300,Paulson D.,1,0.00439453125,0.0
55321166200,Hwang I.,1,0.005859375,0.0
57204308836,Lee J.Y.,1,0.005859375,0.0
23103275100,Meyer D.M.,1,0.00439453125,0.0
57218298033,Figurelle M.E.,1,0.00439453125,0.0
36633050600,Paech D.,1,0.0029296875,0.0
57202094004,Khalessi A.A.,1,0.00439453125,0.0
7403044489,Robertson A.M.,1,0.00244140625,0.0
6701906865,Cebral J.R.,1,0.00244140625,0.0
8986944900,Joshi A.A.,1,0.00244140625,0.0
57222239521,Dadario N.B.,1,0.0029296875,0.0
57204845984,Hori M.,1,0.00732421875,0.0
41562346600,Tachibana Y.,1,0.00732421875,0.0
35312884600,Yokoyama K.,1,0.00732421875,0.0
57188961548,Andica C.,1,0.00732421875,0.0
58242356600,Ensle F.,1,0.00341796875,0.0
57214808296,Zecca F.,1,0.00341796875,0.0
58687632800,Kerber B.,1,0.00341796875,0.0
36172284000,Lohezic M.,1,0.00341796875,0.0
53979911700,Law N.,1,0.0009765625,0.0
56900103300,Smith M.L.,1,0.0009765625,0.0
57210202234,Widjaja E.,1,0.0009765625,0.0
35268956100,Khatua S.,1,0.001953125,0.0
15845224900,Colen R.R.,1,0.001953125,0.0
36486238100,Hein K.Z.,1,0.001953125,0.0
57193007689,Statsevych V.,1,0.00390625,0.0
57217427976,Verma R.,1,0.00390625,0.0
7402672788,Jordan J.E.,3,0.0029296875,0.0
57189713273,De Rubeis G.,1,0.00634765625,0.0
57202614626,Doraiswamy P.M.,1,0.00146484375,0.0
57203000253,Iorga M.,1,0.00244140625,0.0
57220161510,Liu A.J.,1,0.00146484375,0.0
7003708933,Petrella J.R.,1,0.00146484375,0.0
7407504757,Chen G.-H.,1,0.00146484375,0.0
55750641200,Li Y.,1,0.00146484375,0.0
57222864367,Ak M.,1,0.001953125,0.0
7006111995,Parrish T.B.,1,0.00244140625,0.0
7102711302,Katsaggelos A.K.,1,0.00244140625,0.0
7004158366,Drakopoulos M.,1,0.00244140625,0.0
60083958300,Wang L.A.,1,0.00146484375,0.0
57196558268,Branstetter B.F.,1,0.001953125,0.0
35395102700,Wiley C.A.,1,0.001953125,0.0
7103271015,Gupta T.,1,0.00048828125,0.0
56432566600,Southard R.N.,1,0.00244140625,0.0
6506928183,Bardo D.M.E.,1,0.00244140625,0.0
57222114128,Temkit M.H.,1,0.00244140625,0.0
57195619572,Thorkelson M.A.,1,0.00244140625,0.0
57428648600,Sadeghi-Adl Z.,1,0.00390625,0.0
59901590500,Naghizadehkashani S.,1,0.00390625,0.0
55259890400,Middleton D.,1,0.00390625,0.0
57188708054,Coblentz A.,1,0.005859375,0.0
37665148500,Kapadia A.,1,0.005859375,0.0
57205759838,Khinda J.,1,0.005859375,0.0
35448799200,Port J.,1,0.005859375,0.0
6602568486,Hancu I.,1,0.005859375,0.0
56390526200,Schmidt M.,1,0.0029296875,0.0
57202444656,Teichert N.,1,0.00244140625,0.0
54580803000,Freiherr J.,1,0.00244140625,0.0
56041027300,Lee P.,1,0.001953125,0.0
59319765700,Richardson R.M.,1,0.001953125,0.0
15043630800,Becske T.,1,0.0,0.0
55588005200,Burkholder D.B.,1,0.0048828125,0.0
6603504603,Krecke K.N.,1,0.0048828125,0.0
8971750100,Desjardins A.,1,0.00146484375,0.0
7005564366,Vredenburgh J.J.,1,0.00146484375,0.0
36494609000,Guggenberger R.,1,0.00341796875,0.0
6701793079,Stasolla A.,1,0.00634765625,0.0
60371537600,Piccioli C.,1,0.00634765625,0.0
57207828498,Federici M.,1,0.00634765625,0.0
16063046100,Cozzolino V.,1,0.00634765625,0.0
55991720500,Faron A.,1,0.00244140625,0.0
57197769863,Sijben R.,1,0.00244140625,0.0
57222512765,Ramalho L.P.,1,0.00244140625,0.0
8962997000,Franca M.C.,1,0.00244140625,0.0
35324372800,Han M.,1,0.0009765625,0.0
7003615775,Ha E.J.,1,0.0009765625,0.0
57191960254,Park J.H.,1,0.0009765625,0.0
56104872400,Servelhere K.R.,1,0.00244140625,0.0
55846257200,Casseb R.F.,1,0.00244140625,0.0
57191270368,de Lima F.D.,1,0.00244140625,0.0
57205469775,Pennig L.,1,0.00634765625,0.0
36351017300,Shahzad R.,1,0.00634765625,0.0
24473955700,Caldeira L.,1,0.00634765625,0.0
57195717073,Lennartz S.,1,0.00634765625,0.0
57197138262,Thiele F.,1,0.00634765625,0.0
57202376929,Goertz L.,1,0.00634765625,0.0
57200541451,Zopfs D.,1,0.00634765625,0.0
6508248579,Mettenburg J.M.,1,0.001953125,0.0
10039413600,Dhall S.,1,0.0078125,0.0
7006034887,Bresnahan J.C.,1,0.0078125,0.0
7006527690,Beattie M.S.,1,0.0078125,0.0
6508337921,Kyritsis N.,1,0.0078125,0.0
57208345720,Pascual L.,1,0.0078125,0.0
55753566400,Fan G.,1,0.00390625,0.0
57164714200,Martinot C.A.,1,0.00244140625,0.0
57223231108,Meissner A.-K.,1,0.00634765625,0.0
57199178208,Duong-Fernandez X.,1,0.0078125,0.0
57203233250,Ferguson A.,1,0.0078125,0.0
57208339334,Huie R.J.,1,0.0078125,0.0
24777793300,Cohen-Adad J.,1,0.0078125,0.0
59181631400,Gros C.,1,0.0078125,0.0
57125494400,Dasgupta A.,1,0.00048828125,0.0
56378886200,Talbott J.F.,1,0.0078125,0.0
8076779400,Whetstone W.,1,0.0078125,0.0
57195618391,Augustyn R.A.,1,0.00244140625,0.0
57039272000,Hoelter P.,1,0.0029296875,0.0
7004201650,van der Lugt A.,1,0.0009765625,0.0
57189898552,Voter A.F.,1,0.00146484375,0.0
56744044200,Larson M.E.,1,0.00146484375,0.0
7201538646,Garrett J.W.,1,0.00146484375,0.0
55618707800,Yu J.-P.J.,1,0.00146484375,0.0
57222344986,Khazanchi R.,1,0.00244140625,0.0
59226516600,Govind S.,1,0.00244140625,0.0
58030071900,Congivaram H.T.,1,0.00244140625,0.0
57193776343,Kim G.R.,1,0.00244140625,0.0
59109567500,Lee E.,1,0.00244140625,0.0
57217593446,Kim H.R.,1,0.00244140625,0.0
36629726900,Yoon J.H.,1,0.00244140625,0.0
55859436900,Park V.Y.,1,0.00244140625,0.0
23973230500,Oermann E.K.,1,0.00341796875,0.0
57205141011,Abdalla G.,1,0.00390625,0.0
57295175100,Zhou P.,1,0.0029296875,0.0
59868170300,Liu F.,1,0.0029296875,0.0
6603008994,Fatterpekar G.,1,0.00341796875,0.0
57430275600,Carbone D.,1,0.00341796875,0.0
22135244300,Litwiller D.V.,1,0.00390625,0.0
60085020300,Hu H.,1,0.00390625,0.0
56030785700,Satzer D.,1,0.00390625,0.0
56609516000,Zhao L.,1,0.00537109375,0.0
55736410200,Qing K.,1,0.00537109375,0.0
59622403000,Wu D.,1,0.00537109375,0.0
57211003774,Kroschke J.,1,0.00341796875,0.0
57936229600,Wen Y.,1,0.00341796875,0.0
57194771986,Largent A.,1,0.00537109375,0.0
55263126000,Kapse K.,1,0.00537109375,0.0
57213607774,Wu Y.,1,0.00537109375,0.0
57487988100,Asis-Cruz J.D.,1,0.00537109375,0.0
57216541700,Ryan M.V.,1,0.00390625,0.0
57211634839,Benenati M.,1,0.00390625,0.0
57201336181,Maynard J.A.,1,0.00390625,0.0
26027789900,Fallahi A.,1,0.00244140625,0.0
35094377800,Nazem-Zadeh M.-R.,1,0.00244140625,0.0
58169035500,Hoseini-Tabatabaei N.,1,0.00244140625,0.0
8944591600,Habibabadi J.M.,1,0.00244140625,0.0
57224821810,Abu Khalaf N.,1,0.00146484375,0.0
57211333158,Thomas L.H.,1,0.0078125,0.0
16507763500,Singh V.,1,0.0078125,0.0
16245523700,Narvid J.,1,0.0078125,0.0
57191925716,Fesharaki S.S.H.,1,0.00244140625,0.0
34573212500,Soltanian-Zadeh H.,1,0.00244140625,0.0
58682496300,Wu J.,1,0.00390625,0.0
25936898000,Thust S.C.,1,0.00390625,0.0
37099163900,Wastling S.J.,1,0.00390625,0.0
55332801400,Lang S.,1,0.0029296875,0.0
7202648908,Kwak J.Y.,1,0.00244140625,0.0
57193550334,Carrasco F.P.,1,0.00390625,0.0
7006643850,Brandner S.,1,0.00390625,0.0
57196081238,Wolff L.,1,0.0009765625,0.0
57211787353,Luijten S.P.R.,1,0.0009765625,0.0
57219408007,Kunst M.,1,0.00146484375,0.0
57219407467,Paul A.B.,1,0.00146484375,0.0
7102989379,Barkhof F.,1,0.00390625,0.0
36765097400,Small J.E.,1,0.00146484375,0.0
57194012026,Amornsiripanitch N.,1,0.0029296875,0.0
56615993700,Masciocchi M.J.,1,0.0029296875,0.0
57201973606,Baccei S.J.,1,0.0029296875,0.0
60084373800,Lee R.K.,1,0.00146484375,0.0
57204121768,Chu S.,1,0.00146484375,0.0
6603035139,Kagetsu N.J.,1,0.00146484375,0.0
57222346996,Kadom N.,2,0.00146484375,0.0
59994706300,Osler P.,1,0.00146484375,0.0
